tick_us,arm_id,record_kind,meta_seed,meta_iteration_id,j1_pos,j2_pos,j3_pos,j4_pos,j5_pos,j6_pos,j7_pos,j1_vel,j2_vel,j3_vel,j4_vel,j5_vel,j6_vel,j7_vel,j1_trq,j2_trq,j3_trq,j4_trq,j5_trq,j6_trq,j7_trq,ee_x,ee_y,ee_z,ee_qw,ee_qx,ee_qy,ee_qz,ee_fx,ee_fy,ee_fz,ee_tx,ee_ty,ee_tz,nav_dx,nav_dy,nav_dz,ttip_temp,irr_flow,suc_flow,co2_insuf,us_present,ala_uv,imri_active,estop_state,safety_zone,robot_state,heartbeat_ok,tick_align_flag
0,ARM_1,MIXED,20260510,run_00001,-0.0005,0.0,0.0,0.0033,0.0004,0.0014,0.001,0.2999,0.2989,0.3004,0.3005,0.2982,0.3007,0.3,0.2561,0.2584,0.2568,0.2581,0.2593,0.258,0.2573,99.95,-0.05,80.02,1.0,0.0,0.0,0.0,0.003,0.802,-0.005,-0.0005,0.0511,0.0016,0.03,0.023,0.06,36.0,0.0,0.0,0.0,0,0,0,0,OUTER,READY,1,1
0,ARM_2,MIXED,20260510,run_00001,0.1235,0.2385,0.3405,0.4218,0.4745,0.4989,0.4918,0.2898,0.2618,0.2185,0.1615,0.0943,0.021,-0.0523,0.327,0.3728,0.3974,0.3972,0.3702,0.322,0.2542,126.92,49.72,86.24,0.9922,0.1247,0.0,0.0,0.331,0.49,0.31,0.0126,0.0481,0.0024,-0.007,-0.073,0.006,36.01,30.0,0.0,0.0,0,0,0,0,OUTER,READY,1,1
0,ARM_3,MIXED,20260510,run_00001,0.2399,0.4199,0.4985,0.4538,0.3009,0.0677,-0.1752,0.2629,0.1616,0.023,-0.1247,-0.2393,-0.296,-0.2805,0.3727,0.3969,0.3242,0.1725,-0.0215,-0.2115,-0.3477,147.8,97.93,92.24,0.9689,0.2474,0.0,0.0,0.847,0.437,0.812,0.0235,0.044,0.0069,-0.106,-0.005,-0.024,35.97,30.0,25.0,0.0,0,0,0,0,OUTER,READY,1,1
0,ARM_4,MIXED,20260510,run_00001,0.3409,0.4978,0.39,0.0712,-0.2861,-0.4891,-0.43,0.2188,0.0213,-0.1863,-0.2974,-0.2455,-0.0647,0.1535,0.397,0.3227,0.0751,-0.2134,-0.387,-0.3519,-0.1318,163.12,143.2,98.26,0.9305,0.3663,0.0,0.0,0.696,0.044,0.756,0.0332,0.0347,0.01,0.074,0.048,-0.027,36.07,0.0,0.0,0.0,1,0,0,0,OUTER,READY,1,1
1000,ARM_1,MIXED,20260510,run_00001,-0.0009,-0.0016,0.0007,0.0002,0.001,0.0008,-0.0003,0.3002,0.2996,0.3031,0.2991,0.3016,0.3012,0.3008,0.2583,0.2568,0.2575,0.2581,0.2578,0.2558,0.257,100.07,-0.03,79.91,1.0,0.0,0.0,0.0,-0.003,0.798,0.008,-0.0003,0.0494,-0.0001,0.02,-0.026,-0.069,35.94,0.0,0.0,0.0,0,0,0,0,OUTER,READY,1,1
1000,ARM_2,MIXED,20260510,run_00001,0.1227,0.2399,0.3401,0.4204,0.474,0.4983,0.4932,0.2918,0.2611,0.2171,0.1623,0.0954,0.023,-0.0539,0.3256,0.3739,0.3982,0.3963,0.372,0.3236,0.2555,126.94,49.8,86.24,0.9922,0.1247,0.0,0.0,0.34,0.492,0.31,0.0133,0.0487,0.0022,0.038,0.044,0.023,36.01,30.0,0.0,0.0,0,0,0,0,OUTER,READY,1,1
1000,ARM_3,MIXED,20260510,run_00001,0.2401,0.4214,0.4994,0.4547,0.3,0.0718,-0.1763,0.2634,0.1616,0.0215,-0.1245,-0.2403,-0.2965,-0.2824,0.3732,0.395,0.3243,0.17,-0.0241,-0.212,-0.35,147.76,97.94,92.36,0.9689,0.2474,0.0,0.0,0.838,0.431,0.815,0.0234,0.0433,0.0084,0.012,0.014,-0.091,36.1,30.0,25.0,0.0,0,0,0,0,OUTER,READY,1,1
1000,ARM_4,MIXED,20260510,run_00001,0.3418,0.5,0.3889,0.0709,-0.2852,-0.4885,-0.4308,0.2187,0.0203,-0.1894,-0.2974,-0.2466,-0.0632,0.1545,0.3964,0.3215,0.0759,-0.2115,-0.386,-0.3535,-0.13,163.05,143.17,98.25,0.9305,0.3663,0.0,0.0,0.699,0.037,0.758,0.0343,0.0365,0.013,0.031,-0.016,0.045,36.1,0.0,0.0,0.0,1,0,0,0,OUTER,READY,1,1
2000,ARM_1,MIXED,20260510,run_00001,0.0003,-0.002,0.0004,0.0022,0.0012,0.0003,0.0006,0.2976,0.3018,0.3008,0.3002,0.2981,0.3001,0.3017,0.2575,0.2566,0.2592,0.2579,0.2584,0.2571,0.2578,100.01,0.03,80.05,1.0,0.0,0.0,0.0,0.008,0.799,-0.001,-0.0002,0.0482,0.0002,0.036,-0.018,-0.066,35.91,0.0,0.0,0.0,0,0,0,0,OUTER,READY,1,1
2000,ARM_2,MIXED,20260510,run_00001,0.1228,0.2387,0.3414,0.4205,0.4768,0.4995,0.4927,0.2919,0.2635,0.2192,0.1615,0.0929,0.0225,-0.0525,0.3262,0.3715,0.3986,0.3966,0.3703,0.324,0.2551,126.87,49.75,86.18,0.9922,0.1247,0.0,0.0,0.335,0.482,0.309,0.0123,0.0503,0.0048,0.002,0.082,-0.06,36.13,30.0,0.0,0.0,0,0,0,0,OUTER,READY,1,1
2000,ARM_3,MIXED,20260510,run_00001,0.2399,0.4198,0.498,0.454,0.3001,0.0698,-0.1743,0.2624,0.1631,0.0222,-0.1237,-0.2403,-0.2968,-0.2803,0.3724,0.3984,0.3227,0.1709,-0.0233,-0.2107,-0.3491,147.84,97.93,92.45,0.9689,0.2475,0.0,0.0,0.84,0.431,0.822,0.0231,0.0451,0.0076,-0.074,-0.081,0.03,36.18,30.0,25.0,0.0,0,0,0,0,OUTER,READY,1,1
2000,ARM_4,MIXED,20260510,run_00001,0.3397,0.4986,0.3879,0.0701,-0.285,-0.4886,-0.4275,0.2204,0.0188,-0.1894,-0.2979,-0.2443,-0.063,0.1547,0.3966,0.322,0.0754,-0.2114,-0.3878,-0.3529,-0.131,163.2,143.23,98.34,0.9305,0.3663,0.0,0.0,0.692,0.035,0.761,0.0324,0.0361,0.0108,-0.037,-0.02,0.039,36.1,0.0,0.0,0.0,1,0,0,0,OUTER,READY,1,1
3000,ARM_1,MIXED,20260510,run_00001,0.0002,0.0002,0.0014,0.0007,0.0007,0.0004,0.0007,0.3001,0.3001,0.3009,0.2991,0.3002,0.3005,0.3005,0.2584,0.2581,0.2584,0.2571,0.2593,0.2583,0.258,99.98,-0.0,79.96,1.0,0.0001,0.0,0.0,0.008,0.791,0.01,0.0004,0.0502,0.0011,0.012,0.009,-0.034,35.92,0.0,0.0,0.0,0,0,0,0,OUTER,READY,1,1
3000,ARM_2,MIXED,20260510,run_00001,0.1242,0.2398,0.3402,0.4199,0.4759,0.4982,0.4914,0.2914,0.264,0.2199,0.1626,0.0955,0.0225,-0.0545,0.3261,0.373,0.3967,0.3959,0.3699,0.3224,0.255,126.96,49.77,86.22,0.9922,0.1247,0.0,0.0,0.341,0.491,0.311,0.0106,0.0487,0.004,-0.078,0.056,-0.068,35.97,30.0,0.0,0.0,0,0,0,0,OUTER,READY,1,1
3000,ARM_3,MIXED,20260510,run_00001,0.24,0.4205,0.4998,0.4547,0.2985,0.073,-0.1749,0.2645,0.1615,0.0201,-0.1269,-0.2409,-0.298,-0.2799,0.3732,0.3955,0.325,0.1711,-0.0243,-0.2104,-0.348,147.73,98.04,92.39,0.9689,0.2475,0.0,0.0,0.841,0.443,0.818,0.0257,0.0425,0.0063,0.018,-0.019,0.023,36.09,30.0,25.0,0.0,0,0,0,0,OUTER,READY,1,1
3000,ARM_4,MIXED,20260510,run_00001,0.341,0.5001,0.3884,0.0693,-0.2867,-0.4895,-0.4283,0.2206,0.0207,-0.1887,-0.2971,-0.2452,-0.0639,0.1544,0.3961,0.3219,0.0762,-0.211,-0.3864,-0.3532,-0.1305,163.19,143.19,98.29,0.9305,0.3663,0.0,0.0,0.702,0.046,0.749,0.0335,0.0362,0.0106,-0.001,-0.035,0.001,36.14,0.0,0.0,0.0,1,0,0,0,OUTER,READY,1,1
4000,ARM_1,MIXED,20260510,run_00001,0.0011,-0.0006,-0.0015,0.0009,-0.0002,0.0021,0.002,0.2979,0.2991,0.2995,0.2998,0.2993,0.3002,0.3007,0.2563,0.2583,0.2585,0.2585,0.259,0.2582,0.2582,100.08,-0.03,80.0,1.0,0.0001,0.0,0.0,-0.002,0.797,0.001,-0.0002,0.0495,-0.0005,-0.054,0.027,0.047,35.97,0.0,0.0,0.0,0,0,0,0,OUTER,READY,1,1
4000,ARM_2,MIXED,20260510,run_00001,0.1249,0.2399,0.3426,0.4204,0.476,0.5002,0.4928,0.2915,0.2628,0.2196,0.1627,0.0941,0.0191,-0.0532,0.3243,0.3718,0.3965,0.3964,0.3718,0.3228,0.2546,126.86,49.7,86.19,0.9922,0.1248,0.0,0.0,0.334,0.5,0.31,0.0115,0.0488,0.0052,0.027,0.053,0.072,36.06,30.0,0.0,0.0,0,0,0,0,OUTER,READY,1,1
4000,ARM_3,MIXED,20260510,run_00001,0.2419,0.4212,0.497,0.4517,0.2994,0.069,-0.1767,0.2631,0.1625,0.0205,-0.1267,-0.2412,-0.2961,-0.2819,0.374,0.3977,0.321,0.1684,-0.0222,-0.212,-0.3486,147.75,98.04,92.43,0.9689,0.2475,0.0,0.0,0.841,0.436,0.821,0.0246,0.0446,0.0081,-0.017,-0.111,0.05,36.15,30.0,25.0,0.0,0,0,0,0,OUTER,READY,1,1
4000,ARM_4,MIXED,20260510,run_00001,0.3416,0.4981,0.3898,0.0698,-0.2866,-0.4878,-0.4281,0.2192,0.0207,-0.1902,-0.2973,-0.2458,-0.063,0.1545,0.3968,0.3244,0.0758,-0.2128,-0.3882,-0.3531,-0.1304,163.11,143.12,98.26,0.9305,0.3664,0.0,0.0,0.692,0.04,0.762,0.0358,0.0354,0.0116,0.061,-0.067,-0.053,36.18,0.0,0.0,0.0,1,0,0,0,OUTER,READY,1,1
5000,ARM_1,MIXED,20260510,run_00001,-0.0005,-0.0001,0.0003,0.0002,0.0009,0.0001,0.0001,0.2995,0.3008,0.2997,0.3003,0.2996,0.3016,0.2993,0.2571,0.2563,0.2579,0.2575,0.2577,0.259,0.2594,99.92,0.1,80.01,1.0,0.0001,0.0,0.0,-0.006,0.802,-0.001,0.0015,0.0503,0.0003,0.032,-0.045,0.061,35.99,0.0,0.0,0.0,0,0,0,0,OUTER,READY,1,1
5000,ARM_2,MIXED,20260510,run_00001,0.1223,0.2408,0.3416,0.4208,0.4761,0.4992,0.491,0.2917,0.2636,0.2202,0.1628,0.0935,0.0213,-0.0533,0.326,0.3724,0.3967,0.3977,0.3708,0.3234,0.2541,126.96,49.77,86.24,0.9922,0.1248,0.0,0.0,0.336,0.482,0.303,0.0113,0.0481,0.0034,0.088,-0.017,-0.063,36.08,30.0,0.0,0.0,0,0,0,0,OUTER,READY,1,1
5000,ARM_3,MIXED,20260510,run_00001,0.2401,0.4207,0.4982,0.4551,0.2985,0.0695,-0.1752,0.263,0.1618,0.021,-0.1261,-0.2398,-0.2967,-0.2814,0.373,0.3966,0.3228,0.17,-0.0234,-0.2128,-0.3481,147.76,97.96,92.37,0.9689,0.2475,0.0,0.0,0.842,0.433,0.823,0.024,0.0444,0.0063,-0.016,0.036,-0.02,36.08,30.0,25.0,0.0,0,0,0,0,OUTER,READY,1,1
5000,ARM_4,MIXED,20260510,run_00001,0.3417,0.5005,0.3884,0.0713,-0.2878,-0.4897,-0.4289,0.22,0.0206,-0.188,-0.2974,-0.2441,-0.0623,0.1554,0.3953,0.3223,0.0754,-0.2111,-0.3877,-0.3535,-0.1296,163.11,143.14,98.3,0.9305,0.3664,0.0,0.0,0.693,0.042,0.767,0.0349,0.0372,0.011,-0.042,0.037,0.059,36.08,0.0,0.0,0.0,1,0,0,0,OUTER,READY,1,1
6000,ARM_1,MIXED,20260510,run_00001,-0.0016,-0.0003,0.0009,0.0014,-0.0,0.0,0.0012,0.3011,0.3008,0.2991,0.3009,0.2991,0.3003,0.2998,0.2565,0.2586,0.258,0.2584,0.2582,0.2586,0.2591,99.94,-0.04,79.96,1.0,0.0001,0.0,0.0,0.001,0.804,-0.007,0.0014,0.0497,-0.0003,-0.008,-0.042,0.014,36.01,0.0,0.0,0.0,0,0,0,0,OUTER,READY,1,1
6000,ARM_2,MIXED,20260510,run_00001,0.1229,0.2401,0.3414,0.4214,0.4755,0.4976,0.4918,0.2904,0.2628,0.2165,0.1642,0.0949,0.0194,-0.0543,0.3249,0.3739,0.3953,0.3951,0.3716,0.3237,0.2541,126.77,49.72,86.21,0.9922,0.1248,0.0,0.0,0.337,0.495,0.312,0.0129,0.0484,0.0052,-0.05,0.028,-0.06,35.94,30.0,0.0,0.0,0,0,0,0,OUTER,READY,1,1
6000,ARM_3,MIXED,20260510,run_00001,0.2401,0.4225,0.4983,0.4541,0.2993,0.0689,-0.1768,0.2639,0.1625,0.0209,-0.1236,-0.2406,-0.2962,-0.2784,0.3738,0.3969,0.3236,0.1722,-0.0238,-0.2139,-0.3493,147.67,97.98,92.42,0.9689,0.2475,0.0,0.0,0.838,0.439,0.82,0.0267,0.0439,0.007,0.025,0.062,0.112,36.05,30.0,25.0,0.0,0,0,0,0,OUTER,READY,1,1
6000,ARM_4,MIXED,20260510,run_00001,0.3409,0.4997,0.3869,0.0709,-0.2866,-0.4889,-0.4304,0.2204,0.022,-0.1885,-0.2953,-0.2459,-0.0644,0.1539,0.3965,0.3227,0.0755,-0.2133,-0.3853,-0.353,-0.1281,163.22,143.23,98.35,0.9305,0.3664,0.0,0.0,0.698,0.05,0.763,0.0316,0.0361,0.0097,-0.035,-0.11,0.003,36.04,0.0,0.0,0.0,1,0,0,0,OUTER,READY,1,1
7000,ARM_1,MIXED,20260510,run_00001,-0.0001,0.001,0.0007,0.0006,0.0023,-0.0004,0.0021,0.299,0.3001,0.3012,0.3003,0.3012,0.3009,0.3013,0.2573,0.2578,0.2569,0.2586,0.2563,0.2593,0.2595,99.99,0.03,80.04,1.0,0.0002,0.0,0.0,-0.0,0.811,0.003,-0.001,0.0486,-0.0001,-0.08,0.062,0.098,36.02,0.0,0.0,0.0,0,0,0,0,OUTER,READY,1,1
7000,ARM_2,MIXED,20260510,run_00001,0.125,0.2389,0.3411,0.4208,0.4736,0.4982,0.4921,0.2901,0.2623,0.2169,0.1615,0.0936,0.0219,-0.0535,0.3263,0.3746,0.3983,0.3948,0.3718,0.3237,0.2546,126.94,49.82,86.31,0.9922,0.1248,0.0,0.0,0.329,0.489,0.307,0.0123,0.0495,0.0048,0.006,0.019,-0.033,36.0,30.0,0.0,0.0,0,0,0,0,OUTER,READY,1,1
7000,ARM_3,MIXED,20260510,run_00001,0.2404,0.4197,0.4973,0.4543,0.3006,0.0717,-0.1746,0.264,0.1628,0.0207,-0.1252,-0.2386,-0.2972,-0.2823,0.3733,0.3975,0.3235,0.1697,-0.0261,-0.2123,-0.3497,147.73,97.96,92.34,0.9689,0.2476,0.0,0.0,0.844,0.424,0.814,0.0227,0.0429,0.0079,-0.01,-0.01,-0.002,36.12,30.0,25.0,0.0,0,0,0,0,OUTER,READY,1,1
7000,ARM_4,MIXED,20260510,run_00001,0.3427,0.4993,0.3886,0.0695,-0.2846,-0.4908,-0.4279,0.2184,0.0209,-0.188,-0.2979,-0.2465,-0.0607,0.1527,0.3967,0.3249,0.0752,-0.213,-0.3877,-0.353,-0.1315,163.2,143.17,98.3,0.9304,0.3664,0.0,0.0,0.696,0.038,0.765,0.0327,0.0351,0.0128,-0.028,0.032,-0.008,36.14,0.0,0.0,0.0,1,0,0,0,OUTER,READY,1,1
8000,ARM_1,MIXED,20260510,run_00001,-0.0007,0.0006,0.0005,-0.001,0.0014,0.002,0.0002,0.3007,0.2988,0.3011,0.3002,0.2989,0.3016,0.3014,0.2568,0.2557,0.2596,0.2584,0.2589,0.258,0.2583,99.96,0.09,80.0,1.0,0.0002,0.0,0.0,-0.001,0.806,0.006,-0.0005,0.0494,-0.0013,-0.04,-0.052,-0.038,36.03,0.0,0.0,0.0,0,0,0,0,OUTER,READY,1,1
8000,ARM_2,MIXED,20260510,run_00001,0.1245,0.2397,0.3413,0.4217,0.4744,0.5004,0.4919,0.2914,0.2637,0.2202,0.1614,0.0926,0.0206,-0.0543,0.3259,0.3727,0.3971,0.396,0.3709,0.3208,0.2555,126.95,49.74,86.25,0.9922,0.1249,0.0,0.0,0.333,0.495,0.309,0.0137,0.0481,0.004,-0.005,0.064,0.048,35.97,30.0,0.0,0.0,0,0,0,0,OUTER,READY,1,1
8000,ARM_3,MIXED,20260510,run_00001,0.2402,0.4211,0.5005,0.4532,0.2976,0.0698,-0.1757,0.2632,0.1632,0.0213,-0.1267,-0.2407,-0.2971,-0.2816,0.3753,0.395,0.3224,0.1694,-0.0244,-0.2123,-0.3511,147.71,97.98,92.49,0.9689,0.2476,0.0,0.0,0.846,0.432,0.823,0.0246,0.0431,0.0068,-0.149,-0.05,0.029,36.07,30.0,25.0,0.0,0,0,0,0,OUTER,READY,1,1
8000,ARM_4,MIXED,20260510,run_00001,0.342,0.4991,0.3878,0.0701,-0.2874,-0.4903,-0.428,0.2204,0.0199,-0.1874,-0.2958,-0.2444,-0.0627,0.1542,0.3979,0.3218,0.0764,-0.2117,-0.3853,-0.3545,-0.1299,163.12,143.3,98.28,0.9304,0.3665,0.0,0.0,0.699,0.034,0.768,0.0346,0.0373,0.0104,-0.058,-0.016,0.098,36.09,0.0,0.0,0.0,1,0,0,0,OUTER,READY,1,1
9000,ARM_1,MIXED,20260510,run_00001,0.0001,0.0007,-0.0005,0.0012,0.0006,0.0029,0.0022,0.3002,0.2994,0.3004,0.2991,0.2996,0.3001,0.3024,0.2569,0.257,0.2566,0.2592,0.2598,0.2591,0.259,99.89,-0.07,79.88,1.0,0.0002,0.0,0.0,-0.006,0.799,0.01,0.0015,0.0497,-0.0004,-0.037,-0.002,-0.058,36.01,0.0,0.0,0.0,0,0,0,0,OUTER,READY,1,1
9000,ARM_2,MIXED,20260510,run_00001,0.1231,0.2374,0.3416,0.4212,0.4751,0.4984,0.4911,0.2914,0.2623,0.2179,0.161,0.0945,0.0214,-0.054,0.3257,0.374,0.3979,0.3965,0.3712,0.3205,0.2534,126.91,49.82,86.26,0.9922,0.1249,0.0,0.0,0.34,0.485,0.31,0.0119,0.0489,0.0014,-0.021,0.077,0.078,36.04,30.0,0.0,0.0,0,0,0,0,OUTER,READY,1,1
9000,ARM_3,MIXED,20260510,run_00001,0.2405,0.422,0.4974,0.4543,0.2991,0.068,-0.178,0.2642,0.1616,0.0195,-0.1239,-0.241,-0.2971,-0.2823,0.3737,0.3974,0.3216,0.1704,-0.0243,-0.213,-0.3505,147.71,97.99,92.46,0.9689,0.2476,0.0,0.0,0.838,0.432,0.822,0.0232,0.0438,0.0076,-0.049,-0.068,0.044,36.13,30.0,25.0,0.0,0,0,0,0,OUTER,READY,1,1
9000,ARM_4,MIXED,20260510,run_00001,0.3385,0.499,0.389,0.0698,-0.2853,-0.49,-0.4301,0.2191,0.0207,-0.1876,-0.297,-0.245,-0.0616,0.155,0.3955,0.3238,0.0765,-0.2121,-0.3875,-0.3533,-0.1297,163.21,143.18,98.28,0.9304,0.3665,0.0,0.0,0.699,0.035,0.753,0.0348,0.0356,0.0108,-0.005,-0.07,0.016,36.09,0.0,0.0,0.0,1,0,0,0,OUTER,READY,1,1
10000,ARM_1,MIXED,20260510,run_00001,0.0011,0.0004,0.0019,0.0021,0.0022,0.0002,0.0025,0.3001,0.2983,0.3003,0.3011,0.2989,0.2988,0.3004,0.2593,0.2586,0.2585,0.2578,0.2584,0.2593,0.2587,100.03,-0.07,79.95,1.0,0.0002,0.0,0.0,-0.003,0.795,0.004,0.0002,0.0504,0.0004,0.001,0.091,-0.051,35.94,0.0,0.0,0.0,0,0,0,0,OUTER,READY,1,1
10000,ARM_2,MIXED,20260510,run_00001,0.1247,0.2386,0.3427,0.4224,0.4737,0.5002,0.4905,0.2902,0.2624,0.219,0.1609,0.095,0.0214,-0.0535,0.3266,0.3754,0.3978,0.3974,0.3725,0.3221,0.2542,126.94,49.79,86.22,0.9922,0.1249,0.0,0.0,0.328,0.495,0.309,0.0122,0.0494,0.0034,0.107,0.127,0.002,36.03,30.0,0.0,0.0,0,0,0,0,OUTER,READY,1,1
10000,ARM_3,MIXED,20260510,run_00001,0.2393,0.4208,0.5003,0.4558,0.3004,0.0709,-0.1762,0.2622,0.1606,0.0186,-0.1269,-0.2408,-0.2968,-0.2803,0.371,0.395,0.3239,0.1683,-0.0241,-0.2131,-0.3496,147.81,97.99,92.34,0.9689,0.2476,0.0,0.0,0.84,0.429,0.819,0.0236,0.0431,0.0061,-0.04,-0.027,0.021,36.13,30.0,25.0,0.0,0,0,0,0,OUTER,READY,1,1
10000,ARM_4,MIXED,20260510,run_00001,0.3404,0.4979,0.3899,0.0691,-0.2868,-0.4914,-0.4285,0.2217,0.02,-0.1873,-0.2958,-0.2452,-0.0626,0.1552,0.3965,0.3241,0.0748,-0.2139,-0.3846,-0.3517,-0.1291,163.07,143.2,98.23,0.9304,0.3665,0.0,0.0,0.694,0.039,0.764,0.0341,0.0366,0.0102,0.014,-0.082,0.034,36.14,0.0,0.0,0.0,1,0,0,0,OUTER,READY,1,1
11000,ARM_1,MIXED,20260510,run_00001,-0.0004,0.0011,0.0002,0.0011,0.0012,0.0027,0.0042,0.2999,0.2989,0.2986,0.3003,0.3015,0.301,0.2977,0.26,0.2599,0.259,0.2587,0.2578,0.2571,0.2585,99.97,0.11,79.99,1.0,0.0003,0.0,0.0,0.009,0.804,-0.0,-0.0002,0.0516,-0.0005,-0.039,0.118,-0.038,36.08,0.0,0.0,0.0,0,0,0,0,OUTER,READY,1,1
11000,ARM_2,MIXED,20260510,run_00001,0.1235,0.2405,0.3418,0.4223,0.4763,0.4999,0.4917,0.2907,0.2646,0.2183,0.1624,0.0936,0.0197,-0.0549,0.3259,0.3738,0.3967,0.3979,0.3723,0.3226,0.2535,126.87,49.83,86.24,0.9922,0.1249,0.0,0.0,0.331,0.488,0.308,0.0117,0.0483,0.0041,0.064,0.088,0.018,36.0,30.0,0.0,0.0,0,0,0,0,OUTER,READY,1,1
11000,ARM_3,MIXED,20260510,run_00001,0.2384,0.4209,0.4983,0.4536,0.2991,0.0693,-0.176,0.2627,0.16,0.0201,-0.1243,-0.2426,-0.2984,-0.2802,0.373,0.3971,0.3227,0.1687,-0.024,-0.2124,-0.3515,147.67,97.99,92.44,0.9688,0.2477,0.0,0.0,0.843,0.434,0.812,0.024,0.0453,0.0079,-0.075,-0.012,0.023,36.01,30.0,25.0,0.0,0,0,0,0,OUTER,READY,1,1
11000,ARM_4,MIXED,20260510,run_00001,0.3408,0.5005,0.3883,0.0707,-0.2887,-0.4904,-0.4305,0.2187,0.0212,-0.1888,-0.2971,-0.2436,-0.0621,0.1551,0.3981,0.3212,0.0756,-0.2128,-0.3844,-0.3525,-0.1295,163.06,143.17,98.25,0.9304,0.3665,0.0,0.0,0.697,0.041,0.762,0.0343,0.0383,0.0114,-0.1,0.058,-0.026,36.1,0.0,0.0,0.0,1,0,0,0,OUTER,READY,1,1
12000,ARM_1,MIXED,20260510,run_00001,0.0,0.0017,0.0012,0.0004,0.0019,0.0023,0.0025,0.2993,0.3008,0.2995,0.2989,0.3003,0.2977,0.3022,0.2573,0.2586,0.2562,0.2582,0.26,0.2607,0.2603,100.03,0.02,79.99,1.0,0.0003,0.0,0.0,0.008,0.801,0.002,0.0012,0.0511,0.0002,-0.028,0.064,0.086,36.08,0.0,0.0,0.0,0,0,0,0,OUTER,READY,1,1
12000,ARM_2,MIXED,20260510,run_00001,0.124,0.2408,0.3426,0.4217,0.4744,0.5,0.4918,0.2884,0.2642,0.2206,0.1607,0.0915,0.0195,-0.0551,0.3244,0.372,0.3964,0.3978,0.3708,0.3224,0.2535,126.89,49.83,86.24,0.9922,0.125,0.0,0.0,0.353,0.488,0.305,0.014,0.0486,0.0034,0.01,-0.048,-0.027,36.02,30.0,0.0,0.0,0,0,0,0,OUTER,READY,1,1
12000,ARM_3,MIXED,20260510,run_00001,0.2396,0.4218,0.4987,0.4526,0.2976,0.0709,-0.1769,0.2628,0.1621,0.0206,-0.1246,-0.2398,-0.2987,-0.2794,0.3722,0.3954,0.3227,0.1716,-0.025,-0.2145,-0.3488,147.76,97.94,92.4,0.9688,0.2477,0.0,0.0,0.841,0.434,0.816,0.0243,0.0442,0.0067,0.085,0.042,0.022,36.12,30.0,25.0,0.0,0,0,0,0,OUTER,READY,1,1
12000,ARM_4,MIXED,20260510,run_00001,0.3413,0.4979,0.3909,0.0694,-0.2865,-0.4893,-0.4283,0.2191,0.0211,-0.1884,-0.2959,-0.245,-0.0636,0.156,0.3987,0.323,0.0752,-0.2129,-0.387,-0.3523,-0.1293,163.16,143.21,98.37,0.9304,0.3666,0.0,0.0,0.704,0.039,0.754,0.0323,0.0374,0.0106,0.018,0.032,-0.004,36.17,0.0,0.0,0.0,1,0,0,0,OUTER,READY,1,1
13000,ARM_1,MIXED,20260510,run_00001,-0.0,0.0009,0.001,0.0019,0.0025,0.0035,0.0031,0.2992,0.2984,0.3006,0.3012,0.2994,0.3008,0.2984,0.2586,0.2576,0.2592,0.2599,0.2589,0.2599,0.2588,99.98,0.13,79.96,1.0,0.0003,0.0,0.0,-0.004,0.806,0.004,-0.0003,0.0507,-0.0018,0.059,-0.054,-0.017,35.98,0.0,0.0,0.0,0,0,0,0,OUTER,READY,1,1
13000,ARM_2,MIXED,20260510,run_00001,0.1247,0.2404,0.3424,0.4226,0.476,0.4981,0.4908,0.2913,0.262,0.2201,0.161,0.0935,0.0195,-0.0557,0.3254,0.3729,0.3966,0.3966,0.3709,0.3212,0.2544,126.89,49.79,86.24,0.9922,0.125,0.0,0.0,0.335,0.49,0.312,0.0108,0.0493,0.0042,-0.097,0.003,-0.009,35.98,30.0,0.0,0.0,0,0,0,0,OUTER,READY,1,1
13000,ARM_3,MIXED,20260510,run_00001,0.24,0.4221,0.4988,0.4543,0.2987,0.0678,-0.1767,0.2638,0.1625,0.0219,-0.1257,-0.2407,-0.2975,-0.2809,0.3724,0.3969,0.3236,0.1701,-0.0255,-0.2124,-0.35,147.77,97.97,92.38,0.9688,0.2477,0.0,0.0,0.838,0.426,0.815,0.0241,0.0442,0.0077,-0.057,0.007,0.083,36.1,30.0,25.0,0.0,0,0,0,0,OUTER,READY,1,1
13000,ARM_4,MIXED,20260510,run_00001,0.3407,0.4969,0.3888,0.0693,-0.2887,-0.4871,-0.4273,0.2185,0.0206,-0.1887,-0.2976,-0.2448,-0.0614,0.1539,0.3967,0.3222,0.0762,-0.2143,-0.385,-0.3537,-0.1289,163.13,143.18,98.3,0.9304,0.3666,0.0,0.0,0.695,0.038,0.762,0.0349,0.0362,0.0108,0.063,0.02,-0.062,36.11,0.0,0.0,0.0,1,0,0,0,OUTER,READY,1,1
14000,ARM_1,MIXED,20260510,run_00001,0.0001,-0.0005,0.0011,0.0024,0.0018,0.0024,0.0007,0.3004,0.3004,0.2987,0.3006,0.299,0.2999,0.3003,0.2582,0.2584,0.2575,0.2589,0.2593,0.261,0.2586,100.0,0.15,79.92,1.0,0.0003,0.0,0.0,-0.003,0.801,-0.001,0.0007,0.0518,0.0012,0.056,0.024,-0.014,36.14,0.0,0.0,0.0,0,0,0,0,OUTER,READY,1,1
14000,ARM_2,MIXED,20260510,run_00001,0.1229,0.241,0.342,0.4215,0.4746,0.4978,0.4905,0.291,0.2617,0.2184,0.1627,0.0936,0.0204,-0.054,0.3256,0.3744,0.3951,0.3957,0.3724,0.3228,0.2537,126.84,49.83,86.29,0.9922,0.125,0.0,0.0,0.337,0.494,0.303,0.0123,0.0487,0.0038,-0.025,0.077,0.096,36.06,30.0,0.0,0.0,0,0,0,0,OUTER,READY,1,1
14000,ARM_3,MIXED,20260510,run_00001,0.2422,0.42,0.4986,0.4542,0.2964,0.0679,-0.1771,0.2622,0.1604,0.0222,-0.1233,-0.242,-0.2967,-0.2802,0.3743,0.3973,0.3223,0.1692,-0.0247,-0.2128,-0.3505,147.73,98.09,92.43,0.9688,0.2477,0.0,0.0,0.848,0.435,0.824,0.0229,0.0426,0.0068,-0.013,0.021,0.048,36.01,30.0,25.0,0.0,0,0,0,0,OUTER,READY,1,1
14000,ARM_4,MIXED,20260510,run_00001,0.3415,0.4977,0.3876,0.0709,-0.2865,-0.4889,-0.4288,0.2186,0.02,-0.188,-0.2976,-0.2453,-0.0609,0.1549,0.395,0.3233,0.077,-0.2126,-0.3855,-0.3513,-0.1293,163.13,143.21,98.33,0.9304,0.3666,0.0,0.0,0.701,0.04,0.765,0.0339,0.0386,0.011,-0.045,0.038,0.037,36.17,0.0,0.0,0.0,1,0,0,0,OUTER,READY,1,1
15000,ARM_1,MIXED,20260510,run_00001,-0.0001,0.0002,0.0002,0.0001,0.0028,0.0047,0.0012,0.3001,0.2984,0.3004,0.3006,0.3001,0.3012,0.2989,0.2574,0.2583,0.2594,0.2586,0.2587,0.2585,0.2597,100.01,-0.03,80.08,1.0,0.0004,0.0,0.0,0.006,0.797,0.014,-0.0008,0.0535,-0.0002,-0.028,-0.017,-0.004,35.95,0.0,0.0,0.0,0,0,0,0,OUTER,READY,1,1
15000,ARM_2,MIXED,20260510,run_00001,0.1248,0.2413,0.3421,0.4202,0.4736,0.4985,0.492,0.2907,0.2645,0.2207,0.1615,0.0932,0.0198,-0.0552,0.3284,0.373,0.3953,0.3971,0.3725,0.3228,0.253,126.88,49.82,86.16,0.9922,0.125,0.0,0.0,0.339,0.497,0.317,0.0124,0.0489,0.0031,-0.023,-0.043,-0.017,36.08,30.0,0.0,0.0,0,0,0,0,OUTER,READY,1,1
15000,ARM_3,MIXED,20260510,run_00001,0.2402,0.4215,0.4995,0.4535,0.2971,0.0692,-0.1769,0.2632,0.1623,0.0204,-0.1257,-0.2425,-0.2956,-0.2803,0.3718,0.3974,0.3219,0.1705,-0.0242,-0.2134,-0.3503,147.71,97.97,92.41,0.9688,0.2478,0.0,0.0,0.848,0.424,0.81,0.0252,0.0435,0.0087,0.056,0.016,0.068,36.09,30.0,25.0,0.0,0,0,0,0,OUTER,READY,1,1
15000,ARM_4,MIXED,20260510,run_00001,0.3423,0.4973,0.3907,0.0681,-0.2875,-0.489,-0.4258,0.2188,0.0217,-0.1905,-0.2964,-0.244,-0.062,0.1552,0.3979,0.3221,0.0761,-0.2145,-0.3882,-0.3525,-0.1292,163.16,143.25,98.29,0.9304,0.3666,0.0,0.0,0.696,0.041,0.762,0.0353,0.0368,0.0112,0.01,-0.057,0.017,36.13,0.0,0.0,0.0,1,0,0,0,OUTER,READY,1,1
16000,ARM_1,MIXED,20260510,run_00001,0.0015,0.0018,0.0011,0.0017,0.0028,0.0031,0.0029,0.3,0.3005,0.2989,0.3003,0.3002,0.2998,0.3005,0.2586,0.2594,0.2604,0.2568,0.2585,0.259,0.2582,100.03,0.08,80.05,1.0,0.0004,0.0,0.0,0.007,0.804,-0.002,0.0003,0.0504,0.0006,0.092,-0.085,0.005,35.93,0.0,0.0,0.0,0,0,0,0,OUTER,READY,1,1
16000,ARM_2,MIXED,20260510,run_00001,0.1239,0.2401,0.3423,0.4205,0.4752,0.4996,0.4907,0.29,0.2629,0.2184,0.1614,0.0931,0.0175,-0.0533,0.3247,0.3734,0.3975,0.3959,0.3711,0.3222,0.2532,126.87,49.86,86.29,0.9921,0.1251,0.0,0.0,0.339,0.482,0.311,0.0124,0.0476,0.0034,-0.044,0.024,-0.02,36.0,30.0,0.0,0.0,0,0,0,0,OUTER,READY,1,1
16000,ARM_3,MIXED,20260510,run_00001,0.24,0.42,0.498,0.4536,0.2987,0.0709,-0.1763,0.2617,0.1626,0.0216,-0.1265,-0.2407,-0.2973,-0.2791,0.3719,0.3968,0.324,0.1707,-0.0256,-0.2127,-0.3496,147.69,97.95,92.32,0.9688,0.2478,0.0,0.0,0.847,0.431,0.818,0.0237,0.0452,0.0085,-0.062,-0.028,-0.071,36.08,30.0,25.0,0.0,0,0,0,0,OUTER,READY,1,1
16000,ARM_4,MIXED,20260510,run_00001,0.342,0.4978,0.3885,0.0683,-0.286,-0.4907,-0.426,0.2201,0.0199,-0.1881,-0.2972,-0.2458,-0.0601,0.1547,0.3964,0.3201,0.0767,-0.2131,-0.3855,-0.3521,-0.1283,163.18,143.14,98.31,0.9304,0.3666,0.0,0.0,0.697,0.041,0.758,0.0337,0.0362,0.0097,0.066,0.071,-0.005,36.04,0.0,0.0,0.0,1,0,0,0,OUTER,READY,1,1
17000,ARM_1,MIXED,20260510,run_00001,0.0007,0.001,0.0015,0.0026,0.0035,0.0063,0.0035,0.2998,0.3006,0.3005,0.3011,0.3,0.2994,0.3005,0.2576,0.2604,0.2611,0.2579,0.2586,0.2588,0.2599,100.02,-0.09,79.98,1.0,0.0004,0.0,0.0,-0.007,0.802,0.006,0.0002,0.0509,-0.0022,-0.027,0.026,-0.023,36.0,0.0,0.0,0.0,0,0,0,0,OUTER,READY,1,1
17000,ARM_2,MIXED,20260510,run_00001,0.1242,0.2403,0.3412,0.42,0.4744,0.4997,0.4912,0.2903,0.2647,0.2182,0.1609,0.0936,0.0201,-0.0563,0.3245,0.3723,0.396,0.3958,0.3698,0.322,0.2542,126.74,49.79,86.19,0.9921,0.1251,0.0,0.0,0.342,0.495,0.307,0.0125,0.047,0.0038,-0.015,0.12,0.015,36.03,30.0,0.0,0.0,0,0,0,0,OUTER,READY,1,1
17000,ARM_3,MIXED,20260510,run_00001,0.2403,0.423,0.4999,0.4558,0.298,0.0685,-0.1773,0.2625,0.164,0.0193,-0.1246,-0.2407,-0.2977,-0.2809,0.3752,0.3966,0.3232,0.1702,-0.0243,-0.2138,-0.3512,147.71,97.98,92.39,0.9688,0.2478,0.0,0.0,0.844,0.427,0.825,0.0232,0.0446,0.0064,0.003,0.033,-0.022,36.11,30.0,25.0,0.0,0,0,0,0,OUTER,READY,1,1
17000,ARM_4,MIXED,20260510,run_00001,0.3407,0.4972,0.3891,0.0688,-0.2883,-0.4886,-0.4288,0.2183,0.0205,-0.1885,-0.2968,-0.2467,-0.0616,0.1547,0.3977,0.3226,0.0736,-0.2107,-0.3873,-0.3516,-0.1282,163.14,143.21,98.38,0.9304,0.3667,0.0,0.0,0.703,0.036,0.759,0.0333,0.0355,0.0112,-0.067,-0.03,0.0,36.11,0.0,0.0,0.0,1,0,0,0,OUTER,READY,1,1
18000,ARM_1,MIXED,20260510,run_00001,-0.0008,0.0015,0.0027,0.0029,0.0021,0.0041,0.004,0.3008,0.2993,0.2979,0.3015,0.2996,0.2997,0.3005,0.2578,0.2576,0.259,0.2575,0.2585,0.2588,0.2617,100.03,0.13,79.94,1.0,0.0004,0.0,0.0,0.005,0.794,0.0,-0.0009,0.0507,-0.0001,0.01,0.026,0.044,36.0,0.0,0.0,0.0,0,0,0,0,OUTER,READY,1,1
18000,ARM_2,MIXED,20260510,run_00001,0.1243,0.2403,0.3423,0.4206,0.4752,0.4998,0.4903,0.2908,0.2647,0.2174,0.1616,0.0929,0.0184,-0.0558,0.3249,0.3736,0.3969,0.395,0.3707,0.3222,0.2543,126.92,49.81,86.3,0.9921,0.1251,0.0,0.0,0.334,0.496,0.301,0.0128,0.0475,0.0049,-0.0,0.055,0.067,36.0,30.0,0.0,0.0,0,0,0,0,OUTER,READY,1,1
18000,ARM_3,MIXED,20260510,run_00001,0.2417,0.4225,0.4985,0.4533,0.2977,0.067,-0.1794,0.2629,0.1626,0.0206,-0.1247,-0.2402,-0.2983,-0.2789,0.3737,0.3975,0.3222,0.1697,-0.0242,-0.2137,-0.3488,147.76,97.94,92.38,0.9688,0.2478,0.0,0.0,0.833,0.434,0.813,0.0235,0.0438,0.0072,0.031,-0.015,-0.028,36.07,30.0,25.0,0.0,0,0,0,0,OUTER,READY,1,1
18000,ARM_4,MIXED,20260510,run_00001,0.3421,0.5006,0.3883,0.0668,-0.2869,-0.4897,-0.4274,0.2209,0.0208,-0.1901,-0.2965,-0.2454,-0.0618,0.1553,0.3955,0.3235,0.0749,-0.2128,-0.3863,-0.3527,-0.1292,163.11,143.17,98.42,0.9303,0.3667,0.0,0.0,0.694,0.038,0.77,0.0341,0.0356,0.0116,-0.129,-0.031,-0.053,36.14,0.0,0.0,0.0,1,0,0,0,OUTER,READY,1,1
19000,ARM_1,MIXED,20260510,run_00001,0.0009,0.001,0.0021,0.0018,0.0017,0.004,0.0024,0.3004,0.3005,0.3004,0.2999,0.2985,0.3005,0.3013,0.2577,0.2587,0.2592,0.2593,0.258,0.2585,0.2603,99.98,0.16,80.02,1.0,0.0005,0.0,0.0,0.01,0.802,0.008,0.0008,0.0506,-0.0011,-0.013,-0.026,-0.02,36.02,0.0,0.0,0.0,0,0,0,0,OUTER,READY,1,1
19000,ARM_2,MIXED,20260510,run_00001,0.1249,0.2405,0.3407,0.4219,0.4759,0.4985,0.4908,0.2897,0.2621,0.2183,0.1599,0.0924,0.0188,-0.0567,0.3249,0.3736,0.399,0.3972,0.3718,0.3213,0.2529,126.97,49.98,86.21,0.9921,0.1251,0.0,0.0,0.34,0.502,0.311,0.0142,0.0493,0.0027,-0.009,0.026,-0.049,36.07,30.0,0.0,0.0,0,0,0,0,OUTER,READY,1,1
19000,ARM_3,MIXED,20260510,run_00001,0.2405,0.4209,0.4979,0.4539,0.2971,0.0672,-0.1788,0.2612,0.1629,0.0206,-0.1261,-0.2412,-0.2987,-0.2799,0.3728,0.3962,0.3237,0.17,-0.0263,-0.2142,-0.3488,147.75,98.09,92.44,0.9688,0.2479,0.0,0.0,0.849,0.433,0.814,0.0242,0.0439,0.0061,-0.038,-0.019,0.062,36.06,30.0,25.0,0.0,0,0,0,0,OUTER,READY,1,1
19000,ARM_4,MIXED,20260510,run_00001,0.3407,0.4979,0.3884,0.0678,-0.2866,-0.4898,-0.4278,0.2193,0.0207,-0.19,-0.295,-0.2457,-0.06,0.155,0.396,0.3222,0.0765,-0.2122,-0.3868,-0.3523,-0.1291,163.13,143.15,98.35,0.9303,0.3667,0.0,0.0,0.692,0.045,0.764,0.0341,0.0371,0.0092,0.043,-0.045,0.018,36.12,0.0,0.0,0.0,1,0,0,0,OUTER,READY,1,1
20000,ARM_1,MIXED,20260510,run_00001,0.0011,0.0012,0.0001,0.003,0.0013,0.0036,0.0023,0.3002,0.3005,0.3006,0.3,0.2996,0.2992,0.2992,0.2591,0.2587,0.259,0.2586,0.2596,0.2593,0.26,100.01,0.16,80.01,1.0,0.0005,0.0,0.0,-0.005,0.802,-0.003,0.0002,0.0504,0.0004,0.024,-0.031,-0.014,36.0,0.0,0.0,0.0,0,0,0,0,OUTER,READY,1,1
20000,ARM_2,MIXED,20260510,run_00001,0.1223,0.2407,0.3403,0.4211,0.4756,0.4998,0.492,0.2922,0.2618,0.2195,0.1611,0.0933,0.0215,-0.0561,0.3257,0.3705,0.3952,0.395,0.3704,0.3216,0.2533,126.83,49.85,86.11,0.9921,0.1252,0.0,0.0,0.334,0.494,0.311,0.0138,0.0483,0.0045,-0.001,0.03,-0.028,36.06,30.0,0.0,0.0,0,0,0,0,OUTER,READY,1,1
20000,ARM_3,MIXED,20260510,run_00001,0.2396,0.4189,0.5002,0.4508,0.297,0.0659,-0.1785,0.2636,0.1623,0.0212,-0.1258,-0.2424,-0.2988,-0.2801,0.3721,0.396,0.3232,0.1696,-0.0267,-0.2133,-0.3498,147.74,98.04,92.5,0.9688,0.2479,0.0,0.0,0.839,0.427,0.812,0.0241,0.0448,0.0078,-0.023,-0.06,0.065,36.2,30.0,25.0,0.0,0,0,0,0,OUTER,READY,1,1
20000,ARM_4,MIXED,20260510,run_00001,0.3413,0.4991,0.3878,0.0699,-0.2869,-0.4899,-0.4272,0.2185,0.0206,-0.1882,-0.2969,-0.2455,-0.0605,0.1554,0.3958,0.3238,0.0744,-0.2127,-0.3858,-0.3515,-0.1277,163.11,143.15,98.39,0.9303,0.3667,0.0,0.0,0.699,0.037,0.756,0.0326,0.0353,0.0125,-0.106,-0.13,0.075,36.03,0.0,0.0,0.0,1,0,0,0,OUTER,READY,1,1
21000,ARM_1,MIXED,20260510,run_00001,0.0006,0.0007,0.0031,0.002,0.0024,0.0034,0.0044,0.2986,0.3011,0.299,0.3015,0.2995,0.2989,0.3003,0.2597,0.2572,0.2584,0.2598,0.2584,0.2586,0.2608,99.98,0.05,80.05,1.0,0.0005,0.0,0.0,-0.003,0.796,0.009,0.0,0.0494,-0.0005,-0.043,-0.035,-0.047,35.93,0.0,0.0,0.0,0,0,0,0,OUTER,READY,1,1
21000,ARM_2,MIXED,20260510,run_00001,0.1227,0.2418,0.3433,0.421,0.4761,0.4984,0.489,0.2895,0.2624,0.2191,0.1595,0.0941,0.0192,-0.0563,0.3252,0.3741,0.3973,0.3949,0.3712,0.3213,0.2538,126.9,49.86,86.25,0.9921,0.1252,0.0,0.0,0.329,0.493,0.311,0.0118,0.0489,0.0047,-0.024,-0.121,0.006,36.0,30.0,0.0,0.0,0,0,0,0,OUTER,READY,1,1
21000,ARM_3,MIXED,20260510,run_00001,0.2399,0.4223,0.4982,0.4516,0.2973,0.0668,-0.1782,0.2632,0.1627,0.0208,-0.1249,-0.2426,-0.2984,-0.2806,0.3737,0.3958,0.3223,0.1693,-0.0242,-0.2147,-0.3498,147.67,98.11,92.42,0.9688,0.2479,0.0,0.0,0.84,0.432,0.822,0.0239,0.0436,0.0098,0.021,0.006,0.031,36.04,30.0,25.0,0.0,0,0,0,0,OUTER,READY,1,1
21000,ARM_4,MIXED,20260510,run_00001,0.3402,0.4987,0.3879,0.0684,-0.2884,-0.4899,-0.4279,0.2196,0.0217,-0.1894,-0.2981,-0.2454,-0.0615,0.157,0.3976,0.3247,0.0743,-0.2132,-0.3851,-0.3521,-0.1273,163.09,143.2,98.26,0.9303,0.3668,0.0,0.0,0.701,0.039,0.762,0.0333,0.038,0.0096,0.008,-0.008,0.069,36.07,0.0,0.0,0.0,1,0,0,0,OUTER,READY,1,1
22000,ARM_1,MIXED,20260510,run_00001,0.0016,0.0014,0.0008,-0.0006,0.0031,0.0039,0.0032,0.2997,0.3013,0.3004,0.3005,0.2998,0.2999,0.3023,0.2589,0.2585,0.2592,0.2594,0.2579,0.2598,0.2594,100.01,0.05,80.03,1.0,0.0005,0.0,0.0,0.006,0.804,-0.003,0.0009,0.0491,0.0013,-0.022,-0.014,0.022,36.01,0.0,0.0,0.0,0,0,0,0,OUTER,READY,1,1
22000,ARM_2,MIXED,20260510,run_00001,0.124,0.2412,0.3402,0.4227,0.4752,0.498,0.4903,0.2918,0.2633,0.2212,0.1601,0.0932,0.0192,-0.0553,0.3268,0.3734,0.3961,0.396,0.3717,0.321,0.2515,126.79,49.88,86.27,0.9921,0.1252,0.0,0.0,0.332,0.489,0.297,0.0096,0.0486,0.0044,-0.078,-0.004,-0.031,36.11,30.0,0.0,0.0,0,0,0,0,OUTER,READY,1,1
22000,ARM_3,MIXED,20260510,run_00001,0.2396,0.4207,0.4983,0.4524,0.2973,0.0666,-0.1787,0.2628,0.1608,0.0195,-0.1255,-0.2414,-0.2987,-0.2791,0.3749,0.3964,0.3227,0.1701,-0.025,-0.2133,-0.3497,147.7,98.11,92.37,0.9688,0.2479,0.0,0.0,0.856,0.421,0.821,0.0227,0.0424,0.0062,0.086,0.044,0.005,36.1,30.0,25.0,0.0,0,0,0,0,OUTER,READY,1,1
22000,ARM_4,MIXED,20260510,run_00001,0.342,0.4979,0.3876,0.0684,-0.288,-0.4899,-0.4283,0.2194,0.021,-0.1901,-0.2957,-0.2443,-0.0616,0.1557,0.3971,0.3242,0.0738,-0.2142,-0.3888,-0.351,-0.1271,163.08,143.26,98.31,0.9303,0.3668,0.0,0.0,0.692,0.048,0.762,0.0345,0.0365,0.0105,0.005,0.078,0.049,36.15,0.0,0.0,0.0,1,0,0,0,OUTER,READY,1,1
23000,ARM_1,MIXED,20260510,run_00001,0.0007,0.0022,0.0006,0.0027,0.0047,0.0046,0.0045,0.3014,0.2996,0.2994,0.3004,0.3006,0.3,0.2997,0.2587,0.2584,0.261,0.2589,0.2588,0.2587,0.2598,100.04,0.03,79.99,1.0,0.0006,0.0,0.0,0.006,0.805,0.007,-0.0001,0.0481,0.0017,0.033,0.005,-0.041,35.97,0.0,0.0,0.0,0,0,0,0,OUTER,READY,1,1
23000,ARM_2,MIXED,20260510,run_00001,0.1238,0.242,0.3431,0.4211,0.4741,0.4989,0.491,0.291,0.264,0.2174,0.1612,0.0937,0.0182,-0.0569,0.3242,0.3728,0.3987,0.3971,0.3702,0.3216,0.2536,126.79,49.81,86.23,0.9921,0.1252,0.0,0.0,0.336,0.499,0.306,0.0134,0.0463,0.0042,0.077,-0.017,0.033,36.01,30.0,0.0,0.0,0,0,0,0,OUTER,READY,1,1
23000,ARM_3,MIXED,20260510,run_00001,0.2392,0.421,0.4986,0.4532,0.297,0.0675,-0.1778,0.2633,0.1617,0.0198,-0.1268,-0.2417,-0.2989,-0.2795,0.3743,0.3958,0.3229,0.1688,-0.0255,-0.2148,-0.3503,147.76,98.09,92.41,0.9688,0.248,0.0,0.0,0.838,0.435,0.815,0.0244,0.0437,0.0074,-0.042,0.023,0.018,36.04,30.0,25.0,0.0,0,0,0,0,OUTER,READY,1,1
23000,ARM_4,MIXED,20260510,run_00001,0.3411,0.4978,0.3877,0.0676,-0.2904,-0.4915,-0.4262,0.2204,0.0224,-0.1899,-0.2971,-0.2452,-0.0615,0.1547,0.396,0.3242,0.0752,-0.2133,-0.3865,-0.3517,-0.1286,163.1,143.28,98.29,0.9303,0.3668,0.0,0.0,0.701,0.044,0.756,0.0355,0.0369,0.0113,-0.014,0.05,0.072,36.18,0.0,0.0,0.0,1,0,0,0,OUTER,READY,1,1
24000,ARM_1,MIXED,20260510,run_00001,-0.0001,0.0011,-0.0005,0.0015,0.0025,0.0048,0.0031,0.3008,0.299,0.3,0.299,0.3001,0.3014,0.3004,0.2596,0.2607,0.2578,0.2597,0.259,0.2595,0.2611,99.99,0.06,80.06,1.0,0.0006,0.0,0.0,-0.003,0.799,0.01,0.0001,0.0499,-0.0014,0.043,-0.02,-0.071,35.9,0.0,0.0,0.0,0,0,0,0,OUTER,READY,1,1
24000,ARM_2,MIXED,20260510,run_00001,0.1256,0.2407,0.3424,0.4214,0.4776,0.4994,0.4911,0.2904,0.2629,0.2176,0.1605,0.0932,0.0173,-0.0569,0.324,0.3734,0.3965,0.3949,0.3722,0.322,0.2513,126.92,49.82,86.33,0.9921,0.1253,0.0,0.0,0.341,0.497,0.311,0.011,0.0488,0.0054,0.015,0.032,-0.053,36.04,30.0,0.0,0.0,0,0,0,0,OUTER,READY,1,1
24000,ARM_3,MIXED,20260510,run_00001,0.2417,0.4204,0.4996,0.4545,0.2963,0.0687,-0.1778,0.2616,0.1636,0.0194,-0.1262,-0.2416,-0.2975,-0.282,0.3726,0.3971,0.3236,0.169,-0.0259,-0.2148,-0.3499,147.72,98.14,92.37,0.9688,0.248,0.0,0.0,0.846,0.427,0.815,0.0229,0.0428,0.0069,0.018,-0.048,0.013,36.03,30.0,25.0,0.0,0,0,0,0,OUTER,READY,1,1
24000,ARM_4,MIXED,20260510,run_00001,0.3415,0.4979,0.3886,0.0693,-0.2887,-0.4895,-0.4268,0.2194,0.0202,-0.1904,-0.2976,-0.2447,-0.0605,0.1554,0.3968,0.3232,0.0743,-0.214,-0.3881,-0.3514,-0.1278,163.08,143.18,98.4,0.9303,0.3668,0.0,0.0,0.704,0.035,0.761,0.0345,0.0359,0.0115,0.036,-0.012,0.005,36.15,0.0,0.0,0.0,1,0,0,0,OUTER,READY,1,1
25000,ARM_1,MIXED,20260510,run_00001,-0.0008,0.0001,0.003,0.0021,0.0023,0.0036,0.0041,0.3,0.3004,0.3013,0.2995,0.2996,0.3005,0.2978,0.2577,0.2583,0.2584,0.2585,0.2592,0.259,0.2588,99.95,0.21,80.03,1.0,0.0006,0.0,0.0,0.01,0.8,0.007,0.0009,0.0508,0.0003,-0.115,-0.038,0.039,35.95,0.0,0.0,0.0,0,0,0,0,OUTER,READY,1,1
25000,ARM_2,MIXED,20260510,run_00001,0.1257,0.2416,0.3416,0.4217,0.4749,0.4987,0.4921,0.2905,0.2637,0.2189,0.1617,0.0935,0.0187,-0.0549,0.3253,0.3729,0.3957,0.3974,0.3713,0.3206,0.2522,126.83,49.88,86.17,0.9921,0.1253,0.0,0.0,0.332,0.487,0.309,0.0117,0.0484,0.0019,-0.018,-0.046,-0.019,36.05,30.0,0.0,0.0,0,0,0,0,OUTER,READY,1,1
25000,ARM_3,MIXED,20260510,run_00001,0.2407,0.4219,0.499,0.4539,0.2966,0.0655,-0.1786,0.263,0.1614,0.0199,-0.1263,-0.2446,-0.2962,-0.2817,0.3731,0.3973,0.3227,0.1684,-0.0248,-0.2137,-0.3497,147.71,97.99,92.41,0.9688,0.248,0.0,0.0,0.849,0.428,0.813,0.0251,0.0443,0.0074,-0.009,0.03,-0.035,36.04,30.0,25.0,0.0,0,0,0,0,OUTER,READY,1,1
25000,ARM_4,MIXED,20260510,run_00001,0.342,0.4992,0.3893,0.0702,-0.2856,-0.4907,-0.4274,0.217,0.0195,-0.1899,-0.2967,-0.2453,-0.0602,0.1567,0.3957,0.3248,0.0756,-0.2134,-0.3874,-0.3535,-0.1272,163.14,143.22,98.29,0.9303,0.3669,0.0,0.0,0.686,0.041,0.758,0.0359,0.0371,0.0107,-0.033,-0.004,0.103,36.17,0.0,0.0,0.0,1,0,0,0,OUTER,READY,1,1
26000,ARM_1,MIXED,20260510,run_00001,0.0009,0.001,0.0018,0.003,0.0035,0.0035,0.0048,0.3012,0.2997,0.3008,0.2988,0.2999,0.3032,0.3011,0.2573,0.2586,0.2597,0.2596,0.2593,0.2595,0.261,100.04,0.15,80.06,1.0,0.0006,0.0,0.0,0.007,0.803,0.001,-0.0005,0.0498,-0.0008,0.019,0.079,0.069,35.96,0.0,0.0,0.0,0,0,0,0,OUTER,READY,1,1
26000,ARM_2,MIXED,20260510,run_00001,0.1227,0.2399,0.3435,0.4207,0.4754,0.4989,0.4923,0.2886,0.2636,0.2203,0.1599,0.094,0.0199,-0.0565,0.324,0.372,0.3973,0.3974,0.3691,0.3202,0.2527,126.9,49.92,86.23,0.9921,0.1253,0.0,0.0,0.331,0.485,0.305,0.0132,0.0494,0.0035,0.027,-0.072,0.026,36.0,30.0,0.0,0.0,0,0,0,0,OUTER,READY,1,1
26000,ARM_3,MIXED,20260510,run_00001,0.2386,0.4217,0.5002,0.453,0.297,0.0667,-0.1812,0.2626,0.1605,0.0204,-0.1268,-0.2422,-0.2973,-0.2801,0.3718,0.3961,0.322,0.1704,-0.0268,-0.2139,-0.3511,147.73,97.97,92.39,0.9688,0.248,0.0,0.0,0.842,0.437,0.823,0.0235,0.0438,0.008,-0.007,-0.008,-0.018,36.1,30.0,25.0,0.0,0,0,0,0,OUTER,READY,1,1
26000,ARM_4,MIXED,20260510,run_00001,0.3411,0.5,0.3876,0.0674,-0.2866,-0.489,-0.4271,0.2197,0.0198,-0.1904,-0.2971,-0.2449,-0.0633,0.1568,0.3976,0.3212,0.0745,-0.2129,-0.3862,-0.3521,-0.1259,163.02,143.22,98.35,0.9303,0.3669,0.0,0.0,0.695,0.037,0.762,0.033,0.036,0.0115,-0.038,-0.011,0.064,36.1,0.0,0.0,0.0,1,0,0,0,OUTER,READY,1,1
27000,ARM_1,MIXED,20260510,run_00001,-0.0008,0.0005,0.002,0.0028,0.0023,0.006,0.0043,0.3007,0.298,0.3008,0.2994,0.2988,0.3003,0.3007,0.2579,0.2578,0.2589,0.2593,0.2598,0.259,0.2605,100.02,0.04,79.97,1.0,0.0007,0.0,0.0,0.004,0.801,0.006,-0.0001,0.0512,-0.0002,0.03,-0.066,-0.08,36.09,0.0,0.0,0.0,0,0,0,0,OUTER,READY,1,1
27000,ARM_2,MIXED,20260510,run_00001,0.1255,0.2395,0.3403,0.4221,0.4756,0.4991,0.4898,0.2897,0.2635,0.2183,0.1607,0.094,0.0193,-0.0575,0.3264,0.3727,0.3969,0.3953,0.3734,0.3208,0.2529,126.88,49.87,86.37,0.9921,0.1253,0.0,0.0,0.337,0.499,0.299,0.0134,0.0492,0.003,0.004,0.034,0.022,36.09,30.0,0.0,0.0,0,0,0,0,OUTER,READY,1,1
27000,ARM_3,MIXED,20260510,run_00001,0.2395,0.4208,0.4972,0.4541,0.296,0.067,-0.1798,0.2633,0.1605,0.0191,-0.1255,-0.2398,-0.2979,-0.2785,0.3742,0.395,0.3225,0.1682,-0.0267,-0.216,-0.3515,147.64,98.04,92.35,0.9687,0.2481,0.0,0.0,0.847,0.429,0.811,0.025,0.0436,0.0072,0.049,-0.008,-0.042,36.16,30.0,25.0,0.0,0,0,0,0,OUTER,READY,1,1
27000,ARM_4,MIXED,20260510,run_00001,0.34,0.4985,0.3889,0.0667,-0.2877,-0.4888,-0.4281,0.2202,0.0202,-0.1913,-0.2979,-0.244,-0.0593,0.1553,0.3975,0.3222,0.074,-0.2141,-0.3859,-0.3508,-0.1282,163.08,143.23,98.34,0.9303,0.3669,0.0,0.0,0.701,0.038,0.759,0.0349,0.0375,0.0104,-0.062,0.09,-0.013,36.12,0.0,0.0,0.0,1,0,0,0,OUTER,READY,1,1
28000,ARM_1,MIXED,20260510,run_00001,0.0024,0.0011,0.0019,0.002,0.0029,0.0046,0.0043,0.2998,0.3003,0.2999,0.2996,0.2995,0.3,0.3012,0.2569,0.2599,0.2591,0.2596,0.2596,0.2588,0.261,100.02,0.09,79.93,1.0,0.0007,0.0,0.0,0.007,0.792,-0.002,-0.0005,0.0496,0.0004,0.022,0.114,0.07,36.05,0.0,0.0,0.0,0,0,0,0,OUTER,READY,1,1
28000,ARM_2,MIXED,20260510,run_00001,0.1226,0.2414,0.3422,0.4228,0.4741,0.4972,0.4911,0.2905,0.2614,0.2184,0.1601,0.0936,0.0194,-0.0581,0.3253,0.3724,0.398,0.3968,0.3726,0.3213,0.2521,126.82,49.87,86.27,0.9921,0.1254,0.0,0.0,0.334,0.487,0.316,0.012,0.0476,0.0042,0.021,-0.055,0.015,36.0,30.0,0.0,0.0,0,0,0,0,OUTER,READY,1,1
28000,ARM_3,MIXED,20260510,run_00001,0.2408,0.4208,0.5016,0.4518,0.2957,0.0664,-0.1802,0.2625,0.1609,0.0185,-0.1282,-0.242,-0.2979,-0.2809,0.3754,0.3964,0.3224,0.1693,-0.0267,-0.2143,-0.3506,147.69,98.02,92.38,0.9687,0.2481,0.0,0.0,0.846,0.422,0.827,0.0229,0.0442,0.0076,-0.026,0.063,0.015,36.05,30.0,25.0,0.0,0,0,0,0,OUTER,READY,1,1
28000,ARM_4,MIXED,20260510,run_00001,0.3422,0.5003,0.3874,0.0671,-0.2877,-0.4903,-0.4266,0.2194,0.0208,-0.1884,-0.2968,-0.2454,-0.06,0.1546,0.3983,0.3227,0.075,-0.2135,-0.3877,-0.3541,-0.1265,163.09,143.29,98.31,0.9303,0.3669,0.0,0.0,0.706,0.041,0.757,0.0356,0.0371,0.0115,-0.001,-0.02,0.022,36.08,0.0,0.0,0.0,1,0,0,0,OUTER,READY,1,1
29000,ARM_1,MIXED,20260510,run_00001,0.0006,0.0019,0.0033,0.0034,0.0052,0.0033,0.0048,0.2992,0.2994,0.2994,0.299,0.2974,0.2983,0.3,0.2589,0.2582,0.2597,0.2595,0.2599,0.261,0.2615,100.02,0.1,80.1,1.0,0.0007,0.0,0.0,0.002,0.796,-0.006,0.0008,0.0487,0.002,0.06,-0.048,0.022,36.03,0.0,0.0,0.0,0,0,0,0,OUTER,READY,1,1
29000,ARM_2,MIXED,20260510,run_00001,0.1257,0.2394,0.3425,0.4212,0.4746,0.4995,0.4913,0.2906,0.2643,0.2187,0.1603,0.0916,0.0174,-0.0582,0.3265,0.3745,0.3975,0.3977,0.3705,0.3225,0.251,126.87,49.89,86.24,0.9921,0.1254,0.0,0.0,0.329,0.487,0.325,0.0123,0.0486,0.0067,-0.009,-0.0,0.025,36.1,30.0,0.0,0.0,0,0,0,0,OUTER,READY,1,1
29000,ARM_3,MIXED,20260510,run_00001,0.242,0.4212,0.5007,0.4532,0.2969,0.0675,-0.1805,0.2629,0.1608,0.02,-0.1257,-0.2419,-0.2987,-0.2771,0.374,0.3967,0.3217,0.1674,-0.0258,-0.2152,-0.351,147.73,98.03,92.41,0.9687,0.2481,0.0,0.0,0.843,0.43,0.827,0.0245,0.0448,0.0102,-0.009,0.007,-0.051,36.02,30.0,25.0,0.0,0,0,0,0,OUTER,READY,1,1
29000,ARM_4,MIXED,20260510,run_00001,0.3407,0.5004,0.3879,0.0683,-0.2893,-0.4907,-0.4268,0.2192,0.0224,-0.1892,-0.2973,-0.2453,-0.0597,0.1568,0.3968,0.3244,0.0741,-0.2127,-0.3867,-0.3511,-0.1281,163.16,143.34,98.25,0.9302,0.3669,0.0,0.0,0.694,0.04,0.758,0.0353,0.0368,0.0103,0.011,-0.06,0.031,36.11,0.0,0.0,0.0,1,0,0,0,OUTER,READY,1,1
30000,ARM_1,MIXED,20260510,run_00001,0.0014,0.0011,0.002,0.0008,0.0021,0.0054,0.0056,0.2992,0.3001,0.297,0.2996,0.2999,0.3002,0.2994,0.2558,0.2593,0.2588,0.2594,0.2603,0.2629,0.2621,99.99,0.2,80.03,1.0,0.0007,0.0,0.0,0.004,0.797,0.007,-0.0024,0.0481,0.0018,-0.008,0.014,0.055,36.02,0.0,0.0,0.0,0,0,0,0,OUTER,READY,1,1
30000,ARM_2,MIXED,20260510,run_00001,0.1212,0.2381,0.3428,0.423,0.4749,0.4981,0.4912,0.2916,0.2632,0.2191,0.1599,0.0916,0.0181,-0.0571,0.3247,0.3732,0.3966,0.3978,0.3722,0.3202,0.251,126.86,49.89,86.3,0.9921,0.1254,0.0,0.0,0.337,0.487,0.305,0.0115,0.0494,0.003,0.012,-0.035,0.063,36.06,30.0,0.0,0.0,0,0,0,0,OUTER,READY,1,1
30000,ARM_3,MIXED,20260510,run_00001,0.2399,0.4221,0.4981,0.454,0.2966,0.0666,-0.1805,0.2618,0.1625,0.0214,-0.125,-0.2425,-0.2962,-0.2787,0.3743,0.3962,0.3245,0.1702,-0.0266,-0.2158,-0.3521,147.68,98.11,92.45,0.9687,0.2481,0.0,0.0,0.854,0.426,0.821,0.0252,0.0433,0.0079,-0.007,-0.077,-0.046,36.12,30.0,25.0,0.0,0,0,0,0,OUTER,READY,1,1
30000,ARM_4,MIXED,20260510,run_00001,0.3414,0.4992,0.3861,0.0684,-0.2887,-0.4905,-0.4269,0.2184,0.0198,-0.19,-0.2972,-0.2441,-0.0609,0.1553,0.3959,0.3231,0.0732,-0.2142,-0.3864,-0.3503,-0.1264,162.99,143.25,98.34,0.9302,0.367,0.0,0.0,0.694,0.037,0.755,0.0337,0.0367,0.011,-0.007,-0.02,-0.014,36.16,0.0,0.0,0.0,1,0,0,0,OUTER,READY,1,1
31000,ARM_1,MIXED,20260510,run_00001,-0.0003,0.0039,0.0004,0.0035,0.0044,0.0043,0.0067,0.3005,0.299,0.2985,0.2991,0.3006,0.3008,0.2995,0.2572,0.2588,0.258,0.2612,0.2608,0.2603,0.2604,99.97,0.17,79.99,1.0,0.0008,0.0,0.0,0.003,0.799,0.003,-0.0015,0.0501,-0.0004,-0.03,-0.002,0.04,35.95,0.0,0.0,0.0,0,0,0,0,OUTER,READY,1,1
31000,ARM_2,MIXED,20260510,run_00001,0.1248,0.2397,0.3427,0.4234,0.476,0.5,0.4904,0.2907,0.2629,0.2184,0.1616,0.0938,0.0194,-0.0577,0.323,0.3753,0.3982,0.3952,0.3703,0.3219,0.2506,126.86,49.93,86.27,0.9921,0.1254,0.0,0.0,0.344,0.499,0.316,0.013,0.0494,0.0031,0.01,0.023,0.013,36.06,30.0,0.0,0.0,0,0,0,0,OUTER,READY,1,1
31000,ARM_3,MIXED,20260510,run_00001,0.24,0.4213,0.5001,0.4526,0.2969,0.0647,-0.1813,0.2635,0.1591,0.0215,-0.1271,-0.2409,-0.2977,-0.2793,0.3729,0.3953,0.3212,0.1679,-0.026,-0.2141,-0.3534,147.72,98.08,92.37,0.9687,0.2482,0.0,0.0,0.843,0.434,0.813,0.0248,0.0436,0.0072,0.044,-0.093,0.056,36.04,30.0,25.0,0.0,0,0,0,0,OUTER,READY,1,1
31000,ARM_4,MIXED,20260510,run_00001,0.341,0.4991,0.3864,0.068,-0.2902,-0.4891,-0.4291,0.2201,0.0213,-0.1908,-0.2965,-0.2449,-0.0599,0.1541,0.3971,0.3233,0.0739,-0.2131,-0.3868,-0.3515,-0.1253,163.06,143.3,98.33,0.9302,0.367,0.0,0.0,0.702,0.042,0.759,0.0334,0.0352,0.0133,0.003,0.013,-0.02,36.1,0.0,0.0,0.0,1,0,0,0,OUTER,READY,1,1
32000,ARM_1,MIXED,20260510,run_00001,0.0003,0.0011,0.002,0.0044,0.0059,0.0046,0.0069,0.3007,0.3012,0.2983,0.3009,0.3002,0.2996,0.3005,0.256,0.2593,0.2617,0.2584,0.26,0.2605,0.261,100.04,0.14,79.98,1.0,0.0008,0.0,0.0,0.001,0.799,0.002,0.001,0.0486,-0.0011,0.057,0.051,-0.029,36.03,0.0,0.0,0.0,0,0,0,0,OUTER,READY,1,1
32000,ARM_2,MIXED,20260510,run_00001,0.1235,0.2417,0.3415,0.4229,0.4753,0.5004,0.4908,0.2903,0.2626,0.2198,0.1592,0.0928,0.0173,-0.0571,0.3243,0.3738,0.398,0.3991,0.3704,0.3212,0.2509,126.84,49.93,86.34,0.9921,0.1255,0.0,0.0,0.335,0.496,0.309,0.0118,0.049,0.0044,-0.096,0.074,-0.12,36.05,30.0,0.0,0.0,0,0,0,0,OUTER,READY,1,1
32000,ARM_3,MIXED,20260510,run_00001,0.2404,0.4208,0.4993,0.4545,0.2987,0.0653,-0.1812,0.2624,0.1622,0.0202,-0.1257,-0.2413,-0.2968,-0.2798,0.3716,0.3963,0.3217,0.169,-0.0266,-0.216,-0.3494,147.75,98.08,92.45,0.9687,0.2482,0.0,0.0,0.847,0.431,0.817,0.0246,0.044,0.0078,-0.003,-0.005,0.028,36.09,30.0,25.0,0.0,0,0,0,0,OUTER,READY,1,1
32000,ARM_4,MIXED,20260510,run_00001,0.3393,0.5007,0.3888,0.066,-0.289,-0.4897,-0.427,0.2195,0.018,-0.191,-0.2969,-0.2449,-0.0619,0.1574,0.3964,0.3214,0.0735,-0.2165,-0.3874,-0.3519,-0.1274,162.94,143.29,98.33,0.9302,0.367,0.0,0.0,0.7,0.033,0.762,0.0349,0.0382,0.0129,0.054,0.019,0.043,36.03,0.0,0.0,0.0,1,0,0,0,OUTER,READY,1,1
33000,ARM_1,MIXED,20260510,run_00001,0.0011,0.0002,0.0024,0.0047,0.0046,0.0039,0.0052,0.299,0.3004,0.2998,0.3008,0.2973,0.2987,0.3009,0.2573,0.259,0.2595,0.2596,0.2603,0.2608,0.2615,99.98,0.13,80.03,1.0,0.0008,0.0,0.0,0.005,0.804,0.007,0.001,0.0502,0.0003,-0.043,-0.009,0.059,36.0,0.0,0.0,0.0,0,0,0,0,OUTER,READY,1,1
33000,ARM_2,MIXED,20260510,run_00001,0.1243,0.2395,0.3414,0.4226,0.4748,0.4998,0.4911,0.2895,0.2619,0.218,0.1602,0.0894,0.0191,-0.0567,0.3264,0.3754,0.3985,0.395,0.3709,0.3217,0.2533,126.91,49.85,86.28,0.9921,0.1255,0.0,0.0,0.336,0.482,0.313,0.0126,0.0493,0.0039,-0.011,0.075,-0.019,35.96,30.0,0.0,0.0,0,0,0,0,OUTER,READY,1,1
33000,ARM_3,MIXED,20260510,run_00001,0.2392,0.4202,0.4984,0.4539,0.297,0.0651,-0.1796,0.2627,0.1625,0.021,-0.1271,-0.2446,-0.297,-0.2799,0.3727,0.3963,0.3221,0.1693,-0.0277,-0.2147,-0.3513,147.7,98.11,92.38,0.9687,0.2482,0.0,0.0,0.843,0.428,0.819,0.0243,0.0419,0.0085,0.146,-0.119,0.034,36.11,30.0,25.0,0.0,0,0,0,0,OUTER,READY,1,1
33000,ARM_4,MIXED,20260510,run_00001,0.3406,0.5002,0.3874,0.0668,-0.2894,-0.4894,-0.4287,0.2196,0.021,-0.1881,-0.2967,-0.2447,-0.0618,0.1548,0.3964,0.3231,0.074,-0.2147,-0.386,-0.3527,-0.1247,163.02,143.24,98.3,0.9302,0.367,0.0,0.0,0.697,0.043,0.761,0.0343,0.0357,0.0117,-0.001,-0.034,-0.032,36.17,0.0,0.0,0.0,1,0,0,0,OUTER,READY,1,1
34000,ARM_1,MIXED,20260510,run_00001,0.0011,0.0006,0.0033,0.0031,0.0038,0.0046,0.004,0.3011,0.2997,0.3005,0.2999,0.3006,0.3018,0.2994,0.2576,0.26,0.2602,0.2606,0.2593,0.2614,0.2628,100.02,0.08,80.01,1.0,0.0008,0.0,0.0,0.004,0.804,0.013,0.0018,0.0489,-0.0002,0.028,-0.023,-0.043,36.06,0.0,0.0,0.0,0,0,0,0,OUTER,READY,1,1
34000,ARM_2,MIXED,20260510,run_00001,0.124,0.2396,0.3432,0.4227,0.4744,0.5002,0.4914,0.2911,0.2629,0.2182,0.1612,0.0926,0.0198,-0.0562,0.3277,0.3746,0.3964,0.3959,0.3705,0.3221,0.25,126.94,49.9,86.34,0.9921,0.1255,0.0,0.0,0.334,0.486,0.311,0.0118,0.0504,0.0051,-0.03,-0.073,0.002,36.02,30.0,0.0,0.0,0,0,0,0,OUTER,READY,1,1
34000,ARM_3,MIXED,20260510,run_00001,0.2398,0.4227,0.4965,0.4538,0.2953,0.0659,-0.1804,0.2626,0.1596,0.0186,-0.1272,-0.242,-0.2974,-0.2797,0.3726,0.3965,0.3223,0.1687,-0.026,-0.2141,-0.3519,147.62,98.17,92.43,0.9687,0.2482,0.0,0.0,0.847,0.427,0.816,0.023,0.0436,0.0086,0.102,0.022,0.048,36.13,30.0,25.0,0.0,0,0,0,0,OUTER,READY,1,1
34000,ARM_4,MIXED,20260510,run_00001,0.342,0.4984,0.3895,0.0666,-0.2899,-0.4904,-0.4277,0.2182,0.0208,-0.1903,-0.2975,-0.2455,-0.0585,0.1574,0.3958,0.3223,0.074,-0.2146,-0.3882,-0.3516,-0.1267,162.98,143.29,98.3,0.9302,0.3671,0.0,0.0,0.7,0.04,0.766,0.0346,0.036,0.0127,-0.004,-0.04,-0.043,36.06,0.0,0.0,0.0,1,0,0,0,OUTER,READY,1,1
35000,ARM_1,MIXED,20260510,run_00001,0.0015,0.0007,0.0013,0.0068,0.0041,0.0057,0.0046,0.3001,0.3011,0.3011,0.2996,0.2995,0.2995,0.2994,0.257,0.2602,0.2603,0.2615,0.26,0.2606,0.261,100.01,0.17,79.98,1.0,0.0009,0.0,0.0,0.0,0.805,0.004,-0.0016,0.0516,0.0009,-0.038,-0.011,-0.064,36.04,0.0,0.0,0.0,0,0,0,0,OUTER,READY,1,1
35000,ARM_2,MIXED,20260510,run_00001,0.1248,0.2415,0.3439,0.4211,0.4738,0.5001,0.49,0.2901,0.2629,0.2195,0.1597,0.0927,0.0182,-0.0583,0.3246,0.3736,0.3971,0.3959,0.3697,0.3221,0.2523,126.86,49.92,86.22,0.9921,0.1255,0.0,0.0,0.339,0.491,0.299,0.0112,0.0478,0.0041,-0.05,0.033,-0.022,36.1,30.0,0.0,0.0,0,0,0,0,OUTER,READY,1,1
35000,ARM_3,MIXED,20260510,run_00001,0.2418,0.4212,0.4975,0.4525,0.2958,0.0637,-0.1818,0.2624,0.1598,0.0205,-0.1265,-0.2433,-0.2985,-0.2792,0.3728,0.3964,0.3218,0.1673,-0.0262,-0.2148,-0.3512,147.62,98.12,92.49,0.9687,0.2483,0.0,0.0,0.837,0.433,0.827,0.0255,0.0462,0.0067,-0.113,-0.118,-0.075,36.07,30.0,25.0,0.0,0,0,0,0,OUTER,READY,1,1
35000,ARM_4,MIXED,20260510,run_00001,0.3412,0.4982,0.3891,0.0654,-0.2887,-0.4894,-0.4269,0.2195,0.0205,-0.1895,-0.2969,-0.2446,-0.0602,0.1561,0.3986,0.3236,0.0753,-0.2168,-0.3878,-0.3508,-0.1278,163.0,143.24,98.42,0.9302,0.3671,0.0,0.0,0.699,0.043,0.763,0.0352,0.0364,0.0099,-0.031,-0.014,-0.035,36.17,0.0,0.0,0.0,1,0,0,0,OUTER,READY,1,1
36000,ARM_1,MIXED,20260510,run_00001,0.0023,0.0017,0.0025,0.0058,0.005,0.0063,0.0058,0.299,0.3008,0.3017,0.2975,0.2996,0.3023,0.3008,0.2577,0.2591,0.2593,0.2593,0.2584,0.2607,0.2623,100.0,0.27,80.11,1.0,0.0009,0.0,0.0,0.008,0.799,-0.002,0.0,0.0514,0.001,-0.052,-0.012,0.005,36.01,0.0,0.0,0.0,0,0,0,0,OUTER,READY,1,1
36000,ARM_2,MIXED,20260510,run_00001,0.1241,0.2414,0.3408,0.4209,0.476,0.5013,0.4896,0.29,0.2624,0.2205,0.162,0.0938,0.018,-0.0568,0.3263,0.3741,0.3977,0.3983,0.3713,0.3217,0.2516,126.84,49.95,86.27,0.9921,0.1256,0.0,0.0,0.334,0.483,0.302,0.0117,0.0475,0.0048,-0.028,0.033,0.061,35.96,30.0,0.0,0.0,0,0,0,0,OUTER,READY,1,1
36000,ARM_3,MIXED,20260510,run_00001,0.2409,0.4195,0.4985,0.4539,0.296,0.0649,-0.1811,0.2636,0.1633,0.0202,-0.1265,-0.2413,-0.2978,-0.2785,0.3731,0.3975,0.3232,0.1692,-0.0277,-0.216,-0.3505,147.75,98.05,92.43,0.9687,0.2483,0.0,0.0,0.844,0.441,0.821,0.0244,0.0431,0.0072,0.028,0.055,-0.098,36.01,30.0,25.0,0.0,0,0,0,0,OUTER,READY,1,1
36000,ARM_4,MIXED,20260510,run_00001,0.3426,0.4985,0.3861,0.067,-0.2902,-0.4891,-0.4268,0.22,0.0201,-0.1906,-0.2972,-0.2436,-0.0588,0.1589,0.3976,0.3229,0.0762,-0.2149,-0.3867,-0.352,-0.1245,163.04,143.26,98.35,0.9302,0.3671,0.0,0.0,0.694,0.042,0.759,0.0342,0.0371,0.0105,0.014,-0.042,-0.018,36.12,0.0,0.0,0.0,1,0,0,0,OUTER,READY,1,1
37000,ARM_1,MIXED,20260510,run_00001,0.0007,0.0006,0.0013,0.0044,0.0053,0.0051,0.006,0.2997,0.2985,0.3015,0.3003,0.3011,0.2991,0.3005,0.2572,0.2593,0.2609,0.2611,0.2626,0.26,0.2615,99.99,0.19,80.0,1.0,0.0009,0.0,0.0,-0.001,0.801,0.01,-0.0001,0.0511,-0.0008,0.075,-0.027,0.022,36.04,0.0,0.0,0.0,0,0,0,0,OUTER,READY,1,1
37000,ARM_2,MIXED,20260510,run_00001,0.1225,0.2413,0.3428,0.4234,0.4745,0.4986,0.4896,0.2925,0.2616,0.217,0.1603,0.0938,0.0181,-0.056,0.3249,0.3734,0.3967,0.3977,0.3693,0.3205,0.2523,126.85,49.93,86.21,0.9921,0.1256,0.0,0.0,0.331,0.49,0.313,0.0101,0.0475,0.0036,-0.014,-0.036,-0.032,36.14,30.0,0.0,0.0,0,0,0,0,OUTER,READY,1,1
37000,ARM_3,MIXED,20260510,run_00001,0.2407,0.4227,0.4983,0.4538,0.2945,0.0646,-0.1809,0.2629,0.162,0.0205,-0.1288,-0.2418,-0.2975,-0.2779,0.3718,0.3972,0.321,0.168,-0.0274,-0.2166,-0.3509,147.63,98.07,92.48,0.9687,0.2483,0.0,0.0,0.853,0.428,0.817,0.0235,0.0453,0.0088,0.063,-0.04,-0.004,36.03,30.0,25.0,0.0,0,0,0,0,OUTER,READY,1,1
37000,ARM_4,MIXED,20260510,run_00001,0.3407,0.5003,0.3888,0.0661,-0.2907,-0.4903,-0.427,0.2193,0.0183,-0.1901,-0.2974,-0.243,-0.0603,0.1561,0.3961,0.3224,0.0736,-0.2136,-0.3854,-0.3524,-0.1251,163.06,143.28,98.37,0.9302,0.3671,0.0,0.0,0.695,0.037,0.755,0.0338,0.0368,0.0128,0.061,-0.006,0.096,36.09,0.0,0.0,0.0,1,0,0,0,OUTER,READY,1,1
38000,ARM_1,MIXED,20260510,run_00001,0.0003,0.0002,0.0031,0.0042,0.003,0.0064,0.0054,0.3003,0.3004,0.2988,0.2981,0.3006,0.3007,0.2996,0.2589,0.2579,0.2608,0.2586,0.2611,0.261,0.2616,99.92,0.18,80.04,1.0,0.0009,0.0,0.0,-0.003,0.793,0.009,-0.0005,0.0519,0.0007,0.069,-0.046,0.043,35.97,0.0,0.0,0.0,0,0,0,0,OUTER,READY,1,1
38000,ARM_2,MIXED,20260510,run_00001,0.1243,0.2427,0.3434,0.4239,0.4753,0.499,0.4896,0.2898,0.2628,0.2158,0.1605,0.093,0.0167,-0.0571,0.326,0.3731,0.3965,0.3945,0.3708,0.3199,0.2517,126.89,49.85,86.35,0.9921,0.1256,0.0,0.0,0.337,0.49,0.314,0.0133,0.0488,0.0031,0.078,-0.054,0.066,35.93,30.0,0.0,0.0,0,0,0,0,OUTER,READY,1,1
38000,ARM_3,MIXED,20260510,run_00001,0.2417,0.4215,0.4997,0.4556,0.2964,0.0633,-0.1792,0.2606,0.1612,0.0192,-0.1274,-0.2399,-0.2967,-0.2806,0.3733,0.3954,0.3208,0.1664,-0.0278,-0.215,-0.3511,147.69,98.17,92.42,0.9687,0.2483,0.0,0.0,0.847,0.434,0.824,0.0243,0.0443,0.0056,0.012,0.013,-0.043,36.1,30.0,25.0,0.0,0,0,0,0,OUTER,READY,1,1
38000,ARM_4,MIXED,20260510,run_00001,0.3417,0.4989,0.3872,0.0662,-0.2894,-0.4895,-0.4247,0.2193,0.021,-0.1911,-0.2969,-0.2438,-0.0588,0.1542,0.397,0.3229,0.0735,-0.2141,-0.3875,-0.3524,-0.1249,163.03,143.31,98.29,0.9302,0.3672,0.0,0.0,0.69,0.032,0.762,0.0362,0.0388,0.0101,-0.045,0.058,-0.033,36.14,0.0,0.0,0.0,1,0,0,0,OUTER,READY,1,1
39000,ARM_1,MIXED,20260510,run_00001,0.0022,0.0022,0.0013,0.0041,0.0052,0.0044,0.0053,0.2991,0.2995,0.3004,0.2999,0.2992,0.2985,0.3011,0.257,0.2597,0.2581,0.2604,0.2618,0.262,0.2614,99.97,0.23,80.05,1.0,0.001,0.0,0.0,0.005,0.804,-0.0,-0.001,0.0508,-0.0004,-0.074,0.042,-0.005,35.98,0.0,0.0,0.0,0,0,0,0,OUTER,READY,1,1
39000,ARM_2,MIXED,20260510,run_00001,0.123,0.241,0.3438,0.4208,0.4745,0.4977,0.4898,0.2894,0.2637,0.2187,0.1597,0.0918,0.0176,-0.0561,0.3256,0.3734,0.3974,0.3965,0.3686,0.3216,0.2504,126.75,49.96,86.26,0.9921,0.1256,0.0,0.0,0.331,0.474,0.311,0.0121,0.0485,0.0051,-0.035,0.001,-0.098,36.11,30.0,0.0,0.0,0,0,0,0,OUTER,READY,1,1
39000,ARM_3,MIXED,20260510,run_00001,0.2411,0.421,0.4988,0.4544,0.2956,0.0648,-0.181,0.2642,0.1616,0.0201,-0.1268,-0.2428,-0.2956,-0.2802,0.3723,0.3965,0.3227,0.1681,-0.0271,-0.2169,-0.3532,147.6,98.13,92.46,0.9687,0.2483,0.0,0.0,0.838,0.423,0.817,0.0228,0.0437,0.0082,0.059,-0.039,-0.052,36.06,30.0,25.0,0.0,0,0,0,0,OUTER,READY,1,1
39000,ARM_4,MIXED,20260510,run_00001,0.3409,0.5003,0.3866,0.0663,-0.288,-0.4898,-0.4279,0.2192,0.0189,-0.1915,-0.2953,-0.2443,-0.0596,0.157,0.3973,0.3198,0.0716,-0.2138,-0.3863,-0.3506,-0.1268,163.09,143.32,98.26,0.9302,0.3672,0.0,0.0,0.7,0.034,0.761,0.0357,0.0343,0.0121,0.026,0.002,0.015,36.1,0.0,0.0,0.0,1,0,0,0,OUTER,READY,1,1
40000,ARM_1,MIXED,20260510,run_00001,-0.0,0.0012,0.0024,0.003,0.005,0.0063,0.0073,0.3002,0.3007,0.3008,0.2992,0.2981,0.3005,0.3003,0.2584,0.2588,0.2599,0.2604,0.2588,0.2609,0.2626,99.95,0.15,80.11,1.0,0.001,0.0,0.0,-0.007,0.802,0.001,0.0,0.0506,0.0002,0.033,-0.018,-0.019,36.06,0.0,0.0,0.0,0,0,0,0,OUTER,READY,1,1
40000,ARM_2,MIXED,20260510,run_00001,0.1243,0.2406,0.3429,0.4215,0.4748,0.4979,0.491,0.2897,0.2615,0.2186,0.1596,0.092,0.0176,-0.0572,0.3255,0.3738,0.3985,0.3963,0.3695,0.3191,0.2509,126.78,49.93,86.32,0.9921,0.1257,0.0,0.0,0.342,0.491,0.303,0.0116,0.049,0.0053,-0.033,0.042,0.017,36.04,30.0,0.0,0.0,0,0,0,0,OUTER,READY,1,1
40000,ARM_3,MIXED,20260510,run_00001,0.2418,0.4205,0.5007,0.4518,0.2956,0.0639,-0.1821,0.2639,0.161,0.0194,-0.1253,-0.2439,-0.2978,-0.2805,0.3745,0.3969,0.3228,0.1696,-0.0271,-0.2156,-0.3517,147.53,98.21,92.44,0.9687,0.2484,0.0,0.0,0.842,0.432,0.82,0.0256,0.0435,0.0069,0.029,0.02,-0.027,36.1,30.0,25.0,0.0,0,0,0,0,OUTER,READY,1,1
40000,ARM_4,MIXED,20260510,run_00001,0.3415,0.4996,0.3865,0.0677,-0.2901,-0.4903,-0.4243,0.2174,0.0199,-0.1893,-0.2974,-0.2443,-0.0592,0.1556,0.396,0.3215,0.0742,-0.2151,-0.3882,-0.3514,-0.1233,163.08,143.28,98.42,0.9301,0.3672,0.0,0.0,0.712,0.032,0.755,0.0347,0.0356,0.0101,-0.056,0.05,-0.015,36.11,0.0,0.0,0.0,1,0,0,0,OUTER,READY,1,1
41000,ARM_1,MIXED,20260510,run_00001,0.0012,0.0012,0.0035,0.0036,0.0047,0.0062,0.0077,0.2989,0.3,0.2994,0.3005,0.2992,0.3004,0.2997,0.258,0.258,0.2588,0.2605,0.2616,0.2611,0.2611,99.91,0.28,80.1,1.0,0.001,0.0,0.0,-0.004,0.807,0.013,-0.0003,0.0493,0.0001,0.068,0.002,0.037,35.97,0.0,0.0,0.0,0,0,0,0,OUTER,READY,1,1
41000,ARM_2,MIXED,20260510,run_00001,0.1239,0.2407,0.3421,0.424,0.4752,0.4982,0.4883,0.2875,0.2617,0.2171,0.1609,0.0921,0.0168,-0.0573,0.3247,0.3739,0.3978,0.3968,0.3699,0.3201,0.2519,126.81,49.82,86.22,0.9921,0.1257,0.0,0.0,0.337,0.477,0.303,0.0125,0.0484,0.0022,-0.062,-0.033,0.024,36.02,30.0,0.0,0.0,0,0,0,0,OUTER,READY,1,1
41000,ARM_3,MIXED,20260510,run_00001,0.2398,0.4232,0.4985,0.4534,0.2943,0.066,-0.1812,0.2639,0.1594,0.0195,-0.1279,-0.2428,-0.2981,-0.281,0.3722,0.394,0.3211,0.1668,-0.0283,-0.2152,-0.352,147.67,98.13,92.46,0.9687,0.2484,0.0,0.0,0.839,0.424,0.817,0.0237,0.0442,0.0078,0.006,0.032,-0.026,36.1,30.0,25.0,0.0,0,0,0,0,OUTER,READY,1,1
41000,ARM_4,MIXED,20260510,run_00001,0.3418,0.4998,0.3876,0.0693,-0.2908,-0.4894,-0.4264,0.2176,0.0213,-0.1898,-0.2975,-0.245,-0.0594,0.1563,0.3981,0.3216,0.0741,-0.2155,-0.3862,-0.3494,-0.1244,163.02,143.34,98.36,0.9301,0.3672,0.0,0.0,0.707,0.042,0.771,0.0333,0.0356,0.012,-0.133,-0.036,-0.052,36.01,0.0,0.0,0.0,1,0,0,0,OUTER,READY,1,1
42000,ARM_1,MIXED,20260510,run_00001,0.001,0.0017,0.0034,0.0045,0.0056,0.0078,0.008,0.2987,0.3013,0.2987,0.2988,0.3005,0.2996,0.2993,0.2586,0.2592,0.2589,0.2606,0.261,0.2607,0.2627,99.99,0.26,80.04,1.0,0.001,0.0,0.0,0.005,0.804,0.003,-0.0009,0.0504,-0.0009,0.017,0.025,-0.03,36.05,0.0,0.0,0.0,0,0,0,0,OUTER,READY,1,1
42000,ARM_2,MIXED,20260510,run_00001,0.1249,0.2406,0.3419,0.4228,0.4759,0.4995,0.4896,0.2904,0.2614,0.2154,0.161,0.0925,0.0166,-0.0578,0.3249,0.3742,0.3983,0.3949,0.3694,0.3205,0.2499,126.73,50.01,86.21,0.9921,0.1257,0.0,0.0,0.337,0.493,0.303,0.0125,0.0476,0.003,-0.02,-0.042,-0.0,36.06,30.0,0.0,0.0,0,0,0,0,OUTER,READY,1,1
42000,ARM_3,MIXED,20260510,run_00001,0.2377,0.4198,0.4987,0.4527,0.2945,0.0649,-0.1806,0.2643,0.1613,0.0203,-0.1277,-0.2422,-0.2988,-0.2802,0.3737,0.3963,0.3217,0.1686,-0.0264,-0.2161,-0.3517,147.73,98.04,92.44,0.9687,0.2484,0.0,0.0,0.839,0.43,0.813,0.023,0.0451,0.0085,-0.018,-0.068,-0.048,35.97,30.0,25.0,0.0,0,0,0,0,OUTER,READY,1,1
42000,ARM_4,MIXED,20260510,run_00001,0.342,0.4992,0.3875,0.0666,-0.2908,-0.4895,-0.4243,0.218,0.0208,-0.1895,-0.2967,-0.2449,-0.0603,0.1568,0.3973,0.3223,0.0765,-0.215,-0.3889,-0.3511,-0.1253,163.04,143.26,98.36,0.9301,0.3672,0.0,0.0,0.697,0.032,0.751,0.0342,0.0369,0.0095,0.078,0.053,0.026,36.05,0.0,0.0,0.0,1,0,0,0,OUTER,READY,1,1
43000,ARM_1,MIXED,20260510,run_00001,0.0024,0.0007,0.0029,0.0041,0.005,0.0058,0.0085,0.3011,0.2995,0.3007,0.3002,0.2998,0.3004,0.3008,0.2595,0.2595,0.2596,0.2602,0.2611,0.2616,0.2618,99.96,0.2,80.1,1.0,0.0011,0.0,0.0,0.004,0.794,0.003,0.0001,0.0471,-0.0003,0.048,0.005,0.013,35.96,0.0,0.0,0.0,0,0,0,0,OUTER,READY,1,1
43000,ARM_2,MIXED,20260510,run_00001,0.1247,0.2405,0.3452,0.4249,0.4767,0.4995,0.4917,0.2889,0.2614,0.2193,0.1584,0.0919,0.0184,-0.0583,0.3253,0.3721,0.3984,0.3949,0.3712,0.3207,0.2503,126.85,49.91,86.21,0.9921,0.1257,0.0,0.0,0.351,0.492,0.312,0.0129,0.0487,0.0039,0.063,-0.038,0.036,36.07,30.0,0.0,0.0,0,0,0,0,OUTER,READY,1,1
43000,ARM_3,MIXED,20260510,run_00001,0.2424,0.4229,0.4991,0.4522,0.2955,0.0657,-0.1836,0.2654,0.1607,0.0201,-0.1293,-0.2432,-0.2978,-0.2793,0.372,0.395,0.3227,0.1672,-0.0268,-0.216,-0.3539,147.65,98.12,92.49,0.9686,0.2484,0.0,0.0,0.835,0.426,0.829,0.023,0.0407,0.0067,0.061,0.105,0.035,36.03,30.0,25.0,0.0,0,0,0,0,OUTER,READY,1,1
43000,ARM_4,MIXED,20260510,run_00001,0.3424,0.5005,0.3859,0.067,-0.2886,-0.4895,-0.4252,0.2178,0.0198,-0.1905,-0.2972,-0.2438,-0.06,0.157,0.3979,0.3221,0.0725,-0.2148,-0.3861,-0.3494,-0.125,162.96,143.25,98.36,0.9301,0.3673,0.0,0.0,0.7,0.042,0.758,0.0333,0.036,0.0111,-0.018,0.023,0.022,36.16,0.0,0.0,0.0,1,0,0,0,OUTER,READY,1,1
44000,ARM_1,MIXED,20260510,run_00001,0.001,0.0017,0.0029,0.0059,0.0042,0.0075,0.0081,0.3014,0.3002,0.3008,0.3,0.2991,0.2993,0.2985,0.2587,0.2587,0.2602,0.2588,0.2615,0.2622,0.2622,99.99,0.27,79.98,1.0,0.0011,0.0,0.0,0.005,0.806,0.005,-0.0001,0.0509,-0.0004,0.002,0.011,0.059,36.02,0.0,0.0,0.0,0,0,0,0,OUTER,READY,1,1
44000,ARM_2,MIXED,20260510,run_00001,0.1242,0.2412,0.3437,0.4215,0.4763,0.5,0.4891,0.291,0.263,0.2184,0.1595,0.0927,0.0185,-0.0605,0.3271,0.3725,0.3973,0.3981,0.3696,0.3195,0.2491,126.84,49.94,86.27,0.9921,0.1258,0.0,0.0,0.34,0.489,0.31,0.0142,0.0471,0.0063,0.126,0.006,-0.033,36.02,30.0,0.0,0.0,0,0,0,0,OUTER,READY,1,1
44000,ARM_3,MIXED,20260510,run_00001,0.2412,0.4225,0.5001,0.4525,0.2967,0.0648,-0.1813,0.2635,0.1612,0.0193,-0.1263,-0.2418,-0.2976,-0.2797,0.3733,0.3965,0.3205,0.168,-0.0288,-0.2161,-0.3519,147.67,98.27,92.45,0.9686,0.2485,0.0,0.0,0.838,0.434,0.819,0.0245,0.043,0.0084,0.071,0.055,0.104,36.07,30.0,25.0,0.0,0,0,0,0,OUTER,READY,1,1
44000,ARM_4,MIXED,20260510,run_00001,0.3424,0.4986,0.3872,0.0674,-0.2873,-0.4891,-0.4246,0.2194,0.0211,-0.189,-0.2988,-0.2428,-0.0576,0.1573,0.3972,0.3234,0.0724,-0.2146,-0.3878,-0.3522,-0.1256,162.95,143.29,98.36,0.9301,0.3673,0.0,0.0,0.695,0.043,0.756,0.0337,0.037,0.0094,-0.044,-0.119,0.048,36.14,0.0,0.0,0.0,1,0,0,0,OUTER,READY,1,1
45000,ARM_1,MIXED,20260510,run_00001,0.0013,0.001,0.0035,0.0027,0.0047,0.0077,0.007,0.2996,0.2989,0.3005,0.3005,0.3003,0.3006,0.3007,0.2578,0.2586,0.2598,0.2611,0.2612,0.2628,0.2632,99.99,0.24,80.06,1.0,0.0011,0.0,0.0,-0.0,0.812,0.0,0.0007,0.0492,0.0015,-0.008,-0.085,-0.026,36.0,0.0,0.0,0.0,0,0,0,0,OUTER,READY,1,1
45000,ARM_2,MIXED,20260510,run_00001,0.1257,0.2413,0.344,0.4236,0.4765,0.4993,0.4897,0.2902,0.2648,0.2166,0.1602,0.093,0.0168,-0.057,0.3277,0.3731,0.3977,0.3971,0.3699,0.3188,0.2492,126.88,50.01,86.28,0.9921,0.1258,0.0,0.0,0.343,0.49,0.307,0.0138,0.0499,0.0034,0.078,0.029,-0.026,36.06,30.0,0.0,0.0,0,0,0,0,OUTER,READY,1,1
45000,ARM_3,MIXED,20260510,run_00001,0.2403,0.4223,0.499,0.4531,0.2948,0.0628,-0.1826,0.2637,0.1627,0.0211,-0.1271,-0.242,-0.2961,-0.2787,0.3734,0.3965,0.3223,0.1692,-0.0266,-0.2173,-0.3511,147.53,98.18,92.45,0.9686,0.2485,0.0,0.0,0.844,0.432,0.819,0.0261,0.0425,0.0059,-0.09,-0.072,0.033,36.07,30.0,25.0,0.0,0,0,0,0,OUTER,READY,1,1
45000,ARM_4,MIXED,20260510,run_00001,0.3422,0.4981,0.386,0.0663,-0.2911,-0.4912,-0.4244,0.2195,0.02,-0.1906,-0.2982,-0.2418,-0.0594,0.1594,0.3957,0.3244,0.0747,-0.2157,-0.3885,-0.3508,-0.1246,163.03,143.32,98.28,0.9301,0.3673,0.0,0.0,0.696,0.043,0.754,0.0352,0.0387,0.0116,0.072,0.043,0.008,36.05,0.0,0.0,0.0,1,0,0,0,OUTER,READY,1,1
46000,ARM_1,MIXED,20260510,run_00001,0.0005,0.0026,0.0033,0.0048,0.0037,0.0083,0.007,0.2974,0.2994,0.2995,0.3003,0.301,0.3013,0.2999,0.2579,0.2588,0.2595,0.2595,0.2616,0.2639,0.2649,100.07,0.22,80.06,1.0,0.0011,0.0,0.0,0.004,0.795,0.006,0.0015,0.0509,-0.0007,0.102,-0.014,0.007,35.93,0.0,0.0,0.0,0,0,0,0,OUTER,READY,1,1
46000,ARM_2,MIXED,20260510,run_00001,0.1234,0.2437,0.3441,0.4223,0.4761,0.4996,0.4911,0.2932,0.2633,0.2188,0.1601,0.091,0.0155,-0.0582,0.3251,0.3722,0.3973,0.3986,0.3693,0.3208,0.2503,126.83,49.9,86.29,0.9921,0.1258,0.0,0.0,0.339,0.493,0.312,0.0138,0.0475,0.0047,0.023,-0.075,-0.053,35.99,30.0,0.0,0.0,0,0,0,0,OUTER,READY,1,1
46000,ARM_3,MIXED,20260510,run_00001,0.2405,0.4216,0.499,0.4531,0.2937,0.0637,-0.1845,0.2615,0.1607,0.018,-0.1265,-0.2417,-0.2968,-0.2795,0.3735,0.3967,0.3219,0.1695,-0.028,-0.2174,-0.3506,147.67,98.11,92.45,0.9686,0.2485,0.0,0.0,0.844,0.419,0.821,0.0239,0.0417,0.0062,0.045,0.024,0.003,35.98,30.0,25.0,0.0,0,0,0,0,OUTER,READY,1,1
46000,ARM_4,MIXED,20260510,run_00001,0.342,0.4976,0.3853,0.0663,-0.2912,-0.4912,-0.4256,0.2211,0.0203,-0.1902,-0.2977,-0.2447,-0.0616,0.1589,0.3968,0.3208,0.0734,-0.2154,-0.3866,-0.3516,-0.1247,163.07,143.36,98.44,0.9301,0.3673,0.0,0.0,0.703,0.037,0.76,0.0358,0.0349,0.0127,0.024,0.039,-0.059,36.1,0.0,0.0,0.0,1,0,0,0,OUTER,READY,1,1
47000,ARM_1,MIXED,20260510,run_00001,0.0006,0.0034,0.0034,0.0051,0.0065,0.0078,0.006,0.299,0.2999,0.3006,0.2994,0.2985,0.2999,0.3,0.2592,0.2587,0.2598,0.2596,0.2619,0.2627,0.2624,99.99,0.27,80.06,1.0,0.0012,0.0,0.0,0.004,0.8,0.003,-0.0001,0.0496,0.0005,-0.001,0.03,-0.159,36.0,0.0,0.0,0.0,0,0,0,0,OUTER,READY,1,1
47000,ARM_2,MIXED,20260510,run_00001,0.1235,0.2427,0.3444,0.4243,0.478,0.4989,0.489,0.2909,0.2633,0.218,0.1597,0.0914,0.0154,-0.0583,0.3262,0.3755,0.3967,0.3969,0.3716,0.32,0.2481,126.93,49.96,86.36,0.9921,0.1258,0.0,0.0,0.333,0.498,0.312,0.0116,0.049,0.0054,-0.02,0.015,0.023,35.98,30.0,0.0,0.0,0,0,0,0,OUTER,READY,1,1
47000,ARM_3,MIXED,20260510,run_00001,0.2427,0.4216,0.4988,0.4537,0.2954,0.0626,-0.1836,0.2619,0.16,0.0185,-0.1276,-0.2444,-0.2971,-0.2796,0.3719,0.3959,0.3211,0.1679,-0.0284,-0.2183,-0.3511,147.59,98.17,92.48,0.9686,0.2485,0.0,0.0,0.852,0.427,0.816,0.0239,0.0431,0.0066,-0.087,0.007,0.003,36.08,30.0,25.0,0.0,0,0,0,0,OUTER,READY,1,1
47000,ARM_4,MIXED,20260510,run_00001,0.3414,0.4988,0.3863,0.0643,-0.2912,-0.4898,-0.4239,0.2198,0.0185,-0.1898,-0.2981,-0.2443,-0.0578,0.1591,0.3977,0.3234,0.0731,-0.2151,-0.3883,-0.3494,-0.1241,163.06,143.37,98.39,0.9301,0.3674,0.0,0.0,0.687,0.036,0.767,0.0338,0.0367,0.011,-0.071,0.076,0.04,36.17,0.0,0.0,0.0,1,0,0,0,OUTER,READY,1,1
48000,ARM_1,MIXED,20260510,run_00001,0.0005,0.0014,0.0009,0.006,0.0052,0.0056,0.0079,0.3007,0.2989,0.2994,0.3025,0.3003,0.2985,0.2993,0.2586,0.2601,0.2603,0.2592,0.2609,0.2619,0.2631,100.05,0.31,80.05,1.0,0.0012,0.0,0.0,0.006,0.801,0.009,0.0008,0.0489,0.0013,0.054,-0.119,0.021,36.0,0.0,0.0,0.0,0,0,0,0,OUTER,READY,1,1
48000,ARM_2,MIXED,20260510,run_00001,0.1259,0.242,0.3428,0.4221,0.4761,0.4999,0.4905,0.2903,0.2636,0.2182,0.1599,0.0915,0.0162,-0.0594,0.326,0.3733,0.3967,0.3964,0.3699,0.3202,0.2496,126.8,49.97,86.36,0.992,0.1259,0.0,0.0,0.344,0.497,0.317,0.0133,0.0498,0.0021,-0.028,0.025,-0.039,35.99,30.0,0.0,0.0,0,0,0,0,OUTER,READY,1,1
48000,ARM_3,MIXED,20260510,run_00001,0.2385,0.4212,0.4973,0.4521,0.2949,0.0632,-0.1833,0.2632,0.1609,0.0199,-0.1257,-0.2431,-0.2981,-0.279,0.3732,0.397,0.3205,0.1674,-0.029,-0.2194,-0.3514,147.65,98.15,92.4,0.9686,0.2486,0.0,0.0,0.845,0.434,0.822,0.0239,0.0435,0.0058,-0.009,-0.026,-0.03,36.05,30.0,25.0,0.0,0,0,0,0,OUTER,READY,1,1
48000,ARM_4,MIXED,20260510,run_00001,0.3404,0.4988,0.3866,0.065,-0.291,-0.4879,-0.4251,0.2199,0.0194,-0.1899,-0.2966,-0.2461,-0.0593,0.1577,0.3967,0.3242,0.0748,-0.2166,-0.3868,-0.3513,-0.1236,163.04,143.32,98.37,0.9301,0.3674,0.0,0.0,0.707,0.034,0.758,0.0345,0.0375,0.0118,0.004,0.072,0.045,36.17,0.0,0.0,0.0,1,0,0,0,OUTER,READY,1,1
49000,ARM_1,MIXED,20260510,run_00001,0.0017,0.0027,0.0036,0.0037,0.0069,0.0058,0.0083,0.3004,0.3001,0.2988,0.2998,0.2997,0.2996,0.3005,0.2595,0.2589,0.2603,0.2606,0.2612,0.2619,0.2629,100.01,0.25,80.02,1.0,0.0012,0.0,0.0,0.016,0.803,0.008,-0.0005,0.05,-0.001,0.007,0.045,0.048,35.98,0.0,0.0,0.0,0,0,0,0,OUTER,READY,1,1
49000,ARM_2,MIXED,20260510,run_00001,0.1249,0.2406,0.3437,0.4234,0.4766,0.5001,0.49,0.2907,0.2623,0.2186,0.1594,0.0925,0.0164,-0.0571,0.3269,0.3724,0.3969,0.3963,0.3679,0.3167,0.2498,126.83,49.95,86.3,0.992,0.1259,0.0,0.0,0.333,0.492,0.309,0.0129,0.0489,0.0035,-0.001,-0.002,-0.011,36.05,30.0,0.0,0.0,0,0,0,0,OUTER,READY,1,1
49000,ARM_3,MIXED,20260510,run_00001,0.2409,0.4218,0.4982,0.4522,0.2958,0.0632,-0.1837,0.2633,0.1605,0.0186,-0.1266,-0.2424,-0.2979,-0.2807,0.3734,0.3972,0.3229,0.1679,-0.026,-0.2166,-0.3541,147.53,98.18,92.36,0.9686,0.2486,0.0,0.0,0.847,0.433,0.824,0.0215,0.0461,0.0081,-0.028,-0.016,-0.039,36.11,30.0,25.0,0.0,0,0,0,0,OUTER,READY,1,1
49000,ARM_4,MIXED,20260510,run_00001,0.3408,0.5002,0.3858,0.0659,-0.2899,-0.4884,-0.4242,0.2182,0.0193,-0.1919,-0.2961,-0.2436,-0.0588,0.1586,0.398,0.3224,0.0715,-0.2151,-0.3877,-0.3498,-0.1254,163.05,143.35,98.42,0.9301,0.3674,0.0,0.0,0.699,0.042,0.75,0.0354,0.036,0.0113,-0.039,-0.074,-0.022,36.05,0.0,0.0,0.0,1,0,0,0,OUTER,READY,1,1
50000,ARM_1,MIXED,20260510,run_00001,0.0011,0.0021,0.0033,0.0055,0.0053,0.009,0.0088,0.2989,0.3003,0.3,0.2996,0.3025,0.299,0.2988,0.2591,0.2601,0.2591,0.2611,0.2604,0.2621,0.2649,99.99,0.27,80.06,1.0,0.0012,0.0,0.0,-0.001,0.808,0.002,-0.0005,0.0487,0.0,0.047,-0.002,0.038,35.99,0.0,0.0,0.0,0,0,0,0,OUTER,READY,1,1
50000,ARM_2,MIXED,20260510,run_00001,0.1224,0.2406,0.3433,0.424,0.4762,0.4978,0.49,0.29,0.2634,0.2183,0.1588,0.0917,0.0181,-0.0583,0.3248,0.372,0.3984,0.3956,0.37,0.32,0.2494,126.85,49.92,86.24,0.992,0.1259,0.0,0.0,0.34,0.476,0.313,0.0109,0.048,0.0039,0.027,0.083,-0.055,36.07,30.0,0.0,0.0,0,0,0,0,OUTER,READY,1,1
50000,ARM_3,MIXED,20260510,run_00001,0.2395,0.4206,0.4979,0.4532,0.2941,0.0628,-0.1823,0.2635,0.1615,0.0201,-0.1272,-0.2416,-0.2965,-0.2797,0.373,0.396,0.3204,0.1666,-0.0278,-0.2163,-0.3505,147.64,98.15,92.48,0.9686,0.2486,0.0,0.0,0.845,0.422,0.818,0.0262,0.0421,0.0082,0.109,0.055,-0.095,36.12,30.0,25.0,0.0,0,0,0,0,OUTER,READY,1,1
50000,ARM_4,MIXED,20260510,run_00001,0.3427,0.4993,0.3869,0.066,-0.2909,-0.4884,-0.4228,0.2194,0.0201,-0.1906,-0.2986,-0.2468,-0.0581,0.1591,0.399,0.3215,0.0724,-0.213,-0.3868,-0.3507,-0.1221,163.06,143.3,98.42,0.93,0.3674,0.0,0.0,0.696,0.041,0.755,0.0343,0.0364,0.0118,0.011,0.014,0.07,36.16,0.0,0.0,0.0,1,0,0,0,OUTER,READY,1,1
51000,ARM_1,MIXED,20260510,run_00001,0.0014,0.0043,0.0029,0.0039,0.0071,0.0087,0.0082,0.2995,0.298,0.3015,0.3001,0.3011,0.3013,0.3001,0.2579,0.2589,0.2604,0.2611,0.2634,0.2638,0.2643,99.97,0.18,80.08,1.0,0.0013,0.0,0.0,0.001,0.801,-0.001,-0.0015,0.0512,0.0005,0.072,-0.001,-0.065,35.95,0.0,0.0,0.0,0,0,0,0,OUTER,READY,1,1
51000,ARM_2,MIXED,20260510,run_00001,0.1258,0.2412,0.342,0.4232,0.4753,0.4994,0.491,0.29,0.2622,0.2171,0.1603,0.0931,0.0181,-0.0584,0.3258,0.3727,0.3981,0.3963,0.3694,0.3206,0.2497,126.86,50.05,86.3,0.992,0.1259,0.0,0.0,0.346,0.495,0.316,0.0132,0.0468,0.0033,0.067,0.026,-0.034,36.11,30.0,0.0,0.0,0,0,0,0,OUTER,READY,1,1
51000,ARM_3,MIXED,20260510,run_00001,0.2425,0.4218,0.4996,0.4512,0.2941,0.0637,-0.1837,0.265,0.161,0.0198,-0.1257,-0.2428,-0.2976,-0.2795,0.3733,0.3975,0.3208,0.1663,-0.0294,-0.217,-0.3531,147.64,98.15,92.47,0.9686,0.2486,0.0,0.0,0.847,0.43,0.819,0.0242,0.0435,0.0069,-0.028,-0.009,-0.01,36.09,30.0,25.0,0.0,0,0,0,0,OUTER,READY,1,1
51000,ARM_4,MIXED,20260510,run_00001,0.3422,0.4978,0.3883,0.0657,-0.2906,-0.4888,-0.4245,0.2191,0.021,-0.1909,-0.2959,-0.2437,-0.0586,0.1582,0.3974,0.3226,0.0723,-0.2148,-0.3873,-0.3513,-0.126,163.05,143.3,98.4,0.93,0.3675,0.0,0.0,0.695,0.032,0.76,0.0339,0.037,0.0107,-0.051,0.046,-0.105,36.14,0.0,0.0,0.0,1,0,0,0,OUTER,READY,1,1
52000,ARM_1,MIXED,20260510,run_00001,0.0016,0.0032,0.0035,0.0048,0.0068,0.0081,0.0106,0.2985,0.2996,0.2995,0.3018,0.2984,0.3016,0.3,0.2591,0.2582,0.2599,0.2614,0.2609,0.2635,0.2623,99.99,0.19,80.16,1.0,0.0013,0.0,0.0,0.003,0.798,-0.005,0.0002,0.0499,-0.0003,-0.076,-0.055,0.004,35.98,0.0,0.0,0.0,0,0,0,0,OUTER,READY,1,1
52000,ARM_2,MIXED,20260510,run_00001,0.1264,0.2419,0.3454,0.422,0.4771,0.4995,0.4907,0.2911,0.2637,0.2185,0.1587,0.091,0.0171,-0.0581,0.3244,0.3753,0.3968,0.3952,0.3673,0.3183,0.2495,126.82,50.0,86.42,0.992,0.126,0.0,0.0,0.337,0.495,0.307,0.0125,0.0482,0.0038,-0.005,0.088,0.012,36.08,30.0,0.0,0.0,0,0,0,0,OUTER,READY,1,1
52000,ARM_3,MIXED,20260510,run_00001,0.2406,0.4224,0.499,0.4512,0.2926,0.0637,-0.183,0.2628,0.1624,0.0195,-0.1283,-0.2411,-0.2972,-0.2795,0.3742,0.3979,0.3219,0.1664,-0.0256,-0.218,-0.3527,147.69,98.3,92.42,0.9686,0.2487,0.0,0.0,0.845,0.422,0.828,0.0237,0.0444,0.0073,0.012,0.01,-0.073,36.05,30.0,25.0,0.0,0,0,0,0,OUTER,READY,1,1
52000,ARM_4,MIXED,20260510,run_00001,0.3437,0.4982,0.3868,0.0643,-0.2917,-0.4888,-0.4242,0.2191,0.0184,-0.1903,-0.2986,-0.2435,-0.0591,0.1568,0.3976,0.3232,0.0724,-0.2175,-0.3888,-0.3515,-0.1223,162.97,143.33,98.34,0.93,0.3675,0.0,0.0,0.696,0.033,0.753,0.0335,0.0362,0.0104,-0.02,0.055,0.076,36.17,0.0,0.0,0.0,1,0,0,0,OUTER,READY,1,1
53000,ARM_1,MIXED,20260510,run_00001,0.0009,0.004,0.0041,0.0059,0.0071,0.0104,0.0107,0.2983,0.2994,0.2999,0.2993,0.2987,0.2996,0.3014,0.2582,0.2587,0.2616,0.2601,0.2613,0.2618,0.2641,99.98,0.19,80.03,1.0,0.0013,0.0,0.0,0.011,0.803,0.011,-0.0008,0.0508,-0.0011,0.002,-0.054,0.046,36.01,0.0,0.0,0.0,0,0,0,0,OUTER,READY,1,1
53000,ARM_2,MIXED,20260510,run_00001,0.1254,0.2429,0.344,0.4248,0.4764,0.4994,0.4893,0.2912,0.2624,0.2182,0.1591,0.0914,0.0175,-0.0583,0.3258,0.3718,0.3971,0.3954,0.3709,0.3196,0.2497,126.9,49.99,86.28,0.992,0.126,0.0,0.0,0.345,0.488,0.308,0.0118,0.0481,0.0029,0.019,0.012,-0.106,36.01,30.0,0.0,0.0,0,0,0,0,OUTER,READY,1,1
53000,ARM_3,MIXED,20260510,run_00001,0.2404,0.4217,0.4987,0.4521,0.293,0.0639,-0.1835,0.2627,0.162,0.0183,-0.1289,-0.2422,-0.297,-0.279,0.3736,0.3968,0.3224,0.1687,-0.0293,-0.2188,-0.3526,147.65,98.16,92.36,0.9686,0.2487,0.0,0.0,0.846,0.417,0.814,0.0232,0.0432,0.0068,0.017,-0.018,0.048,36.08,30.0,25.0,0.0,0,0,0,0,OUTER,READY,1,1
53000,ARM_4,MIXED,20260510,run_00001,0.3407,0.4984,0.3884,0.0663,-0.2922,-0.4902,-0.4257,0.2202,0.0201,-0.1898,-0.2959,-0.2451,-0.0584,0.1591,0.3978,0.3221,0.074,-0.2152,-0.3883,-0.3503,-0.125,162.94,143.24,98.34,0.93,0.3675,0.0,0.0,0.697,0.034,0.756,0.0334,0.0357,0.0108,0.015,0.012,-0.016,36.12,0.0,0.0,0.0,1,0,0,0,OUTER,READY,1,1
54000,ARM_1,MIXED,20260510,run_00001,-0.0008,0.0042,0.0028,0.0042,0.0067,0.0077,0.009,0.2989,0.2997,0.2993,0.2984,0.2999,0.3012,0.3011,0.2581,0.2597,0.2598,0.2622,0.2618,0.2627,0.2638,100.02,0.35,80.06,1.0,0.0013,0.0,0.0,0.009,0.806,0.006,0.0014,0.0499,0.0007,0.042,0.067,0.024,35.98,0.0,0.0,0.0,0,0,0,0,OUTER,READY,1,1
54000,ARM_2,MIXED,20260510,run_00001,0.1242,0.2419,0.3441,0.425,0.4765,0.4994,0.4902,0.2904,0.2616,0.218,0.1612,0.0908,0.0172,-0.0596,0.3269,0.3743,0.3984,0.396,0.3676,0.3191,0.2483,126.84,49.99,86.37,0.992,0.126,0.0,0.0,0.341,0.489,0.32,0.0124,0.0492,0.004,-0.038,-0.058,-0.025,36.07,30.0,0.0,0.0,0,0,0,0,OUTER,READY,1,1
54000,ARM_3,MIXED,20260510,run_00001,0.2405,0.4223,0.4986,0.4502,0.2927,0.0618,-0.1822,0.2624,0.1615,0.0188,-0.1278,-0.2429,-0.2983,-0.277,0.3722,0.3963,0.3225,0.1677,-0.0287,-0.2168,-0.3516,147.66,98.17,92.44,0.9686,0.2487,0.0,0.0,0.835,0.425,0.822,0.026,0.0447,0.0078,-0.053,-0.057,0.01,36.13,30.0,25.0,0.0,0,0,0,0,OUTER,READY,1,1
54000,ARM_4,MIXED,20260510,run_00001,0.3423,0.4988,0.3858,0.0667,-0.2919,-0.4914,-0.4288,0.2189,0.0188,-0.1908,-0.2984,-0.2453,-0.057,0.1601,0.3983,0.3225,0.0722,-0.2155,-0.3884,-0.3501,-0.1227,162.92,143.38,98.36,0.93,0.3675,0.0,0.0,0.705,0.035,0.762,0.0355,0.0356,0.0113,-0.133,-0.008,-0.028,36.02,0.0,0.0,0.0,1,0,0,0,OUTER,READY,1,1
55000,ARM_1,MIXED,20260510,run_00001,0.0023,0.0019,0.0043,0.0051,0.0057,0.0081,0.01,0.3012,0.3003,0.3001,0.2995,0.3016,0.2995,0.3002,0.2595,0.2595,0.26,0.2594,0.2608,0.2629,0.2623,100.06,0.2,79.98,1.0,0.0014,0.0,0.0,0.006,0.789,-0.005,-0.0012,0.0495,-0.0,0.06,0.04,0.138,36.0,0.0,0.0,0.0,0,0,0,0,OUTER,READY,1,1
55000,ARM_2,MIXED,20260510,run_00001,0.1252,0.2412,0.3427,0.4235,0.478,0.4995,0.4902,0.2897,0.2631,0.2185,0.16,0.0886,0.0159,-0.0578,0.3245,0.373,0.3968,0.3976,0.3696,0.3192,0.2499,126.87,50.0,86.31,0.992,0.126,0.0,0.0,0.339,0.483,0.304,0.0129,0.0481,0.0054,0.084,-0.017,0.06,36.02,30.0,0.0,0.0,0,0,0,0,OUTER,READY,1,1
55000,ARM_3,MIXED,20260510,run_00001,0.2404,0.4218,0.4987,0.4522,0.2939,0.0636,-0.183,0.2635,0.1622,0.0191,-0.1275,-0.2436,-0.2975,-0.2785,0.3735,0.3965,0.3207,0.1652,-0.0266,-0.218,-0.353,147.7,98.17,92.29,0.9686,0.2487,0.0,0.0,0.854,0.426,0.818,0.0232,0.0452,0.007,-0.014,0.041,0.021,36.08,30.0,25.0,0.0,0,0,0,0,OUTER,READY,1,1
55000,ARM_4,MIXED,20260510,run_00001,0.3415,0.4984,0.3865,0.0654,-0.2926,-0.491,-0.424,0.2188,0.0181,-0.1913,-0.2976,-0.2452,-0.0581,0.1584,0.3969,0.3222,0.0725,-0.2147,-0.3872,-0.3508,-0.1263,163.08,143.34,98.3,0.93,0.3676,0.0,0.0,0.697,0.031,0.754,0.0336,0.0351,0.0118,0.042,-0.012,-0.052,36.1,0.0,0.0,0.0,1,0,0,0,OUTER,READY,1,1
56000,ARM_1,MIXED,20260510,run_00001,0.0013,0.0041,0.0045,0.0048,0.0089,0.0083,0.0096,0.2987,0.301,0.2998,0.2999,0.301,0.3016,0.3007,0.2597,0.2571,0.2607,0.26,0.2626,0.2645,0.2649,99.99,0.31,80.06,1.0,0.0014,0.0,0.0,0.005,0.795,0.008,0.0018,0.0475,-0.0002,-0.014,0.05,-0.011,36.02,0.0,0.0,0.0,0,0,0,0,OUTER,READY,1,1
56000,ARM_2,MIXED,20260510,run_00001,0.124,0.2413,0.3433,0.4218,0.4773,0.4996,0.4895,0.2895,0.2639,0.2181,0.1587,0.0888,0.0162,-0.059,0.3254,0.375,0.3972,0.3962,0.3703,0.3197,0.2505,126.89,49.99,86.35,0.992,0.1261,0.0,0.0,0.344,0.492,0.31,0.0127,0.0492,0.0042,-0.012,-0.027,0.042,35.98,30.0,0.0,0.0,0,0,0,0,OUTER,READY,1,1
56000,ARM_3,MIXED,20260510,run_00001,0.2404,0.4214,0.4987,0.4531,0.294,0.0599,-0.1848,0.2618,0.1595,0.0187,-0.1268,-0.2433,-0.2966,-0.2785,0.3735,0.3956,0.3215,0.1653,-0.0293,-0.2197,-0.3517,147.53,98.17,92.36,0.9686,0.2488,0.0,0.0,0.834,0.425,0.825,0.0226,0.0452,0.0082,0.053,0.065,0.011,36.13,30.0,25.0,0.0,0,0,0,0,OUTER,READY,1,1
56000,ARM_4,MIXED,20260510,run_00001,0.3408,0.4986,0.3863,0.0652,-0.2917,-0.4921,-0.4253,0.2205,0.0189,-0.1909,-0.2966,-0.2445,-0.0584,0.1571,0.3981,0.3204,0.074,-0.2177,-0.3899,-0.3517,-0.1242,163.0,143.37,98.46,0.93,0.3676,0.0,0.0,0.692,0.042,0.755,0.0344,0.0371,0.0106,-0.031,-0.031,-0.065,36.08,0.0,0.0,0.0,1,0,0,0,OUTER,READY,1,1
57000,ARM_1,MIXED,20260510,run_00001,0.0035,0.0042,0.0024,0.0059,0.0081,0.009,0.0095,0.3,0.2992,0.2987,0.2997,0.2978,0.3004,0.3001,0.2585,0.2595,0.2594,0.2604,0.2616,0.2622,0.2646,100.02,0.33,80.16,1.0,0.0014,0.0,0.0,0.004,0.8,0.004,-0.0013,0.0518,-0.0005,-0.023,-0.025,-0.007,35.97,0.0,0.0,0.0,0,0,0,0,OUTER,READY,1,1
57000,ARM_2,MIXED,20260510,run_00001,0.1244,0.2435,0.3435,0.4228,0.4763,0.4987,0.4902,0.2917,0.2622,0.2181,0.1598,0.0908,0.0163,-0.0582,0.3269,0.3745,0.398,0.3963,0.3695,0.319,0.248,126.82,50.02,86.35,0.992,0.1261,0.0,0.0,0.34,0.491,0.317,0.0125,0.0469,0.0059,-0.069,-0.044,0.023,36.06,30.0,0.0,0.0,0,0,0,0,OUTER,READY,1,1
57000,ARM_3,MIXED,20260510,run_00001,0.2421,0.4237,0.4987,0.4543,0.2943,0.0625,-0.1842,0.2613,0.1602,0.0157,-0.1275,-0.2429,-0.2975,-0.2798,0.3727,0.3978,0.3209,0.1667,-0.0267,-0.2177,-0.3544,147.65,98.19,92.48,0.9686,0.2488,0.0,0.0,0.846,0.431,0.822,0.0249,0.0443,0.0081,-0.058,0.046,-0.039,36.06,30.0,25.0,0.0,0,0,0,0,OUTER,READY,1,1
57000,ARM_4,MIXED,20260510,run_00001,0.3403,0.4987,0.3858,0.0664,-0.2922,-0.4927,-0.4247,0.2209,0.0201,-0.1905,-0.2998,-0.2432,-0.0574,0.1584,0.3971,0.3233,0.074,-0.2152,-0.3871,-0.3505,-0.1232,162.95,143.33,98.31,0.93,0.3676,0.0,0.0,0.699,0.038,0.772,0.0361,0.0366,0.0108,0.035,0.104,0.065,36.04,0.0,0.0,0.0,1,0,0,0,OUTER,READY,1,1
58000,ARM_1,MIXED,20260510,run_00001,0.0012,0.0032,0.0053,0.0075,0.0078,0.0083,0.01,0.2989,0.2989,0.3013,0.298,0.3004,0.2998,0.3011,0.2579,0.2595,0.2616,0.2616,0.2633,0.2626,0.2628,99.96,0.28,80.04,1.0,0.0014,0.0,0.0,-0.002,0.794,0.008,-0.0,0.048,0.0005,0.094,-0.09,-0.012,36.05,0.0,0.0,0.0,0,0,0,0,OUTER,READY,1,1
58000,ARM_2,MIXED,20260510,run_00001,0.126,0.2429,0.3437,0.424,0.4773,0.4998,0.4902,0.2907,0.2626,0.2174,0.159,0.0901,0.0151,-0.0599,0.3268,0.3747,0.3974,0.3965,0.3692,0.3203,0.2504,126.83,49.98,86.25,0.992,0.1261,0.0,0.0,0.336,0.491,0.303,0.0118,0.0484,0.0031,0.071,0.018,0.047,35.99,30.0,0.0,0.0,0,0,0,0,OUTER,READY,1,1
58000,ARM_3,MIXED,20260510,run_00001,0.2406,0.4227,0.4999,0.4509,0.293,0.0621,-0.1853,0.2635,0.1598,0.018,-0.1293,-0.2426,-0.2989,-0.2794,0.3736,0.3971,0.3212,0.1676,-0.0292,-0.2164,-0.3531,147.59,98.21,92.44,0.9686,0.2488,0.0,0.0,0.847,0.433,0.822,0.0246,0.0426,0.0066,-0.024,0.055,0.073,36.05,30.0,25.0,0.0,0,0,0,0,OUTER,READY,1,1
58000,ARM_4,MIXED,20260510,run_00001,0.3427,0.4983,0.3855,0.0648,-0.2924,-0.4897,-0.4239,0.2187,0.019,-0.1916,-0.2989,-0.2445,-0.0589,0.1591,0.3981,0.3219,0.0701,-0.2162,-0.3877,-0.3497,-0.1246,162.95,143.37,98.38,0.93,0.3676,0.0,0.0,0.698,0.036,0.761,0.0351,0.0364,0.0107,0.027,-0.018,-0.005,36.12,0.0,0.0,0.0,1,0,0,0,OUTER,READY,1,1
59000,ARM_1,MIXED,20260510,run_00001,0.0012,0.0049,0.0038,0.0063,0.0071,0.0086,0.01,0.3003,0.3016,0.2997,0.3011,0.2996,0.3007,0.2995,0.2587,0.2595,0.2604,0.2625,0.2625,0.2634,0.2635,100.06,0.24,80.04,1.0,0.0015,0.0,0.0,0.006,0.797,0.001,-0.0004,0.0488,-0.0005,-0.01,0.012,0.03,36.01,0.0,0.0,0.0,0,0,0,0,OUTER,READY,1,1
59000,ARM_2,MIXED,20260510,run_00001,0.126,0.242,0.3418,0.4241,0.4773,0.4991,0.4892,0.2905,0.2629,0.2185,0.1578,0.0908,0.0167,-0.0586,0.3255,0.373,0.3985,0.3952,0.3685,0.3198,0.2476,126.84,50.02,86.38,0.992,0.1261,0.0,0.0,0.348,0.487,0.313,0.0116,0.0478,0.0051,0.075,0.021,-0.023,35.98,30.0,0.0,0.0,0,0,0,0,OUTER,READY,1,1
59000,ARM_3,MIXED,20260510,run_00001,0.2407,0.4208,0.4984,0.452,0.2931,0.063,-0.1853,0.2632,0.1609,0.0175,-0.128,-0.2419,-0.299,-0.2787,0.3733,0.3985,0.3194,0.1658,-0.0291,-0.2179,-0.3537,147.67,98.15,92.4,0.9685,0.2488,0.0,0.0,0.843,0.43,0.811,0.0239,0.0442,0.0075,0.034,-0.005,0.064,36.13,30.0,25.0,0.0,0,0,0,0,OUTER,READY,1,1
59000,ARM_4,MIXED,20260510,run_00001,0.3435,0.4988,0.3854,0.0653,-0.2918,-0.4902,-0.4255,0.2199,0.0185,-0.1911,-0.2976,-0.2443,-0.0595,0.159,0.3969,0.322,0.0735,-0.2141,-0.3877,-0.3499,-0.1233,162.97,143.35,98.46,0.93,0.3676,0.0,0.0,0.708,0.037,0.754,0.0342,0.0348,0.0123,-0.019,0.076,-0.075,36.15,0.0,0.0,0.0,1,0,0,0,OUTER,READY,1,1
60000,ARM_1,MIXED,20260510,run_00001,-0.0001,0.0016,0.0041,0.0086,0.0079,0.0098,0.0091,0.3004,0.3021,0.2993,0.3008,0.3007,0.2997,0.2991,0.2575,0.2598,0.2607,0.2601,0.2639,0.2637,0.2624,100.01,0.3,80.07,1.0,0.0015,0.0,0.0,0.007,0.798,0.008,-0.0016,0.0517,-0.0007,-0.01,0.024,0.015,35.96,0.0,0.0,0.0,0,0,0,0,OUTER,READY,1,1
60000,ARM_2,MIXED,20260510,run_00001,0.1251,0.2429,0.3426,0.4246,0.477,0.4995,0.4906,0.2909,0.2628,0.2177,0.159,0.0901,0.0159,-0.0587,0.3249,0.3744,0.3963,0.3958,0.3696,0.3179,0.2495,126.83,50.13,86.21,0.992,0.1262,0.0,0.0,0.338,0.496,0.31,0.0137,0.0485,0.0034,0.142,-0.042,0.014,36.05,30.0,0.0,0.0,0,0,0,0,OUTER,READY,1,1
60000,ARM_3,MIXED,20260510,run_00001,0.2393,0.4226,0.5003,0.4524,0.296,0.0597,-0.1874,0.2655,0.1594,0.0203,-0.1293,-0.2437,-0.2971,-0.2787,0.3736,0.3969,0.3199,0.1691,-0.0301,-0.2196,-0.3518,147.59,98.21,92.46,0.9685,0.2489,0.0,0.0,0.84,0.433,0.817,0.0245,0.0447,0.0077,-0.018,0.019,-0.027,36.05,30.0,25.0,0.0,0,0,0,0,OUTER,READY,1,1
60000,ARM_4,MIXED,20260510,run_00001,0.3427,0.4991,0.3862,0.0646,-0.2911,-0.4913,-0.4239,0.2186,0.019,-0.1895,-0.2974,-0.2444,-0.057,0.1592,0.3964,0.3238,0.0735,-0.2161,-0.3874,-0.3498,-0.1231,162.92,143.39,98.27,0.93,0.3677,0.0,0.0,0.692,0.034,0.76,0.0349,0.036,0.0102,0.097,0.021,0.052,36.09,0.0,0.0,0.0,1,0,0,0,OUTER,READY,1,1
61000,ARM_1,MIXED,20260510,run_00001,0.0024,0.0042,0.0035,0.006,0.0081,0.0077,0.0099,0.3011,0.2984,0.3004,0.3001,0.3005,0.2999,0.3007,0.258,0.2605,0.2605,0.2619,0.2638,0.2638,0.2653,100.11,0.3,80.07,1.0,0.0015,0.0,0.0,-0.001,0.801,0.006,-0.0001,0.0501,-0.0012,0.11,0.047,0.01,35.97,0.0,0.0,0.0,0,0,0,0,OUTER,READY,1,1
61000,ARM_2,MIXED,20260510,run_00001,0.1267,0.2435,0.3437,0.4246,0.4747,0.4998,0.492,0.2928,0.262,0.2186,0.1603,0.0899,0.0137,-0.0588,0.3258,0.3741,0.398,0.3948,0.3695,0.3195,0.2495,126.78,50.06,86.34,0.992,0.1262,0.0,0.0,0.352,0.492,0.311,0.0119,0.0477,0.0009,0.047,0.047,-0.115,36.03,30.0,0.0,0.0,0,0,0,0,OUTER,READY,1,1
61000,ARM_3,MIXED,20260510,run_00001,0.2394,0.4206,0.4984,0.4532,0.2945,0.063,-0.1856,0.263,0.1595,0.0179,-0.1278,-0.2424,-0.298,-0.2795,0.3748,0.3945,0.3209,0.1665,-0.0308,-0.2177,-0.3506,147.6,98.3,92.43,0.9685,0.2489,0.0,0.0,0.854,0.419,0.816,0.022,0.0429,0.0071,-0.057,0.028,-0.069,36.04,30.0,25.0,0.0,0,0,0,0,OUTER,READY,1,1
61000,ARM_4,MIXED,20260510,run_00001,0.3408,0.4992,0.3854,0.0627,-0.2918,-0.4909,-0.4234,0.2183,0.0199,-0.19,-0.2977,-0.244,-0.0579,0.1571,0.3973,0.3207,0.0731,-0.2166,-0.3902,-0.3509,-0.1229,163.0,143.42,98.41,0.9299,0.3677,0.0,0.0,0.695,0.042,0.758,0.0343,0.0361,0.0106,-0.008,0.053,-0.021,36.09,0.0,0.0,0.0,1,0,0,0,OUTER,READY,1,1
62000,ARM_1,MIXED,20260510,run_00001,0.0016,0.0037,0.0052,0.0039,0.0084,0.0096,0.0105,0.2996,0.2996,0.2994,0.299,0.2994,0.3003,0.2993,0.258,0.2608,0.2607,0.2619,0.2633,0.2639,0.2653,100.08,0.27,80.07,1.0,0.0015,0.0,0.0,0.012,0.797,0.002,0.0002,0.0494,0.0012,-0.019,-0.034,0.005,35.99,0.0,0.0,0.0,0,0,0,0,OUTER,READY,1,1
62000,ARM_2,MIXED,20260510,run_00001,0.1248,0.2417,0.3433,0.4251,0.477,0.5,0.4897,0.2918,0.2626,0.2175,0.1586,0.0902,0.0147,-0.0586,0.3249,0.3721,0.3965,0.3966,0.3684,0.3198,0.2501,126.79,50.02,86.36,0.992,0.1262,0.0,0.0,0.341,0.484,0.314,0.0124,0.0476,0.005,-0.058,-0.011,0.04,36.08,30.0,0.0,0.0,0,0,0,0,OUTER,READY,1,1
62000,ARM_3,MIXED,20260510,run_00001,0.2425,0.4214,0.4972,0.4524,0.2933,0.0618,-0.186,0.2644,0.1604,0.0177,-0.1262,-0.2444,-0.2978,-0.2777,0.3732,0.3951,0.3226,0.1634,-0.0292,-0.2186,-0.3547,147.57,98.13,92.37,0.9685,0.2489,0.0,0.0,0.844,0.427,0.834,0.023,0.0438,0.0067,0.042,0.049,-0.018,36.06,30.0,25.0,0.0,0,0,0,0,OUTER,READY,1,1
62000,ARM_4,MIXED,20260510,run_00001,0.3416,0.498,0.3881,0.0634,-0.2909,-0.4906,-0.4222,0.2176,0.0201,-0.1911,-0.2987,-0.2432,-0.0595,0.1592,0.3973,0.321,0.0724,-0.2175,-0.389,-0.3516,-0.1226,162.9,143.26,98.4,0.9299,0.3677,0.0,0.0,0.694,0.032,0.76,0.0342,0.0369,0.0111,0.007,-0.008,-0.023,36.1,0.0,0.0,0.0,1,0,0,0,OUTER,READY,1,1
63000,ARM_1,MIXED,20260510,run_00001,0.0023,0.0031,0.0061,0.0084,0.009,0.0079,0.0112,0.2982,0.2996,0.301,0.2989,0.2993,0.2991,0.2992,0.2556,0.2589,0.2621,0.2602,0.2632,0.2637,0.265,100.02,0.32,80.07,1.0,0.0016,0.0,0.0,0.0,0.79,0.007,-0.0007,0.0505,0.0002,-0.022,-0.026,-0.001,36.03,0.0,0.0,0.0,0,0,0,0,OUTER,READY,1,1
63000,ARM_2,MIXED,20260510,run_00001,0.1244,0.2423,0.3432,0.4243,0.4772,0.4997,0.4892,0.2909,0.2643,0.2172,0.1591,0.0905,0.0147,-0.059,0.3257,0.3746,0.3966,0.3968,0.3678,0.3175,0.248,126.74,50.08,86.27,0.992,0.1262,0.0,0.0,0.335,0.486,0.311,0.0128,0.0489,0.0036,0.025,0.022,0.069,36.01,30.0,0.0,0.0,0,0,0,0,OUTER,READY,1,1
63000,ARM_3,MIXED,20260510,run_00001,0.2418,0.4242,0.4996,0.4516,0.2934,0.0622,-0.1856,0.2631,0.1588,0.0188,-0.1292,-0.2431,-0.2975,-0.2791,0.3725,0.3954,0.3204,0.167,-0.0283,-0.2174,-0.3522,147.59,98.31,92.41,0.9685,0.2489,0.0,0.0,0.841,0.44,0.813,0.0244,0.0439,0.0073,0.023,-0.026,-0.032,36.05,30.0,25.0,0.0,0,0,0,0,OUTER,READY,1,1
63000,ARM_4,MIXED,20260510,run_00001,0.3417,0.4987,0.3878,0.0658,-0.2939,-0.4907,-0.4223,0.2198,0.0196,-0.1907,-0.2973,-0.2423,-0.0577,0.1576,0.3963,0.3228,0.0718,-0.2153,-0.3873,-0.3517,-0.1225,163.02,143.34,98.34,0.9299,0.3677,0.0,0.0,0.688,0.038,0.763,0.0332,0.0352,0.0112,-0.096,-0.031,-0.051,36.11,0.0,0.0,0.0,1,0,0,0,OUTER,READY,1,1
64000,ARM_1,MIXED,20260510,run_00001,0.0007,0.0037,0.0033,0.0055,0.0092,0.0101,0.0098,0.3,0.3021,0.3008,0.2996,0.2994,0.3011,0.301,0.26,0.2579,0.2612,0.2627,0.2627,0.2633,0.2646,100.05,0.25,79.97,1.0,0.0016,0.0,0.0,0.007,0.799,-0.001,-0.0007,0.0501,-0.0002,-0.081,0.121,-0.024,35.97,0.0,0.0,0.0,0,0,0,0,OUTER,READY,1,1
64000,ARM_2,MIXED,20260510,run_00001,0.1254,0.2423,0.3453,0.4238,0.4786,0.4999,0.4896,0.2918,0.2615,0.2166,0.1586,0.0902,0.0166,-0.0608,0.3256,0.374,0.3969,0.3979,0.3705,0.3184,0.2485,126.84,49.99,86.31,0.992,0.1263,0.0,0.0,0.334,0.49,0.317,0.0122,0.0483,0.0028,-0.014,-0.03,0.051,36.0,30.0,0.0,0.0,0,0,0,0,OUTER,READY,1,1
64000,ARM_3,MIXED,20260510,run_00001,0.2422,0.4216,0.4995,0.451,0.2926,0.0629,-0.1867,0.2612,0.1603,0.017,-0.1291,-0.2426,-0.2975,-0.2785,0.3731,0.3981,0.3214,0.1658,-0.0299,-0.2183,-0.3535,147.6,98.17,92.45,0.9685,0.249,0.0,0.0,0.843,0.416,0.817,0.0257,0.0447,0.0081,-0.028,-0.038,-0.042,36.02,30.0,25.0,0.0,0,0,0,0,OUTER,READY,1,1
64000,ARM_4,MIXED,20260510,run_00001,0.3413,0.4993,0.3863,0.0653,-0.2931,-0.4913,-0.424,0.2187,0.0181,-0.1907,-0.2973,-0.2441,-0.0562,0.1582,0.3969,0.3229,0.0727,-0.2154,-0.3878,-0.3505,-0.122,162.95,143.42,98.41,0.9299,0.3678,0.0,0.0,0.702,0.046,0.752,0.0354,0.0354,0.0123,0.046,-0.035,-0.069,36.18,0.0,0.0,0.0,1,0,0,0,OUTER,READY,1,1
65000,ARM_1,MIXED,20260510,run_00001,0.0015,0.0022,0.0024,0.0066,0.0086,0.0084,0.0132,0.3,0.2989,0.2989,0.2981,0.3006,0.2997,0.299,0.2595,0.2599,0.2585,0.2624,0.2621,0.2625,0.2635,100.02,0.29,80.13,1.0,0.0016,0.0,0.0,0.007,0.804,0.011,0.0015,0.0496,-0.0008,0.03,-0.04,-0.006,35.9,0.0,0.0,0.0,0,0,0,0,OUTER,READY,1,1
65000,ARM_2,MIXED,20260510,run_00001,0.1259,0.2421,0.3456,0.4242,0.4781,0.5003,0.4907,0.2898,0.2612,0.2182,0.1598,0.0907,0.016,-0.0603,0.3267,0.3733,0.3951,0.3964,0.3697,0.3178,0.2479,126.78,50.03,86.34,0.992,0.1263,0.0,0.0,0.338,0.501,0.31,0.0134,0.0482,0.0055,-0.009,0.034,0.03,36.06,30.0,0.0,0.0,0,0,0,0,OUTER,READY,1,1
65000,ARM_3,MIXED,20260510,run_00001,0.2405,0.4225,0.4976,0.4531,0.2935,0.0598,-0.1864,0.2649,0.1601,0.0191,-0.1278,-0.2449,-0.298,-0.2773,0.374,0.3963,0.3209,0.1652,-0.0302,-0.2188,-0.3538,147.68,98.32,92.43,0.9685,0.249,0.0,0.0,0.855,0.427,0.827,0.0238,0.0429,0.0072,0.002,-0.057,0.023,36.04,30.0,25.0,0.0,0,0,0,0,OUTER,READY,1,1
65000,ARM_4,MIXED,20260510,run_00001,0.3415,0.4991,0.3872,0.0627,-0.2932,-0.4909,-0.4235,0.2188,0.0182,-0.1899,-0.2985,-0.2453,-0.059,0.159,0.3976,0.3218,0.072,-0.2165,-0.3874,-0.349,-0.1229,163.06,143.33,98.39,0.9299,0.3678,0.0,0.0,0.705,0.035,0.761,0.0352,0.0379,0.0116,0.017,0.081,-0.035,36.09,0.0,0.0,0.0,1,0,0,0,OUTER,READY,1,1
66000,ARM_1,MIXED,20260510,run_00001,0.0004,0.0028,0.0047,0.0074,0.009,0.0109,0.012,0.2998,0.298,0.2989,0.3008,0.2996,0.2995,0.301,0.2581,0.2597,0.2603,0.2627,0.2629,0.2643,0.2646,99.96,0.22,80.01,1.0,0.0016,0.0,0.0,0.01,0.807,0.007,0.0008,0.0517,0.0011,-0.029,0.053,0.102,36.08,0.0,0.0,0.0,0,0,0,0,OUTER,READY,1,1
66000,ARM_2,MIXED,20260510,run_00001,0.1257,0.2429,0.3446,0.4254,0.4766,0.4982,0.4902,0.2911,0.2612,0.2165,0.159,0.0885,0.0152,-0.0595,0.327,0.3739,0.3971,0.3976,0.3702,0.3192,0.2476,126.89,50.0,86.36,0.992,0.1263,0.0,0.0,0.341,0.491,0.305,0.0116,0.0497,0.0037,-0.016,0.074,0.057,36.07,30.0,0.0,0.0,0,0,0,0,OUTER,READY,1,1
66000,ARM_3,MIXED,20260510,run_00001,0.241,0.4217,0.5004,0.453,0.2924,0.0604,-0.1876,0.2625,0.16,0.0198,-0.1276,-0.2446,-0.2976,-0.2791,0.374,0.396,0.3209,0.1659,-0.0292,-0.2205,-0.3538,147.6,98.24,92.53,0.9685,0.249,0.0,0.0,0.843,0.423,0.819,0.0234,0.0431,0.008,0.107,-0.01,-0.066,35.99,30.0,25.0,0.0,0,0,0,0,OUTER,READY,1,1
66000,ARM_4,MIXED,20260510,run_00001,0.342,0.5001,0.388,0.0638,-0.2901,-0.4916,-0.4224,0.2214,0.0212,-0.1907,-0.2982,-0.2422,-0.0591,0.1605,0.3963,0.3199,0.0707,-0.2173,-0.3883,-0.3514,-0.1213,162.94,143.46,98.36,0.9299,0.3678,0.0,0.0,0.689,0.047,0.761,0.0338,0.0375,0.0118,-0.024,0.005,0.024,36.16,0.0,0.0,0.0,1,0,0,0,OUTER,READY,1,1
67000,ARM_1,MIXED,20260510,run_00001,0.0014,0.0023,0.0053,0.007,0.0069,0.0106,0.0129,0.2986,0.2988,0.301,0.2996,0.3011,0.3,0.2988,0.2585,0.2602,0.2616,0.2618,0.2628,0.2632,0.2652,100.03,0.33,80.15,1.0,0.0017,0.0,0.0,0.004,0.797,0.004,-0.0018,0.0506,0.0011,0.065,0.032,0.045,36.05,0.0,0.0,0.0,0,0,0,0,OUTER,READY,1,1
67000,ARM_2,MIXED,20260510,run_00001,0.1255,0.2435,0.3423,0.4242,0.4776,0.4989,0.49,0.2889,0.2626,0.2162,0.16,0.089,0.0148,-0.0608,0.3255,0.3742,0.3976,0.3963,0.3704,0.3181,0.2479,126.82,50.09,86.25,0.992,0.1263,0.0,0.0,0.331,0.49,0.318,0.0134,0.048,0.0042,0.041,-0.068,-0.044,36.09,30.0,0.0,0.0,0,0,0,0,OUTER,READY,1,1
67000,ARM_3,MIXED,20260510,run_00001,0.2419,0.4228,0.4983,0.4514,0.2934,0.0599,-0.186,0.2636,0.1616,0.0196,-0.1269,-0.2425,-0.2962,-0.2766,0.3734,0.3965,0.3206,0.1678,-0.0308,-0.2184,-0.3536,147.69,98.3,92.39,0.9685,0.249,0.0,0.0,0.851,0.424,0.813,0.0237,0.0433,0.0086,-0.003,0.039,-0.068,36.07,30.0,25.0,0.0,0,0,0,0,OUTER,READY,1,1
67000,ARM_4,MIXED,20260510,run_00001,0.342,0.4974,0.3868,0.0627,-0.2932,-0.4911,-0.4229,0.2179,0.0185,-0.1919,-0.2981,-0.2426,-0.0592,0.1608,0.3972,0.3209,0.0723,-0.2182,-0.3875,-0.35,-0.1232,162.91,143.46,98.47,0.9299,0.3678,0.0,0.0,0.698,0.036,0.763,0.0346,0.0364,0.0119,-0.048,-0.001,0.031,36.13,0.0,0.0,0.0,1,0,0,0,OUTER,READY,1,1
68000,ARM_1,MIXED,20260510,run_00001,0.0031,0.0023,0.0053,0.008,0.0077,0.0107,0.0121,0.3011,0.3013,0.2999,0.3007,0.2997,0.2994,0.2983,0.2594,0.2617,0.2611,0.261,0.2646,0.2637,0.2655,100.0,0.21,80.03,1.0,0.0017,0.0,0.0,0.012,0.806,0.005,-0.0006,0.0509,0.0002,-0.039,-0.003,-0.027,36.01,0.0,0.0,0.0,0,0,0,0,OUTER,READY,1,1
68000,ARM_2,MIXED,20260510,run_00001,0.1256,0.2408,0.345,0.4259,0.4775,0.5001,0.4894,0.2915,0.2625,0.2178,0.1605,0.0908,0.0159,-0.0603,0.3246,0.3736,0.3975,0.3962,0.3709,0.3211,0.248,126.8,50.07,86.27,0.992,0.1264,0.0,0.0,0.343,0.485,0.303,0.0122,0.0488,0.0031,-0.025,0.009,0.036,36.13,30.0,0.0,0.0,0,0,0,0,OUTER,READY,1,1
68000,ARM_3,MIXED,20260510,run_00001,0.2405,0.4224,0.4982,0.4493,0.2924,0.0592,-0.1868,0.2629,0.1608,0.0183,-0.1298,-0.2435,-0.2983,-0.2791,0.3732,0.3953,0.3226,0.1654,-0.0313,-0.2212,-0.3544,147.68,98.13,92.5,0.9685,0.2491,0.0,0.0,0.838,0.43,0.824,0.0231,0.0424,0.0054,0.002,-0.035,0.048,36.08,30.0,25.0,0.0,0,0,0,0,OUTER,READY,1,1
68000,ARM_4,MIXED,20260510,run_00001,0.3407,0.4988,0.3847,0.0626,-0.2913,-0.4889,-0.4244,0.2174,0.0185,-0.1892,-0.2989,-0.2433,-0.0586,0.1593,0.3981,0.3219,0.0726,-0.2164,-0.3899,-0.3494,-0.1196,162.93,143.46,98.34,0.9299,0.3679,0.0,0.0,0.704,0.04,0.762,0.0339,0.0354,0.0112,-0.016,-0.037,0.0,36.02,0.0,0.0,0.0,1,0,0,0,OUTER,READY,1,1
69000,ARM_1,MIXED,20260510,run_00001,0.0032,0.0039,0.0071,0.0078,0.009,0.0094,0.012,0.3005,0.3006,0.3005,0.2991,0.2991,0.2998,0.3004,0.2601,0.2614,0.2602,0.2626,0.2613,0.2646,0.263,99.99,0.24,80.08,1.0,0.0017,0.0,0.0,0.005,0.802,0.007,0.0007,0.051,0.0011,-0.01,0.082,0.006,36.0,0.0,0.0,0.0,0,0,0,0,OUTER,READY,1,1
69000,ARM_2,MIXED,20260510,run_00001,0.1251,0.2433,0.3438,0.4228,0.4768,0.499,0.4893,0.2915,0.2622,0.2166,0.1583,0.0885,0.0158,-0.0619,0.3265,0.3738,0.3976,0.3962,0.3701,0.3177,0.2483,126.75,50.1,86.32,0.992,0.1264,0.0,0.0,0.339,0.481,0.313,0.0119,0.0477,0.0048,-0.051,-0.012,-0.026,36.1,30.0,0.0,0.0,0,0,0,0,OUTER,READY,1,1
69000,ARM_3,MIXED,20260510,run_00001,0.243,0.4216,0.4982,0.4507,0.2909,0.0607,-0.1877,0.2621,0.1614,0.02,-0.1297,-0.245,-0.2979,-0.2768,0.3736,0.3971,0.3215,0.165,-0.0299,-0.2202,-0.3532,147.61,98.22,92.45,0.9685,0.2491,0.0,0.0,0.848,0.44,0.818,0.0234,0.0437,0.0081,-0.016,0.073,0.029,36.05,30.0,25.0,0.0,0,0,0,0,OUTER,READY,1,1
69000,ARM_4,MIXED,20260510,run_00001,0.3419,0.4979,0.3818,0.0641,-0.2943,-0.4906,-0.4228,0.219,0.0201,-0.1906,-0.299,-0.2431,-0.0587,0.1589,0.3987,0.3223,0.0711,-0.2173,-0.3876,-0.3479,-0.1222,162.95,143.35,98.4,0.9299,0.3679,0.0,0.0,0.697,0.044,0.761,0.0347,0.0364,0.0093,0.002,-0.016,0.047,36.09,0.0,0.0,0.0,1,0,0,0,OUTER,READY,1,1
70000,ARM_1,MIXED,20260510,run_00001,0.0025,0.0045,0.0052,0.0069,0.0072,0.0106,0.0113,0.3001,0.3005,0.2993,0.2974,0.3011,0.303,0.3009,0.259,0.2597,0.2627,0.263,0.264,0.264,0.2635,100.08,0.33,80.1,1.0,0.0017,0.0,0.0,0.015,0.798,-0.001,0.0001,0.0506,0.0002,0.055,0.008,0.063,35.95,0.0,0.0,0.0,0,0,0,0,OUTER,READY,1,1
70000,ARM_2,MIXED,20260510,run_00001,0.1242,0.2425,0.3445,0.4256,0.479,0.499,0.4881,0.2897,0.2632,0.2166,0.1572,0.091,0.0143,-0.0611,0.3267,0.3725,0.3957,0.3962,0.3676,0.3176,0.2474,126.78,50.07,86.48,0.992,0.1264,0.0,0.0,0.352,0.491,0.304,0.0131,0.0478,0.0044,0.023,0.01,0.119,36.07,30.0,0.0,0.0,0,0,0,0,OUTER,READY,1,1
70000,ARM_3,MIXED,20260510,run_00001,0.24,0.424,0.4996,0.4512,0.2909,0.0608,-0.1853,0.2634,0.1617,0.0171,-0.1287,-0.2438,-0.2989,-0.2773,0.373,0.3961,0.3194,0.1663,-0.0303,-0.2172,-0.3541,147.6,98.11,92.43,0.9685,0.2491,0.0,0.0,0.843,0.426,0.818,0.0263,0.045,0.0059,-0.003,-0.034,-0.092,36.07,30.0,25.0,0.0,0,0,0,0,OUTER,READY,1,1
70000,ARM_4,MIXED,20260510,run_00001,0.3419,0.4991,0.3833,0.0626,-0.293,-0.4906,-0.4224,0.2185,0.0181,-0.1907,-0.2976,-0.243,-0.0579,0.1594,0.3972,0.3234,0.0729,-0.2156,-0.387,-0.3508,-0.1232,162.99,143.54,98.41,0.9299,0.3679,0.0,0.0,0.707,0.045,0.761,0.0337,0.0364,0.0108,-0.017,0.028,0.001,36.09,0.0,0.0,0.0,1,0,0,0,OUTER,READY,1,1
71000,ARM_1,MIXED,20260510,run_00001,0.0032,0.0036,0.0048,0.007,0.0091,0.01,0.0128,0.2991,0.3003,0.2991,0.3004,0.2992,0.3009,0.3003,0.2587,0.2592,0.2592,0.2601,0.2637,0.2653,0.2637,99.93,0.31,80.16,1.0,0.0018,0.0,0.0,0.008,0.794,0.011,-0.0002,0.0505,-0.0001,-0.07,0.127,-0.078,36.11,0.0,0.0,0.0,0,0,0,0,OUTER,READY,1,1
71000,ARM_2,MIXED,20260510,run_00001,0.1262,0.2414,0.3442,0.4259,0.476,0.4984,0.4896,0.2908,0.2629,0.2177,0.1585,0.0896,0.0145,-0.0623,0.3269,0.3748,0.3978,0.3973,0.3687,0.3181,0.2477,126.75,50.07,86.33,0.992,0.1264,0.0,0.0,0.343,0.491,0.306,0.0118,0.0486,0.003,-0.065,-0.003,0.071,35.99,30.0,0.0,0.0,0,0,0,0,OUTER,READY,1,1
71000,ARM_3,MIXED,20260510,run_00001,0.2423,0.4219,0.4995,0.4498,0.291,0.0615,-0.1877,0.2646,0.1593,0.0183,-0.1291,-0.2439,-0.2969,-0.2781,0.3719,0.396,0.3192,0.1655,-0.0291,-0.2189,-0.3538,147.61,98.25,92.44,0.9685,0.2491,0.0,0.0,0.852,0.424,0.826,0.0252,0.0443,0.0072,-0.073,0.04,-0.036,36.01,30.0,25.0,0.0,0,0,0,0,OUTER,READY,1,1
71000,ARM_4,MIXED,20260510,run_00001,0.3418,0.4986,0.3858,0.0639,-0.2943,-0.4898,-0.4223,0.2198,0.0193,-0.1904,-0.2971,-0.243,-0.0579,0.1584,0.3967,0.3222,0.0715,-0.2177,-0.3889,-0.3491,-0.122,162.96,143.39,98.43,0.9299,0.3679,0.0,0.0,0.702,0.033,0.753,0.0342,0.0358,0.0116,-0.096,-0.013,0.025,36.11,0.0,0.0,0.0,1,0,0,0,OUTER,READY,1,1
72000,ARM_1,MIXED,20260510,run_00001,0.0029,0.004,0.0054,0.0071,0.0088,0.0098,0.0106,0.3006,0.3006,0.3017,0.2982,0.3003,0.2984,0.3012,0.2601,0.2578,0.2599,0.2604,0.2614,0.2665,0.2669,99.9,0.43,80.09,1.0,0.0018,0.0,0.0,0.007,0.803,-0.001,0.0008,0.0495,0.0004,0.011,0.059,0.039,36.02,0.0,0.0,0.0,0,0,0,0,OUTER,READY,1,1
72000,ARM_2,MIXED,20260510,run_00001,0.125,0.2433,0.3434,0.425,0.4768,0.5013,0.489,0.2908,0.2622,0.2166,0.1583,0.089,0.0164,-0.0622,0.3266,0.375,0.396,0.3955,0.368,0.3156,0.2476,126.86,50.15,86.3,0.992,0.1265,0.0,0.0,0.342,0.477,0.323,0.0114,0.0487,0.0032,-0.122,-0.06,-0.034,36.13,30.0,0.0,0.0,0,0,0,0,OUTER,READY,1,1
72000,ARM_3,MIXED,20260510,run_00001,0.2396,0.4219,0.4985,0.4518,0.2933,0.0589,-0.1866,0.2639,0.159,0.0177,-0.1293,-0.2446,-0.2987,-0.2775,0.3743,0.3969,0.3213,0.1647,-0.0303,-0.2184,-0.3536,147.67,98.34,92.58,0.9685,0.2491,0.0,0.0,0.836,0.417,0.824,0.0246,0.0439,0.006,-0.023,-0.028,-0.034,36.07,30.0,25.0,0.0,0,0,0,0,OUTER,READY,1,1
72000,ARM_4,MIXED,20260510,run_00001,0.3432,0.5007,0.3858,0.0621,-0.2924,-0.4913,-0.4224,0.2188,0.0192,-0.1903,-0.2994,-0.2424,-0.0585,0.1608,0.3969,0.3209,0.0716,-0.2162,-0.3876,-0.3499,-0.1217,162.94,143.36,98.4,0.9298,0.3679,0.0,0.0,0.693,0.036,0.757,0.0331,0.0359,0.0127,0.045,-0.023,0.054,36.06,0.0,0.0,0.0,1,0,0,0,OUTER,READY,1,1
73000,ARM_1,MIXED,20260510,run_00001,0.0006,0.0041,0.0054,0.0059,0.0102,0.009,0.0117,0.3004,0.3011,0.2997,0.2984,0.3017,0.3001,0.2992,0.2583,0.2599,0.2603,0.2627,0.2649,0.2657,0.2628,99.96,0.47,80.06,1.0,0.0018,0.0,0.0,0.005,0.79,0.004,-0.0006,0.0487,0.0001,-0.072,0.033,0.054,36.09,0.0,0.0,0.0,0,0,0,0,OUTER,READY,1,1
73000,ARM_2,MIXED,20260510,run_00001,0.1268,0.2419,0.3446,0.4243,0.4776,0.4996,0.489,0.2905,0.2629,0.2166,0.1579,0.0891,0.0129,-0.0624,0.3252,0.3728,0.397,0.3959,0.3691,0.3178,0.2487,126.78,50.1,86.35,0.992,0.1265,0.0,0.0,0.333,0.489,0.311,0.011,0.0485,0.0051,0.026,0.013,-0.016,35.99,30.0,0.0,0.0,0,0,0,0,OUTER,READY,1,1
73000,ARM_3,MIXED,20260510,run_00001,0.2403,0.4224,0.4995,0.4522,0.2898,0.061,-0.1875,0.2632,0.1605,0.018,-0.1287,-0.2438,-0.2997,-0.2795,0.3703,0.3964,0.32,0.1649,-0.0299,-0.219,-0.3535,147.57,98.32,92.39,0.9685,0.2492,0.0,0.0,0.842,0.43,0.821,0.0235,0.0435,0.0095,-0.015,-0.081,-0.078,35.98,30.0,25.0,0.0,0,0,0,0,OUTER,READY,1,1
73000,ARM_4,MIXED,20260510,run_00001,0.3424,0.4971,0.3842,0.065,-0.2918,-0.4912,-0.4219,0.2173,0.0173,-0.1913,-0.2984,-0.2437,-0.0558,0.161,0.3979,0.3205,0.0722,-0.2173,-0.3883,-0.3489,-0.1216,162.85,143.34,98.43,0.9298,0.368,0.0,0.0,0.694,0.034,0.75,0.0326,0.0363,0.0099,0.065,0.049,-0.024,36.11,0.0,0.0,0.0,1,0,0,0,OUTER,READY,1,1
74000,ARM_1,MIXED,20260510,run_00001,0.0034,0.0038,0.0072,0.0068,0.0096,0.0109,0.0136,0.2987,0.3004,0.3006,0.2997,0.3006,0.3003,0.3017,0.2584,0.2593,0.2627,0.261,0.2623,0.2618,0.2654,100.05,0.45,80.16,1.0,0.0018,0.0,0.0,0.011,0.804,0.013,0.0007,0.0498,0.0003,0.001,-0.005,0.007,35.96,0.0,0.0,0.0,0,0,0,0,OUTER,READY,1,1
74000,ARM_2,MIXED,20260510,run_00001,0.1267,0.2432,0.3446,0.4239,0.476,0.5007,0.4899,0.2913,0.2617,0.217,0.158,0.091,0.0151,-0.0602,0.3275,0.374,0.3992,0.3955,0.3702,0.3178,0.246,126.76,50.09,86.39,0.992,0.1265,0.0,0.0,0.337,0.49,0.311,0.0139,0.0489,0.0029,-0.01,0.044,-0.022,36.02,30.0,0.0,0.0,0,0,0,0,OUTER,READY,1,1
74000,ARM_3,MIXED,20260510,run_00001,0.2419,0.4245,0.4998,0.4515,0.2913,0.0602,-0.1862,0.263,0.1618,0.0181,-0.1291,-0.2442,-0.2966,-0.2765,0.3734,0.3975,0.3197,0.1656,-0.032,-0.2182,-0.3533,147.61,98.21,92.33,0.9685,0.2492,0.0,0.0,0.842,0.428,0.833,0.0233,0.0422,0.0052,-0.046,-0.0,0.028,36.14,30.0,25.0,0.0,0,0,0,0,OUTER,READY,1,1
74000,ARM_4,MIXED,20260510,run_00001,0.3421,0.4996,0.3842,0.0635,-0.293,-0.491,-0.4225,0.2197,0.0196,-0.1934,-0.2988,-0.2444,-0.0565,0.1592,0.3986,0.3207,0.0721,-0.2157,-0.3872,-0.3486,-0.1204,162.95,143.52,98.45,0.9298,0.368,0.0,0.0,0.699,0.037,0.756,0.0347,0.0365,0.0107,-0.007,-0.034,0.029,36.08,0.0,0.0,0.0,1,0,0,0,OUTER,READY,1,1
75000,ARM_1,MIXED,20260510,run_00001,0.001,0.0032,0.0068,0.0069,0.0093,0.0118,0.0127,0.2997,0.3007,0.3002,0.2984,0.3014,0.3002,0.3002,0.2577,0.2612,0.2612,0.2632,0.2619,0.2648,0.2652,99.96,0.36,80.08,1.0,0.0019,0.0,0.0,0.009,0.802,0.009,0.0004,0.0488,0.0015,-0.007,-0.029,0.028,35.99,0.0,0.0,0.0,0,0,0,0,OUTER,READY,1,1
75000,ARM_2,MIXED,20260510,run_00001,0.1259,0.2462,0.3441,0.4245,0.4778,0.4995,0.488,0.291,0.2602,0.2187,0.1573,0.088,0.0154,-0.061,0.3254,0.3744,0.3988,0.3981,0.3693,0.3178,0.245,126.86,50.13,86.39,0.992,0.1265,0.0,0.0,0.346,0.495,0.318,0.01,0.05,0.0033,-0.081,-0.014,0.029,35.96,30.0,0.0,0.0,0,0,0,0,OUTER,READY,1,1
75000,ARM_3,MIXED,20260510,run_00001,0.2415,0.4223,0.5001,0.4507,0.293,0.0593,-0.1891,0.2627,0.1597,0.0173,-0.1287,-0.2439,-0.2989,-0.2775,0.3741,0.3966,0.3197,0.166,-0.0321,-0.219,-0.3517,147.67,98.2,92.41,0.9684,0.2492,0.0,0.0,0.844,0.425,0.822,0.0247,0.0445,0.008,0.079,-0.006,0.048,36.11,30.0,25.0,0.0,0,0,0,0,OUTER,READY,1,1
75000,ARM_4,MIXED,20260510,run_00001,0.3418,0.4987,0.3854,0.0625,-0.2939,-0.4913,-0.4242,0.2194,0.0197,-0.1924,-0.2983,-0.243,-0.0552,0.1604,0.3971,0.3207,0.0711,-0.2184,-0.389,-0.3487,-0.1212,162.91,143.5,98.39,0.9298,0.368,0.0,0.0,0.702,0.036,0.756,0.0347,0.0376,0.0101,-0.08,0.055,0.021,35.92,0.0,0.0,0.0,1,0,0,0,OUTER,READY,1,1
76000,ARM_1,MIXED,20260510,run_00001,0.0014,0.0044,0.0041,0.009,0.0085,0.0118,0.012,0.3005,0.299,0.3003,0.3005,0.3011,0.3005,0.3001,0.2592,0.2597,0.2625,0.2598,0.263,0.2658,0.2667,99.98,0.44,80.14,1.0,0.0019,0.0,0.0,0.013,0.794,0.009,0.0001,0.0486,-0.0013,0.009,0.039,0.053,35.98,0.0,0.0,0.0,0,0,0,0,OUTER,READY,1,1
76000,ARM_2,MIXED,20260510,run_00001,0.1257,0.2442,0.3453,0.4259,0.4775,0.4976,0.49,0.2897,0.2614,0.2188,0.1593,0.0901,0.0139,-0.0607,0.3268,0.3739,0.398,0.3946,0.3696,0.318,0.2484,126.85,50.05,86.28,0.992,0.1266,0.0,0.0,0.345,0.496,0.311,0.0136,0.0478,0.0034,0.046,-0.01,0.094,36.06,30.0,0.0,0.0,0,0,0,0,OUTER,READY,1,1
76000,ARM_3,MIXED,20260510,run_00001,0.2413,0.4234,0.4989,0.4496,0.2924,0.058,-0.1883,0.2618,0.1606,0.0166,-0.1282,-0.2445,-0.2982,-0.2769,0.3722,0.3961,0.3206,0.164,-0.0303,-0.2192,-0.3539,147.59,98.27,92.47,0.9684,0.2492,0.0,0.0,0.839,0.426,0.833,0.0235,0.044,0.0086,0.071,0.135,0.061,36.11,30.0,25.0,0.0,0,0,0,0,OUTER,READY,1,1
76000,ARM_4,MIXED,20260510,run_00001,0.3429,0.4989,0.3859,0.063,-0.2936,-0.4907,-0.423,0.2168,0.0182,-0.1909,-0.2983,-0.2443,-0.0564,0.1592,0.3969,0.3224,0.0704,-0.2168,-0.3887,-0.3491,-0.1206,162.96,143.39,98.42,0.9298,0.368,0.0,0.0,0.694,0.034,0.765,0.0361,0.0366,0.0116,-0.029,-0.011,0.05,36.13,0.0,0.0,0.0,1,0,0,0,OUTER,READY,1,1
77000,ARM_1,MIXED,20260510,run_00001,0.0019,0.0047,0.0051,0.0073,0.0078,0.0134,0.0117,0.2993,0.3014,0.2999,0.3,0.3003,0.3008,0.2992,0.2583,0.26,0.2608,0.2626,0.2632,0.2649,0.2658,100.02,0.46,80.19,1.0,0.0019,0.0,0.0,0.005,0.795,0.006,-0.0012,0.0502,0.0013,-0.011,0.023,0.043,36.04,0.0,0.0,0.0,0,0,0,0,OUTER,READY,1,1
77000,ARM_2,MIXED,20260510,run_00001,0.125,0.245,0.3453,0.4238,0.4765,0.4997,0.4883,0.2899,0.2611,0.2167,0.1593,0.0874,0.0146,-0.0601,0.3272,0.3744,0.3987,0.3966,0.3685,0.319,0.2468,126.75,50.06,86.42,0.992,0.1266,0.0,0.0,0.334,0.492,0.314,0.0122,0.0466,0.0029,0.011,0.079,0.013,35.98,30.0,0.0,0.0,0,0,0,0,OUTER,READY,1,1
77000,ARM_3,MIXED,20260510,run_00001,0.2426,0.423,0.4997,0.4512,0.2915,0.0586,-0.1879,0.2618,0.1601,0.0175,-0.1293,-0.2433,-0.2971,-0.2785,0.3739,0.3948,0.3204,0.1661,-0.0315,-0.2207,-0.3523,147.58,98.27,92.45,0.9684,0.2493,0.0,0.0,0.841,0.423,0.831,0.0242,0.0445,0.0088,-0.011,-0.009,0.06,36.06,30.0,25.0,0.0,0,0,0,0,OUTER,READY,1,1
77000,ARM_4,MIXED,20260510,run_00001,0.343,0.4973,0.3862,0.0656,-0.2913,-0.4926,-0.4217,0.2202,0.0177,-0.1924,-0.2972,-0.2434,-0.0587,0.1611,0.3955,0.3208,0.0727,-0.2181,-0.3884,-0.3469,-0.1198,162.9,143.44,98.4,0.9298,0.3681,0.0,0.0,0.705,0.04,0.768,0.0347,0.0355,0.0104,-0.024,0.052,-0.064,36.15,0.0,0.0,0.0,1,0,0,0,OUTER,READY,1,1
78000,ARM_1,MIXED,20260510,run_00001,0.0025,0.0043,0.0053,0.007,0.0095,0.0097,0.0134,0.3002,0.3008,0.2992,0.2994,0.3006,0.3003,0.3002,0.2563,0.2596,0.2619,0.2619,0.2642,0.2655,0.2657,100.06,0.44,80.08,1.0,0.0019,0.0,0.0,0.01,0.801,-0.002,0.0018,0.051,0.0007,0.079,-0.051,0.003,36.01,0.0,0.0,0.0,0,0,0,0,OUTER,READY,1,1
78000,ARM_2,MIXED,20260510,run_00001,0.1267,0.2449,0.3454,0.4239,0.4789,0.4998,0.4893,0.2891,0.2621,0.2153,0.1567,0.0872,0.0145,-0.0623,0.326,0.3754,0.3958,0.3954,0.3687,0.3177,0.2458,126.78,50.18,86.32,0.992,0.1266,0.0,0.0,0.342,0.485,0.321,0.0123,0.0493,0.0023,0.121,-0.033,0.076,36.03,30.0,0.0,0.0,0,0,0,0,OUTER,READY,1,1
78000,ARM_3,MIXED,20260510,run_00001,0.2404,0.4214,0.4985,0.4513,0.2914,0.0572,-0.1876,0.2634,0.1592,0.019,-0.1294,-0.243,-0.2967,-0.2781,0.3743,0.396,0.3194,0.1653,-0.0313,-0.219,-0.3542,147.56,98.33,92.5,0.9684,0.2493,0.0,0.0,0.847,0.428,0.821,0.0239,0.0423,0.0062,-0.043,-0.074,-0.09,36.08,30.0,25.0,0.0,0,0,0,0,OUTER,READY,1,1
78000,ARM_4,MIXED,20260510,run_00001,0.3424,0.4985,0.3856,0.0637,-0.2928,-0.4911,-0.4229,0.2188,0.0198,-0.1904,-0.299,-0.2418,-0.0536,0.1611,0.3968,0.3217,0.0711,-0.2167,-0.3896,-0.3501,-0.121,162.95,143.41,98.38,0.9298,0.3681,0.0,0.0,0.7,0.04,0.76,0.0346,0.0349,0.012,-0.033,0.077,0.001,36.07,0.0,0.0,0.0,1,0,0,0,OUTER,READY,1,1
79000,ARM_1,MIXED,20260510,run_00001,0.0014,0.0061,0.0068,0.0076,0.0102,0.0134,0.0148,0.3,0.2999,0.3011,0.2992,0.301,0.2999,0.2988,0.2604,0.2616,0.2618,0.2627,0.263,0.2621,0.2664,99.97,0.4,80.11,1.0,0.002,0.0,0.0,0.005,0.801,0.003,-0.0016,0.05,0.0017,0.015,-0.026,-0.004,36.02,0.0,0.0,0.0,0,0,0,0,OUTER,READY,1,1
79000,ARM_2,MIXED,20260510,run_00001,0.1272,0.242,0.3473,0.4255,0.4777,0.502,0.4886,0.2916,0.2612,0.2168,0.1575,0.0904,0.0135,-0.0624,0.3253,0.3745,0.3961,0.3963,0.3685,0.3186,0.2449,126.81,50.16,86.28,0.9919,0.1266,0.0,0.0,0.333,0.481,0.312,0.0141,0.0485,0.0037,-0.081,-0.024,0.024,35.99,30.0,0.0,0.0,0,0,0,0,OUTER,READY,1,1
79000,ARM_3,MIXED,20260510,run_00001,0.2405,0.4247,0.4979,0.4505,0.2908,0.0601,-0.1891,0.2645,0.1605,0.0181,-0.1317,-0.2431,-0.2991,-0.2797,0.3718,0.395,0.3203,0.1651,-0.0325,-0.2196,-0.3518,147.54,98.3,92.54,0.9684,0.2493,0.0,0.0,0.85,0.428,0.826,0.0244,0.0443,0.0073,0.001,0.013,0.054,36.07,30.0,25.0,0.0,0,0,0,0,OUTER,READY,1,1
79000,ARM_4,MIXED,20260510,run_00001,0.3409,0.4972,0.3838,0.0646,-0.2947,-0.4931,-0.4217,0.2165,0.019,-0.1906,-0.2993,-0.2425,-0.0547,0.1621,0.3977,0.3225,0.0711,-0.2181,-0.3896,-0.3511,-0.1196,162.95,143.5,98.37,0.9298,0.3681,0.0,0.0,0.707,0.039,0.759,0.0361,0.0361,0.0105,-0.044,-0.1,-0.011,35.99,0.0,0.0,0.0,1,0,0,0,OUTER,READY,1,1
80000,ARM_1,MIXED,20260510,run_00001,0.0025,0.004,0.0065,0.0074,0.0112,0.0127,0.0135,0.2988,0.3017,0.3011,0.2999,0.3008,0.2993,0.3011,0.2579,0.2602,0.2619,0.2624,0.2635,0.2636,0.2682,100.06,0.42,80.08,1.0,0.002,0.0,0.0,0.012,0.798,0.013,-0.0006,0.05,-0.0013,0.058,0.055,0.057,36.01,0.0,0.0,0.0,0,0,0,0,OUTER,READY,1,1
80000,ARM_2,MIXED,20260510,run_00001,0.1257,0.2441,0.3437,0.4248,0.4782,0.5,0.49,0.2913,0.2625,0.2175,0.1598,0.089,0.0143,-0.0615,0.3261,0.3736,0.3964,0.3966,0.369,0.3179,0.2461,126.8,50.19,86.36,0.9919,0.1267,0.0,0.0,0.342,0.492,0.306,0.0131,0.0492,0.0027,-0.048,-0.037,-0.049,36.01,30.0,0.0,0.0,0,0,0,0,OUTER,READY,1,1
80000,ARM_3,MIXED,20260510,run_00001,0.2427,0.4225,0.4972,0.4517,0.2911,0.0598,-0.1899,0.2608,0.1593,0.0179,-0.1294,-0.2419,-0.2972,-0.2764,0.3723,0.3964,0.3185,0.1651,-0.0312,-0.2185,-0.3538,147.6,98.29,92.39,0.9684,0.2493,0.0,0.0,0.845,0.419,0.829,0.0249,0.043,0.0085,-0.049,0.051,0.052,36.1,30.0,25.0,0.0,0,0,0,0,OUTER,READY,1,1
80000,ARM_4,MIXED,20260510,run_00001,0.3424,0.5006,0.3855,0.0636,-0.295,-0.4917,-0.4215,0.218,0.0194,-0.1912,-0.2986,-0.2434,-0.0547,0.1596,0.3971,0.3222,0.0708,-0.2158,-0.3873,-0.3497,-0.1175,162.94,143.42,98.45,0.9298,0.3681,0.0,0.0,0.707,0.041,0.757,0.0328,0.0348,0.0112,0.018,-0.053,0.064,36.15,0.0,0.0,0.0,1,0,0,0,OUTER,READY,1,1
81000,ARM_1,MIXED,20260510,run_00001,0.003,0.0032,0.0071,0.01,0.0094,0.0124,0.0143,0.3,0.2999,0.3007,0.3013,0.3014,0.2999,0.2993,0.2605,0.2602,0.2612,0.2612,0.2642,0.2667,0.2673,100.06,0.42,80.07,1.0,0.002,0.0,0.0,0.01,0.8,0.007,-0.0004,0.0519,-0.0001,-0.007,-0.026,-0.025,35.85,0.0,0.0,0.0,0,0,0,0,OUTER,READY,1,1
81000,ARM_2,MIXED,20260510,run_00001,0.1255,0.2424,0.3459,0.4243,0.479,0.5002,0.491,0.2903,0.2639,0.2173,0.1585,0.088,0.0145,-0.0602,0.3267,0.3743,0.3974,0.3944,0.3679,0.318,0.2457,126.89,50.14,86.34,0.9919,0.1267,0.0,0.0,0.341,0.486,0.315,0.0117,0.0473,0.0044,-0.087,-0.044,0.066,36.02,30.0,0.0,0.0,0,0,0,0,OUTER,READY,1,1
81000,ARM_3,MIXED,20260510,run_00001,0.2415,0.4232,0.5002,0.4512,0.2923,0.0587,-0.1887,0.2632,0.1602,0.0173,-0.1286,-0.2424,-0.2981,-0.2766,0.3747,0.3965,0.3202,0.1648,-0.0311,-0.2206,-0.3541,147.48,98.29,92.45,0.9684,0.2494,0.0,0.0,0.849,0.426,0.826,0.0231,0.0436,0.0064,-0.055,-0.008,0.11,36.08,30.0,25.0,0.0,0,0,0,0,OUTER,READY,1,1
81000,ARM_4,MIXED,20260510,run_00001,0.3424,0.4997,0.384,0.0618,-0.2951,-0.4924,-0.4218,0.2178,0.0188,-0.1923,-0.2982,-0.2417,-0.0558,0.1576,0.3977,0.3202,0.0718,-0.2193,-0.3903,-0.348,-0.1197,162.92,143.49,98.42,0.9298,0.3682,0.0,0.0,0.695,0.037,0.759,0.0321,0.036,0.0093,-0.051,-0.004,-0.072,36.19,0.0,0.0,0.0,1,0,0,0,OUTER,READY,1,1
82000,ARM_1,MIXED,20260510,run_00001,0.0027,0.0035,0.0053,0.0092,0.0102,0.0115,0.0132,0.3004,0.3012,0.3005,0.2994,0.2988,0.2993,0.3006,0.2606,0.26,0.261,0.2617,0.266,0.2647,0.2664,99.94,0.42,80.04,1.0,0.002,0.0,0.0,0.009,0.8,0.007,-0.0004,0.0495,-0.0003,0.05,0.063,-0.014,35.94,0.0,0.0,0.0,0,0,0,0,OUTER,READY,1,1
82000,ARM_2,MIXED,20260510,run_00001,0.1252,0.2422,0.3441,0.4236,0.478,0.5002,0.4893,0.2892,0.2618,0.2169,0.1585,0.0864,0.0136,-0.0628,0.3258,0.375,0.3968,0.3947,0.3695,0.3168,0.2471,126.86,50.11,86.36,0.9919,0.1267,0.0,0.0,0.343,0.494,0.315,0.0123,0.0488,0.0029,-0.036,0.029,0.014,36.13,30.0,0.0,0.0,0,0,0,0,OUTER,READY,1,1
82000,ARM_3,MIXED,20260510,run_00001,0.2422,0.4217,0.4995,0.4506,0.2908,0.0579,-0.1887,0.2639,0.1597,0.0169,-0.1287,-0.2425,-0.2992,-0.2783,0.3731,0.3968,0.3205,0.1646,-0.031,-0.2196,-0.3545,147.65,98.25,92.48,0.9684,0.2494,0.0,0.0,0.859,0.425,0.825,0.0269,0.0442,0.0092,0.031,-0.046,0.005,36.1,30.0,25.0,0.0,0,0,0,0,OUTER,READY,1,1
82000,ARM_4,MIXED,20260510,run_00001,0.3427,0.4988,0.3838,0.0629,-0.291,-0.4902,-0.423,0.2197,0.0167,-0.1926,-0.2984,-0.2429,-0.0567,0.1611,0.399,0.321,0.0713,-0.2192,-0.3892,-0.3489,-0.1211,162.85,143.4,98.33,0.9298,0.3682,0.0,0.0,0.706,0.034,0.767,0.0348,0.036,0.01,0.026,-0.016,0.012,36.12,0.0,0.0,0.0,1,0,0,0,OUTER,READY,1,1
83000,ARM_1,MIXED,20260510,run_00001,0.0011,0.0046,0.0066,0.0075,0.0108,0.0149,0.015,0.3007,0.3003,0.2999,0.2991,0.2989,0.301,0.3006,0.2573,0.261,0.2611,0.2629,0.2632,0.2661,0.2667,99.99,0.46,79.99,1.0,0.0021,0.0,0.0,0.002,0.805,0.011,0.0003,0.0504,0.002,-0.041,-0.022,0.083,36.04,0.0,0.0,0.0,0,0,0,0,OUTER,READY,1,1
83000,ARM_2,MIXED,20260510,run_00001,0.1247,0.2437,0.3456,0.4253,0.4765,0.5005,0.4892,0.291,0.262,0.2163,0.1591,0.0869,0.0143,-0.0623,0.3248,0.3761,0.3973,0.3959,0.3689,0.3171,0.2465,126.79,50.1,86.33,0.9919,0.1267,0.0,0.0,0.334,0.484,0.309,0.0122,0.0479,0.0043,-0.059,-0.051,0.006,36.0,30.0,0.0,0.0,0,0,0,0,OUTER,READY,1,1
83000,ARM_3,MIXED,20260510,run_00001,0.2413,0.4218,0.4988,0.4534,0.291,0.0563,-0.1879,0.2619,0.1588,0.0164,-0.1303,-0.2446,-0.3004,-0.2766,0.373,0.3965,0.3197,0.1668,-0.0316,-0.2182,-0.3546,147.59,98.27,92.43,0.9684,0.2494,0.0,0.0,0.855,0.423,0.833,0.0243,0.0446,0.0062,0.034,0.089,-0.027,36.17,30.0,25.0,0.0,0,0,0,0,OUTER,READY,1,1
83000,ARM_4,MIXED,20260510,run_00001,0.3434,0.4994,0.3842,0.061,-0.295,-0.4906,-0.4223,0.2191,0.0177,-0.1935,-0.2964,-0.2415,-0.0569,0.1617,0.3983,0.3215,0.0706,-0.215,-0.3875,-0.3488,-0.119,162.94,143.49,98.39,0.9297,0.3682,0.0,0.0,0.696,0.036,0.763,0.0334,0.0359,0.011,0.112,-0.05,-0.075,36.12,0.0,0.0,0.0,1,0,0,0,OUTER,READY,1,1
84000,ARM_1,MIXED,20260510,run_00001,0.0027,0.0037,0.0051,0.0082,0.0099,0.0114,0.0128,0.3005,0.2997,0.2997,0.2989,0.299,0.302,0.2992,0.2565,0.26,0.2613,0.2634,0.2634,0.2666,0.2674,100.03,0.43,80.08,1.0,0.0021,0.0,0.0,0.009,0.798,-0.004,0.0018,0.0509,-0.0001,-0.007,-0.011,-0.057,36.02,0.0,0.0,0.0,0,0,0,0,OUTER,READY,1,1
84000,ARM_2,MIXED,20260510,run_00001,0.1235,0.2437,0.347,0.4256,0.479,0.5001,0.4914,0.2898,0.2635,0.2156,0.1566,0.0888,0.0125,-0.0624,0.3269,0.3727,0.3978,0.3947,0.3685,0.3175,0.2454,126.75,50.21,86.33,0.9919,0.1268,0.0,0.0,0.339,0.479,0.314,0.0124,0.0462,0.0035,0.063,-0.048,0.052,35.99,30.0,0.0,0.0,0,0,0,0,OUTER,READY,1,1
84000,ARM_3,MIXED,20260510,run_00001,0.2413,0.424,0.4984,0.4497,0.2922,0.0586,-0.189,0.2631,0.16,0.017,-0.1304,-0.2441,-0.2971,-0.2798,0.374,0.3961,0.3198,0.1637,-0.0317,-0.2222,-0.354,147.61,98.3,92.49,0.9684,0.2494,0.0,0.0,0.841,0.429,0.822,0.0259,0.044,0.0081,-0.026,0.083,-0.052,36.04,30.0,25.0,0.0,0,0,0,0,OUTER,READY,1,1
84000,ARM_4,MIXED,20260510,run_00001,0.3424,0.4982,0.3867,0.0611,-0.2957,-0.4916,-0.4208,0.2185,0.0184,-0.1931,-0.2976,-0.2428,-0.0561,0.1579,0.3976,0.3227,0.072,-0.2199,-0.3878,-0.3488,-0.1197,162.81,143.47,98.38,0.9297,0.3682,0.0,0.0,0.693,0.03,0.759,0.0322,0.0364,0.0106,0.001,0.08,-0.006,36.12,0.0,0.0,0.0,1,0,0,0,OUTER,READY,1,1
85000,ARM_1,MIXED,20260510,run_00001,0.0004,0.003,0.0055,0.0096,0.0107,0.0128,0.0137,0.3008,0.3,0.301,0.3018,0.3017,0.3015,0.2988,0.26,0.259,0.2615,0.2627,0.2638,0.2654,0.2662,99.93,0.44,80.15,1.0,0.0021,0.0,0.0,0.007,0.803,0.001,-0.0,0.0492,0.0017,-0.081,0.059,0.03,36.01,0.0,0.0,0.0,0,0,0,0,OUTER,READY,1,1
85000,ARM_2,MIXED,20260510,run_00001,0.1265,0.2438,0.3453,0.426,0.4772,0.4983,0.4899,0.2895,0.2626,0.2174,0.1554,0.0883,0.0147,-0.0619,0.3247,0.3738,0.3976,0.3956,0.368,0.3171,0.2438,126.74,50.21,86.39,0.9919,0.1268,0.0,0.0,0.343,0.485,0.308,0.0128,0.0482,0.0028,-0.087,0.04,-0.002,35.97,30.0,0.0,0.0,0,0,0,0,OUTER,READY,1,1
85000,ARM_3,MIXED,20260510,run_00001,0.2412,0.4225,0.5005,0.45,0.29,0.0559,-0.1893,0.2611,0.1629,0.0177,-0.128,-0.2436,-0.2982,-0.2788,0.3734,0.3969,0.3195,0.1652,-0.0333,-0.2205,-0.3533,147.54,98.33,92.6,0.9684,0.2495,0.0,0.0,0.844,0.428,0.816,0.0251,0.0452,0.0071,0.061,0.025,0.01,36.06,30.0,25.0,0.0,0,0,0,0,OUTER,READY,1,1
85000,ARM_4,MIXED,20260510,run_00001,0.3426,0.4973,0.3841,0.0623,-0.2945,-0.4919,-0.4216,0.2177,0.0179,-0.1926,-0.2969,-0.2431,-0.0557,0.1605,0.3973,0.3207,0.0693,-0.2165,-0.3888,-0.3486,-0.1203,162.95,143.56,98.46,0.9297,0.3682,0.0,0.0,0.7,0.035,0.76,0.0348,0.0361,0.01,0.071,-0.05,-0.012,36.11,0.0,0.0,0.0,1,0,0,0,OUTER,READY,1,1
86000,ARM_1,MIXED,20260510,run_00001,0.002,0.0026,0.0058,0.0086,0.0108,0.0118,0.0166,0.2982,0.2996,0.3004,0.3014,0.2995,0.2996,0.2986,0.2596,0.2596,0.2618,0.2626,0.2645,0.2628,0.2655,100.05,0.46,80.03,1.0,0.0021,0.0,0.0,0.01,0.798,0.011,0.001,0.0475,0.0026,-0.059,-0.001,-0.014,36.06,0.0,0.0,0.0,0,0,0,0,OUTER,READY,1,1
86000,ARM_2,MIXED,20260510,run_00001,0.1259,0.2428,0.3457,0.4241,0.4785,0.4991,0.4889,0.291,0.2627,0.2161,0.1569,0.0893,0.0113,-0.0631,0.3268,0.3738,0.3955,0.3943,0.3693,0.317,0.2459,126.77,50.14,86.34,0.9919,0.1268,0.0,0.0,0.338,0.494,0.312,0.0142,0.0474,0.0051,-0.006,-0.071,-0.039,36.15,30.0,0.0,0.0,0,0,0,0,OUTER,READY,1,1
86000,ARM_3,MIXED,20260510,run_00001,0.2426,0.4219,0.499,0.4509,0.2915,0.0588,-0.1882,0.2624,0.1589,0.018,-0.1293,-0.2428,-0.2992,-0.2781,0.3752,0.3974,0.3207,0.1647,-0.0308,-0.2197,-0.3539,147.61,98.33,92.49,0.9684,0.2495,0.0,0.0,0.852,0.425,0.821,0.0248,0.0423,0.0078,0.07,0.047,-0.027,36.07,30.0,25.0,0.0,0,0,0,0,OUTER,READY,1,1
86000,ARM_4,MIXED,20260510,run_00001,0.3423,0.498,0.3858,0.0629,-0.2946,-0.4921,-0.4217,0.2183,0.0184,-0.1917,-0.2982,-0.2436,-0.0554,0.1619,0.3968,0.3213,0.0724,-0.2167,-0.3878,-0.3491,-0.1203,162.82,143.54,98.41,0.9297,0.3683,0.0,0.0,0.704,0.044,0.755,0.033,0.035,0.0114,0.078,0.031,-0.044,36.08,0.0,0.0,0.0,1,0,0,0,OUTER,READY,1,1
87000,ARM_1,MIXED,20260510,run_00001,0.0033,0.0053,0.0054,0.0091,0.0093,0.0124,0.0142,0.2995,0.3004,0.2999,0.3014,0.3004,0.2989,0.2996,0.2587,0.259,0.2594,0.2605,0.2633,0.2652,0.2662,99.92,0.49,80.1,1.0,0.0022,0.0,0.0,0.008,0.798,0.015,0.0003,0.0495,-0.0008,0.011,0.061,0.015,36.02,0.0,0.0,0.0,0,0,0,0,OUTER,READY,1,1
87000,ARM_2,MIXED,20260510,run_00001,0.1252,0.2429,0.3446,0.4246,0.4786,0.4998,0.4895,0.2899,0.2631,0.217,0.1579,0.0894,0.0127,-0.0621,0.3266,0.3754,0.3988,0.3959,0.3689,0.3178,0.2458,126.76,50.25,86.44,0.9919,0.1268,0.0,0.0,0.336,0.488,0.311,0.0125,0.05,0.0029,-0.018,0.014,0.003,35.99,30.0,0.0,0.0,0,0,0,0,OUTER,READY,1,1
87000,ARM_3,MIXED,20260510,run_00001,0.2414,0.4227,0.5009,0.4529,0.2909,0.0568,-0.1907,0.2621,0.1595,0.0178,-0.1321,-0.246,-0.2991,-0.2783,0.3716,0.3959,0.321,0.165,-0.0321,-0.2209,-0.3543,147.55,98.24,92.52,0.9684,0.2495,0.0,0.0,0.834,0.414,0.825,0.025,0.0432,0.0081,0.022,0.011,-0.053,36.14,30.0,25.0,0.0,0,0,0,0,OUTER,READY,1,1
87000,ARM_4,MIXED,20260510,run_00001,0.3418,0.5012,0.3834,0.0603,-0.2938,-0.4919,-0.423,0.2195,0.0178,-0.1913,-0.2952,-0.2436,-0.0547,0.1613,0.399,0.3222,0.07,-0.2183,-0.3889,-0.3474,-0.1198,162.89,143.6,98.37,0.9297,0.3683,0.0,0.0,0.704,0.039,0.762,0.0337,0.0366,0.0108,-0.066,0.038,0.046,36.12,0.0,0.0,0.0,1,0,0,0,OUTER,READY,1,1
88000,ARM_1,MIXED,20260510,run_00001,0.0038,0.0038,0.008,0.0091,0.0104,0.0124,0.0161,0.2999,0.2995,0.3005,0.3015,0.3021,0.2985,0.2998,0.2572,0.26,0.2604,0.2646,0.2652,0.2654,0.2651,100.0,0.47,80.15,1.0,0.0022,0.0,0.0,0.008,0.799,0.01,0.0004,0.0499,-0.0002,0.026,-0.021,-0.002,36.07,0.0,0.0,0.0,0,0,0,0,OUTER,READY,1,1
88000,ARM_2,MIXED,20260510,run_00001,0.1248,0.2435,0.3472,0.4264,0.4796,0.5,0.4861,0.2896,0.2603,0.215,0.1584,0.0895,0.0139,-0.0629,0.3261,0.3742,0.3977,0.3948,0.3696,0.3185,0.2458,126.75,50.14,86.29,0.9919,0.1269,0.0,0.0,0.338,0.491,0.317,0.0131,0.049,0.0022,0.041,-0.067,-0.019,36.01,30.0,0.0,0.0,0,0,0,0,OUTER,READY,1,1
88000,ARM_3,MIXED,20260510,run_00001,0.242,0.4226,0.5,0.4509,0.2899,0.0585,-0.1901,0.2632,0.159,0.017,-0.128,-0.2434,-0.3013,-0.2779,0.3732,0.3967,0.3197,0.1631,-0.031,-0.2205,-0.3543,147.6,98.31,92.43,0.9684,0.2495,0.0,0.0,0.853,0.422,0.824,0.0237,0.044,0.0084,-0.03,0.012,-0.044,36.06,30.0,25.0,0.0,0,0,0,0,OUTER,READY,1,1
88000,ARM_4,MIXED,20260510,run_00001,0.3429,0.4989,0.3861,0.0611,-0.2953,-0.4913,-0.4214,0.218,0.0195,-0.1906,-0.2967,-0.2426,-0.0566,0.1616,0.3993,0.3229,0.0718,-0.2184,-0.3889,-0.3489,-0.1204,162.89,143.52,98.38,0.9297,0.3683,0.0,0.0,0.701,0.024,0.766,0.0325,0.0388,0.0101,-0.005,-0.034,-0.086,36.04,0.0,0.0,0.0,1,0,0,0,OUTER,READY,1,1
89000,ARM_1,MIXED,20260510,run_00001,0.0028,0.0035,0.0048,0.0084,0.0122,0.0127,0.0154,0.3002,0.301,0.2991,0.299,0.2992,0.2999,0.3008,0.2581,0.2602,0.2617,0.2624,0.2652,0.2663,0.2665,100.01,0.4,80.14,1.0,0.0022,0.0,0.0,0.008,0.802,0.009,0.0026,0.0526,-0.0017,-0.009,-0.049,-0.029,35.94,0.0,0.0,0.0,0,0,0,0,OUTER,READY,1,1
89000,ARM_2,MIXED,20260510,run_00001,0.1252,0.2431,0.3456,0.4251,0.4761,0.4997,0.4892,0.2895,0.2631,0.2172,0.1581,0.0871,0.0142,-0.0619,0.326,0.3727,0.3984,0.3956,0.3679,0.3168,0.245,126.88,50.23,86.37,0.9919,0.1269,0.0,0.0,0.338,0.488,0.311,0.0123,0.0477,0.0042,0.055,-0.055,0.006,36.11,30.0,0.0,0.0,0,0,0,0,OUTER,READY,1,1
89000,ARM_3,MIXED,20260510,run_00001,0.2409,0.4241,0.5002,0.4482,0.2887,0.0572,-0.1904,0.2623,0.1596,0.0182,-0.1291,-0.243,-0.2978,-0.2785,0.3731,0.3967,0.3193,0.1649,-0.0303,-0.2218,-0.356,147.6,98.28,92.39,0.9684,0.2496,0.0,0.0,0.842,0.436,0.821,0.0248,0.0427,0.0075,-0.111,0.014,0.145,36.05,30.0,25.0,0.0,0,0,0,0,OUTER,READY,1,1
89000,ARM_4,MIXED,20260510,run_00001,0.3423,0.4979,0.3837,0.0625,-0.294,-0.4903,-0.4227,0.2194,0.0197,-0.1919,-0.2981,-0.2416,-0.0555,0.1601,0.396,0.3211,0.072,-0.2189,-0.3886,-0.348,-0.1212,162.98,143.43,98.34,0.9297,0.3683,0.0,0.0,0.692,0.036,0.764,0.0347,0.0369,0.0124,-0.031,-0.116,0.129,36.09,0.0,0.0,0.0,1,0,0,0,OUTER,READY,1,1
90000,ARM_1,MIXED,20260510,run_00001,0.0028,0.005,0.0075,0.0092,0.0117,0.0123,0.0175,0.2994,0.3001,0.2979,0.3004,0.3014,0.3015,0.2999,0.2606,0.2595,0.2626,0.2618,0.2628,0.2669,0.2672,100.07,0.47,80.05,1.0,0.0022,0.0,0.0,0.013,0.804,0.009,-0.0004,0.0498,-0.0001,0.025,0.051,-0.006,36.0,0.0,0.0,0.0,0,0,0,0,OUTER,READY,1,1
90000,ARM_2,MIXED,20260510,run_00001,0.1263,0.2433,0.3464,0.4262,0.4775,0.5012,0.4903,0.2892,0.2646,0.2151,0.156,0.088,0.0129,-0.0619,0.3278,0.3744,0.3966,0.3955,0.3687,0.316,0.2463,126.77,50.1,86.35,0.9919,0.1269,0.0,0.0,0.334,0.491,0.312,0.0126,0.0495,0.0039,0.076,0.034,0.177,35.98,30.0,0.0,0.0,0,0,0,0,OUTER,READY,1,1
90000,ARM_3,MIXED,20260510,run_00001,0.2423,0.4239,0.4979,0.4504,0.2906,0.0569,-0.1905,0.2634,0.1602,0.0142,-0.1296,-0.2445,-0.2972,-0.2775,0.3737,0.397,0.3202,0.1641,-0.0318,-0.2214,-0.3552,147.57,98.33,92.5,0.9684,0.2496,0.0,0.0,0.849,0.432,0.823,0.0248,0.0434,0.0074,0.074,-0.005,-0.087,36.07,30.0,25.0,0.0,0,0,0,0,OUTER,READY,1,1
90000,ARM_4,MIXED,20260510,run_00001,0.3428,0.4971,0.3857,0.0619,-0.2918,-0.4917,-0.4221,0.2191,0.0176,-0.1917,-0.2988,-0.2428,-0.0553,0.1618,0.3969,0.3209,0.0718,-0.2172,-0.39,-0.3477,-0.1191,162.79,143.42,98.33,0.9297,0.3684,0.0,0.0,0.699,0.038,0.765,0.0335,0.0362,0.012,0.029,-0.016,0.052,36.11,0.0,0.0,0.0,1,0,0,0,OUTER,READY,1,1
91000,ARM_1,MIXED,20260510,run_00001,0.0021,0.0046,0.0064,0.0095,0.0087,0.0126,0.0165,0.3006,0.2987,0.2993,0.3009,0.2999,0.3,0.2988,0.2607,0.2617,0.2614,0.2631,0.2667,0.2649,0.267,100.09,0.49,80.05,1.0,0.0023,0.0,0.0,0.018,0.805,0.005,0.0002,0.0507,-0.0009,0.009,0.001,-0.059,36.01,0.0,0.0,0.0,0,0,0,0,OUTER,READY,1,1
91000,ARM_2,MIXED,20260510,run_00001,0.1263,0.2435,0.3461,0.425,0.4772,0.4998,0.4898,0.2914,0.2608,0.2178,0.1575,0.0886,0.0134,-0.0628,0.3288,0.3748,0.3983,0.397,0.3686,0.3183,0.2445,126.75,50.11,86.34,0.9919,0.1269,0.0,0.0,0.347,0.483,0.324,0.0136,0.0482,0.0045,-0.109,0.068,-0.097,36.03,30.0,0.0,0.0,0,0,0,0,OUTER,READY,1,1
91000,ARM_3,MIXED,20260510,run_00001,0.2421,0.4237,0.4989,0.4499,0.2904,0.0577,-0.1902,0.2625,0.1594,0.0163,-0.1296,-0.2437,-0.2983,-0.2763,0.3732,0.3959,0.3194,0.1664,-0.0318,-0.2228,-0.3532,147.61,98.37,92.42,0.9683,0.2496,0.0,0.0,0.849,0.427,0.813,0.0248,0.0445,0.0067,0.078,-0.067,-0.055,36.16,30.0,25.0,0.0,0,0,0,0,OUTER,READY,1,1
91000,ARM_4,MIXED,20260510,run_00001,0.3414,0.498,0.3856,0.0599,-0.2954,-0.491,-0.4204,0.2182,0.0187,-0.1924,-0.2989,-0.2415,-0.0548,0.1632,0.3981,0.3214,0.0723,-0.2168,-0.3892,-0.3473,-0.1193,162.91,143.49,98.43,0.9297,0.3684,0.0,0.0,0.7,0.037,0.764,0.0359,0.0369,0.0117,0.03,0.006,-0.065,36.11,0.0,0.0,0.0,1,0,0,0,OUTER,READY,1,1
92000,ARM_1,MIXED,20260510,run_00001,0.0023,0.0041,0.0076,0.0099,0.0102,0.0133,0.0171,0.2992,0.2995,0.2995,0.2992,0.2984,0.3004,0.3008,0.2565,0.2609,0.2634,0.2638,0.2651,0.2659,0.2673,99.91,0.46,80.14,1.0,0.0023,0.0,0.0,0.001,0.798,0.011,0.0023,0.0487,-0.0007,0.063,-0.035,0.02,36.08,0.0,0.0,0.0,0,0,0,0,OUTER,READY,1,1
92000,ARM_2,MIXED,20260510,run_00001,0.1261,0.2438,0.3477,0.4244,0.4784,0.4997,0.4903,0.2906,0.2614,0.2169,0.1566,0.0882,0.0127,-0.0647,0.3272,0.3733,0.3973,0.3966,0.369,0.3166,0.2453,126.83,50.17,86.34,0.9919,0.127,0.0,0.0,0.338,0.488,0.304,0.0131,0.0474,0.0036,0.011,-0.026,-0.03,36.07,30.0,0.0,0.0,0,0,0,0,OUTER,READY,1,1
92000,ARM_3,MIXED,20260510,run_00001,0.2406,0.4241,0.4998,0.4519,0.2912,0.057,-0.1908,0.2631,0.1602,0.0197,-0.1325,-0.2451,-0.299,-0.2775,0.3736,0.3962,0.3195,0.1641,-0.03,-0.2191,-0.3544,147.51,98.32,92.56,0.9683,0.2496,0.0,0.0,0.85,0.428,0.825,0.0234,0.0439,0.0062,-0.01,-0.002,0.032,36.13,30.0,25.0,0.0,0,0,0,0,OUTER,READY,1,1
92000,ARM_4,MIXED,20260510,run_00001,0.3429,0.4999,0.3844,0.0614,-0.2938,-0.4915,-0.4192,0.2189,0.0193,-0.1936,-0.2981,-0.2416,-0.0552,0.1615,0.3957,0.3214,0.0695,-0.2179,-0.3899,-0.3496,-0.1179,162.96,143.42,98.39,0.9297,0.3684,0.0,0.0,0.702,0.036,0.764,0.0325,0.0354,0.0127,-0.012,0.081,0.017,36.12,0.0,0.0,0.0,1,0,0,0,OUTER,READY,1,1
93000,ARM_1,MIXED,20260510,run_00001,0.0038,0.0032,0.0076,0.0089,0.0106,0.0137,0.0161,0.2998,0.2998,0.3016,0.3001,0.2993,0.2999,0.2992,0.2607,0.2605,0.2608,0.2638,0.2633,0.2656,0.2681,100.02,0.51,80.2,1.0,0.0023,0.0,0.0,0.003,0.807,0.009,0.0008,0.0495,-0.0013,-0.003,0.069,0.009,35.99,0.0,0.0,0.0,0,0,0,0,OUTER,READY,1,1
93000,ARM_2,MIXED,20260510,run_00001,0.1263,0.2439,0.3453,0.4256,0.4769,0.501,0.4905,0.2895,0.2603,0.2177,0.158,0.0867,0.0119,-0.0633,0.3264,0.3749,0.3981,0.3952,0.3686,0.3165,0.2448,126.77,50.2,86.44,0.9919,0.127,0.0,0.0,0.343,0.483,0.317,0.0137,0.0485,0.0043,0.004,-0.006,0.007,36.1,30.0,0.0,0.0,0,0,0,0,OUTER,READY,1,1
93000,ARM_3,MIXED,20260510,run_00001,0.2417,0.4231,0.5,0.4509,0.2899,0.056,-0.1894,0.2637,0.1592,0.0172,-0.1298,-0.2439,-0.2962,-0.2783,0.3729,0.3951,0.3203,0.1651,-0.033,-0.2204,-0.3542,147.6,98.34,92.52,0.9683,0.2497,0.0,0.0,0.844,0.426,0.832,0.0231,0.0437,0.0058,-0.068,0.054,-0.002,36.07,30.0,25.0,0.0,0,0,0,0,OUTER,READY,1,1
93000,ARM_4,MIXED,20260510,run_00001,0.3417,0.4984,0.3862,0.0615,-0.2955,-0.4911,-0.42,0.219,0.0214,-0.1936,-0.2982,-0.2401,-0.0552,0.1613,0.3973,0.3211,0.0709,-0.2177,-0.3897,-0.3475,-0.1178,162.79,143.44,98.35,0.9297,0.3684,0.0,0.0,0.706,0.028,0.766,0.0365,0.0382,0.0138,0.01,-0.023,0.043,36.11,0.0,0.0,0.0,1,0,0,0,OUTER,READY,1,1
94000,ARM_1,MIXED,20260510,run_00001,0.0037,0.0051,0.0067,0.0099,0.01,0.0129,0.0168,0.2993,0.3014,0.2982,0.2995,0.3008,0.3018,0.2987,0.258,0.2607,0.2606,0.2639,0.2649,0.2676,0.2688,100.04,0.35,80.18,1.0,0.0023,0.0,0.0,0.011,0.803,0.011,-0.0004,0.0483,-0.0003,-0.043,-0.079,-0.003,36.04,0.0,0.0,0.0,0,0,0,0,OUTER,READY,1,1
94000,ARM_2,MIXED,20260510,run_00001,0.1256,0.2445,0.3454,0.425,0.4798,0.4984,0.4889,0.2909,0.2607,0.2167,0.158,0.0893,0.0127,-0.0626,0.3268,0.3739,0.3979,0.3961,0.3678,0.3181,0.2457,126.8,50.15,86.37,0.9919,0.127,0.0,0.0,0.345,0.484,0.314,0.0121,0.0481,0.003,-0.001,-0.017,-0.008,36.08,30.0,0.0,0.0,0,0,0,0,OUTER,READY,1,1
94000,ARM_3,MIXED,20260510,run_00001,0.2414,0.4249,0.5002,0.4534,0.2897,0.0566,-0.1913,0.2631,0.1613,0.016,-0.1296,-0.2438,-0.2983,-0.2782,0.3736,0.3961,0.3196,0.1633,-0.0324,-0.2204,-0.3546,147.47,98.38,92.46,0.9683,0.2497,0.0,0.0,0.856,0.425,0.833,0.0232,0.0442,0.0099,-0.048,-0.005,0.004,36.07,30.0,25.0,0.0,0,0,0,0,OUTER,READY,1,1
94000,ARM_4,MIXED,20260510,run_00001,0.3418,0.4987,0.3858,0.0622,-0.2952,-0.492,-0.4227,0.2199,0.0175,-0.1898,-0.2992,-0.2423,-0.0557,0.1624,0.3995,0.3222,0.0707,-0.219,-0.3897,-0.3492,-0.1177,162.78,143.45,98.43,0.9296,0.3685,0.0,0.0,0.692,0.033,0.755,0.0349,0.038,0.0116,-0.011,-0.049,-0.019,36.13,0.0,0.0,0.0,1,0,0,0,OUTER,READY,1,1
95000,ARM_1,MIXED,20260510,run_00001,0.0016,0.0051,0.0074,0.0112,0.0107,0.0137,0.0151,0.3006,0.2987,0.3006,0.2998,0.2992,0.299,0.2995,0.2599,0.2615,0.2615,0.2633,0.2628,0.2676,0.2676,100.04,0.46,80.09,1.0,0.0024,0.0,0.0,0.01,0.803,0.008,-0.0001,0.0512,-0.0004,0.066,0.03,-0.094,36.0,0.0,0.0,0.0,0,0,0,0,OUTER,READY,1,1
95000,ARM_2,MIXED,20260510,run_00001,0.1259,0.2444,0.3454,0.4261,0.4773,0.4983,0.4893,0.2905,0.2621,0.2175,0.158,0.0887,0.0122,-0.0628,0.3266,0.3734,0.3964,0.3952,0.3677,0.3164,0.2441,126.73,50.22,86.36,0.9919,0.127,0.0,0.0,0.331,0.488,0.315,0.0107,0.0474,0.0032,-0.027,0.017,-0.002,36.1,30.0,0.0,0.0,0,0,0,0,OUTER,READY,1,1
95000,ARM_3,MIXED,20260510,run_00001,0.2423,0.4231,0.499,0.4497,0.2895,0.0558,-0.1909,0.263,0.1593,0.0162,-0.1304,-0.2447,-0.2976,-0.2784,0.3745,0.3962,0.3217,0.1641,-0.0323,-0.2213,-0.3547,147.55,98.29,92.51,0.9683,0.2497,0.0,0.0,0.842,0.423,0.814,0.0247,0.0432,0.0075,0.043,0.019,0.008,36.12,30.0,25.0,0.0,0,0,0,0,OUTER,READY,1,1
95000,ARM_4,MIXED,20260510,run_00001,0.3426,0.4995,0.385,0.06,-0.2967,-0.4936,-0.4206,0.2182,0.0198,-0.1927,-0.2976,-0.2423,-0.0543,0.1638,0.3974,0.3209,0.0708,-0.2187,-0.388,-0.3465,-0.1193,162.86,143.48,98.32,0.9296,0.3685,0.0,0.0,0.708,0.03,0.769,0.0337,0.0367,0.0108,-0.028,-0.099,-0.034,36.17,0.0,0.0,0.0,1,0,0,0,OUTER,READY,1,1
96000,ARM_1,MIXED,20260510,run_00001,0.0031,0.0045,0.0067,0.0098,0.0135,0.0157,0.0168,0.2988,0.3,0.2998,0.3006,0.2986,0.299,0.2994,0.2591,0.2615,0.2605,0.2617,0.2644,0.2668,0.2671,99.91,0.61,80.15,1.0,0.0024,0.0,0.0,0.014,0.8,0.006,-0.0013,0.05,0.0007,0.0,0.009,0.103,35.96,0.0,0.0,0.0,0,0,0,0,OUTER,READY,1,1
96000,ARM_2,MIXED,20260510,run_00001,0.1254,0.2419,0.3449,0.427,0.478,0.4987,0.4902,0.2906,0.2637,0.2166,0.1567,0.0881,0.0139,-0.0631,0.3275,0.3745,0.3996,0.3945,0.3689,0.3178,0.2427,126.67,50.19,86.37,0.9919,0.1271,0.0,0.0,0.341,0.498,0.32,0.0131,0.0502,0.0042,0.022,-0.006,-0.098,36.05,30.0,0.0,0.0,0,0,0,0,OUTER,READY,1,1
96000,ARM_3,MIXED,20260510,run_00001,0.2393,0.4228,0.4984,0.4498,0.289,0.0545,-0.1897,0.2632,0.161,0.0177,-0.1311,-0.2447,-0.2972,-0.2775,0.372,0.3956,0.3197,0.1642,-0.0333,-0.2206,-0.3554,147.54,98.41,92.52,0.9683,0.2497,0.0,0.0,0.842,0.433,0.809,0.0247,0.0451,0.0079,-0.002,0.06,0.014,36.07,30.0,25.0,0.0,0,0,0,0,OUTER,READY,1,1
96000,ARM_4,MIXED,20260510,run_00001,0.3425,0.5,0.3843,0.0603,-0.2963,-0.4915,-0.4207,0.2185,0.0188,-0.1927,-0.2984,-0.2423,-0.0542,0.162,0.3963,0.3201,0.071,-0.2175,-0.3897,-0.3472,-0.1176,162.81,143.57,98.4,0.9296,0.3685,0.0,0.0,0.702,0.039,0.769,0.035,0.0343,0.0125,-0.029,0.018,-0.001,36.14,0.0,0.0,0.0,1,0,0,0,OUTER,READY,1,1
97000,ARM_1,MIXED,20260510,run_00001,0.0035,0.005,0.0078,0.0095,0.0132,0.0145,0.0164,0.3001,0.3011,0.2991,0.301,0.298,0.2993,0.301,0.2607,0.2616,0.2609,0.2631,0.2653,0.268,0.2683,99.97,0.39,80.14,1.0,0.0024,0.0,0.0,-0.001,0.8,0.004,0.0002,0.0508,-0.001,0.04,-0.04,0.03,36.1,0.0,0.0,0.0,0,0,0,0,OUTER,READY,1,1
97000,ARM_2,MIXED,20260510,run_00001,0.1278,0.244,0.3476,0.4264,0.4772,0.4991,0.4898,0.2912,0.2602,0.2158,0.158,0.0875,0.0137,-0.0631,0.3266,0.3734,0.3993,0.395,0.368,0.3155,0.2444,126.76,50.26,86.34,0.9919,0.1271,0.0,0.0,0.34,0.489,0.318,0.0135,0.0464,0.0027,0.008,0.012,-0.117,36.06,30.0,0.0,0.0,0,0,0,0,OUTER,READY,1,1
97000,ARM_3,MIXED,20260510,run_00001,0.2415,0.4234,0.4988,0.4515,0.2892,0.0557,-0.1914,0.2635,0.1584,0.0165,-0.1315,-0.2445,-0.297,-0.2765,0.3713,0.3969,0.3199,0.1654,-0.0344,-0.2228,-0.3559,147.51,98.41,92.48,0.9683,0.2498,0.0,0.0,0.84,0.423,0.825,0.0238,0.0437,0.0084,0.028,0.025,0.054,35.99,30.0,25.0,0.0,0,0,0,0,OUTER,READY,1,1
97000,ARM_4,MIXED,20260510,run_00001,0.3416,0.4993,0.3845,0.0608,-0.2957,-0.4904,-0.4213,0.2208,0.0187,-0.1927,-0.2969,-0.2399,-0.0522,0.162,0.3972,0.3195,0.0699,-0.2182,-0.3891,-0.3493,-0.1189,162.84,143.53,98.4,0.9296,0.3685,0.0,0.0,0.692,0.034,0.761,0.0336,0.0356,0.0117,-0.055,-0.114,-0.023,36.09,0.0,0.0,0.0,1,0,0,0,OUTER,READY,1,1
98000,ARM_1,MIXED,20260510,run_00001,0.0024,0.0047,0.0079,0.0104,0.0137,0.0152,0.0181,0.2979,0.2994,0.2987,0.3007,0.2991,0.2995,0.299,0.2601,0.2622,0.262,0.2629,0.2652,0.2663,0.269,100.04,0.45,80.17,1.0,0.0024,0.0,0.0,0.008,0.802,0.009,0.0005,0.0498,-0.0015,0.027,-0.005,-0.065,35.98,0.0,0.0,0.0,0,0,0,0,OUTER,READY,1,1
98000,ARM_2,MIXED,20260510,run_00001,0.1253,0.2462,0.3463,0.426,0.4794,0.5,0.4891,0.2898,0.2625,0.2176,0.1563,0.0873,0.0131,-0.0652,0.3278,0.3736,0.3988,0.3965,0.367,0.3172,0.2452,126.81,50.24,86.39,0.9919,0.1271,0.0,0.0,0.338,0.495,0.315,0.0132,0.0476,0.0043,0.054,0.043,-0.002,36.06,30.0,0.0,0.0,0,0,0,0,OUTER,READY,1,1
98000,ARM_3,MIXED,20260510,run_00001,0.2438,0.4221,0.4989,0.4518,0.2892,0.0566,-0.1912,0.2599,0.1596,0.0173,-0.1313,-0.2455,-0.2982,-0.2788,0.3733,0.3968,0.3204,0.165,-0.0346,-0.2224,-0.3532,147.53,98.31,92.5,0.9683,0.2498,0.0,0.0,0.85,0.427,0.831,0.0242,0.0437,0.0055,-0.012,0.004,0.039,36.05,30.0,25.0,0.0,0,0,0,0,OUTER,READY,1,1
98000,ARM_4,MIXED,20260510,run_00001,0.3425,0.4982,0.3828,0.0593,-0.2942,-0.4914,-0.4205,0.2183,0.0189,-0.1929,-0.2984,-0.2403,-0.0556,0.162,0.3989,0.3203,0.0699,-0.2178,-0.3895,-0.3475,-0.1171,162.82,143.5,98.4,0.9296,0.3686,0.0,0.0,0.693,0.033,0.765,0.0336,0.0353,0.0114,0.005,-0.039,0.158,36.09,0.0,0.0,0.0,1,0,0,0,OUTER,READY,1,1
99000,ARM_1,MIXED,20260510,run_00001,0.0027,0.0035,0.0049,0.0106,0.0122,0.0145,0.0166,0.298,0.3008,0.2986,0.3019,0.3011,0.3016,0.3003,0.2588,0.2618,0.2617,0.2641,0.2655,0.2666,0.2691,99.97,0.51,80.11,1.0,0.0025,0.0,0.0,0.013,0.794,0.01,0.0019,0.0519,-0.0014,0.003,0.048,0.078,35.97,0.0,0.0,0.0,0,0,0,0,OUTER,READY,1,1
99000,ARM_2,MIXED,20260510,run_00001,0.1255,0.244,0.3464,0.4255,0.4771,0.4998,0.4881,0.2913,0.2621,0.2184,0.1566,0.0868,0.0135,-0.064,0.3246,0.3746,0.3998,0.3953,0.3679,0.3164,0.2434,126.75,50.1,86.4,0.9919,0.1271,0.0,0.0,0.343,0.482,0.306,0.0143,0.0478,0.0037,0.04,0.012,-0.058,35.98,30.0,0.0,0.0,0,0,0,0,OUTER,READY,1,1
99000,ARM_3,MIXED,20260510,run_00001,0.2422,0.4241,0.4996,0.4513,0.2898,0.0552,-0.1925,0.2615,0.1595,0.0168,-0.1297,-0.2454,-0.2966,-0.2767,0.3743,0.395,0.3214,0.1626,-0.0335,-0.2208,-0.3559,147.55,98.42,92.53,0.9683,0.2498,0.0,0.0,0.843,0.424,0.823,0.0242,0.0428,0.0075,0.013,0.005,0.018,36.06,30.0,25.0,0.0,0,0,0,0,OUTER,READY,1,1
99000,ARM_4,MIXED,20260510,run_00001,0.3425,0.4982,0.3857,0.0599,-0.2947,-0.4924,-0.4211,0.2181,0.0183,-0.1918,-0.2966,-0.241,-0.0534,0.1633,0.3964,0.3215,0.0698,-0.2186,-0.3884,-0.3483,-0.1183,162.83,143.55,98.45,0.9296,0.3686,0.0,0.0,0.696,0.034,0.758,0.0352,0.0361,0.0128,0.05,0.001,0.069,36.08,0.0,0.0,0.0,1,0,0,0,OUTER,READY,1,1
100000,ARM_1,MIXED,20260510,run_00001,0.0026,0.0066,0.0062,0.0097,0.0136,0.0161,0.0167,0.3014,0.2998,0.2996,0.3021,0.3022,0.3004,0.2991,0.2585,0.2592,0.2611,0.2635,0.2655,0.2667,0.2693,100.01,0.51,80.17,1.0,0.0025,0.0,0.0,0.014,0.797,0.014,0.0007,0.0511,-0.0007,-0.014,-0.018,-0.041,35.99,0.0,0.0,0.0,0,0,0,0,OUTER,READY,1,1
100000,ARM_2,MIXED,20260510,run_00001,0.1252,0.2424,0.347,0.4273,0.4781,0.4994,0.4876,0.2903,0.2611,0.2154,0.1573,0.0884,0.0119,-0.0635,0.3267,0.3717,0.3973,0.3956,0.3666,0.3164,0.2443,126.76,50.3,86.29,0.9919,0.1272,0.0,0.0,0.343,0.487,0.314,0.0133,0.0476,0.0039,-0.023,0.046,-0.016,35.98,30.0,0.0,0.0,0,0,0,0,OUTER,READY,1,1
100000,ARM_3,MIXED,20260510,run_00001,0.2425,0.4231,0.4985,0.4518,0.2902,0.0567,-0.1905,0.2612,0.161,0.015,-0.1286,-0.2441,-0.2998,-0.2771,0.372,0.3947,0.3182,0.1631,-0.0339,-0.2225,-0.3555,147.53,98.45,92.44,0.9683,0.2498,0.0,0.0,0.842,0.426,0.824,0.0256,0.0425,0.0085,-0.067,0.084,-0.091,36.04,30.0,25.0,0.0,0,0,0,0,OUTER,READY,1,1
100000,ARM_4,MIXED,20260510,run_00001,0.3418,0.4978,0.3851,0.0609,-0.2958,-0.4922,-0.4214,0.2187,0.0201,-0.1921,-0.2977,-0.2432,-0.0538,0.1625,0.3957,0.323,0.0685,-0.2198,-0.3883,-0.3493,-0.1169,162.79,143.54,98.42,0.9296,0.3686,0.0,0.0,0.697,0.032,0.758,0.0343,0.0356,0.0111,0.029,-0.006,0.039,36.02,0.0,0.0,0.0,1,0,0,0,OUTER,READY,1,1
101000,ARM_1,MIXED,20260510,run_00001,0.0039,0.0049,0.0085,0.0106,0.0136,0.0159,0.0189,0.2991,0.2996,0.2993,0.2993,0.299,0.3001,0.2994,0.2582,0.2618,0.2633,0.2643,0.2656,0.2663,0.2695,100.0,0.39,80.06,1.0,0.0025,0.0,0.0,0.007,0.805,0.003,-0.0009,0.0484,-0.0002,0.098,-0.027,-0.092,36.07,0.0,0.0,0.0,0,0,0,0,OUTER,READY,1,1
101000,ARM_2,MIXED,20260510,run_00001,0.1251,0.2435,0.3466,0.427,0.4784,0.4999,0.4899,0.2914,0.2616,0.218,0.1574,0.0883,0.0132,-0.0656,0.3265,0.3741,0.3962,0.3957,0.3663,0.3135,0.2437,126.76,50.18,86.34,0.9919,0.1272,0.0,0.0,0.345,0.49,0.327,0.0129,0.0469,0.0052,0.028,0.037,0.087,36.02,30.0,0.0,0.0,0,0,0,0,OUTER,READY,1,1
101000,ARM_3,MIXED,20260510,run_00001,0.2405,0.4236,0.4989,0.4495,0.2892,0.0559,-0.1922,0.2621,0.1595,0.0166,-0.1302,-0.245,-0.2964,-0.2777,0.3753,0.396,0.3194,0.1638,-0.0335,-0.2233,-0.3546,147.48,98.36,92.57,0.9683,0.2498,0.0,0.0,0.85,0.42,0.824,0.0239,0.045,0.0075,-0.032,0.057,0.065,35.99,30.0,25.0,0.0,0,0,0,0,OUTER,READY,1,1
101000,ARM_4,MIXED,20260510,run_00001,0.3428,0.4984,0.3838,0.0595,-0.2971,-0.4905,-0.4209,0.2176,0.0171,-0.191,-0.2971,-0.2398,-0.0545,0.1609,0.3988,0.3207,0.0703,-0.2187,-0.3894,-0.3483,-0.1172,162.83,143.62,98.4,0.9296,0.3686,0.0,0.0,0.697,0.026,0.754,0.0328,0.0368,0.0105,0.035,-0.011,0.046,36.04,0.0,0.0,0.0,1,0,0,0,OUTER,READY,1,1
102000,ARM_1,MIXED,20260510,run_00001,0.0026,0.006,0.0081,0.0096,0.0126,0.0161,0.0177,0.3014,0.3006,0.298,0.3002,0.299,0.3008,0.2981,0.2595,0.2602,0.2633,0.2651,0.2646,0.2691,0.2695,100.11,0.46,80.22,1.0,0.0025,0.0,0.0,0.004,0.795,0.007,0.0024,0.0499,0.001,-0.047,-0.012,-0.004,36.01,0.0,0.0,0.0,0,0,0,0,OUTER,READY,1,1
102000,ARM_2,MIXED,20260510,run_00001,0.1267,0.2434,0.3448,0.4258,0.4787,0.4999,0.4901,0.2883,0.2619,0.2175,0.1552,0.0868,0.0113,-0.0633,0.3264,0.3738,0.3977,0.3942,0.3681,0.3162,0.244,126.69,50.31,86.19,0.9919,0.1272,0.0,0.0,0.343,0.484,0.313,0.0117,0.0478,0.005,0.1,-0.021,-0.013,35.94,30.0,0.0,0.0,0,0,0,0,OUTER,READY,1,1
102000,ARM_3,MIXED,20260510,run_00001,0.2392,0.422,0.5012,0.4485,0.2887,0.0532,-0.1925,0.2623,0.1592,0.0169,-0.1304,-0.2436,-0.2975,-0.2781,0.3733,0.3971,0.3186,0.1637,-0.0351,-0.2229,-0.3545,147.47,98.34,92.47,0.9683,0.2499,0.0,0.0,0.851,0.422,0.813,0.0242,0.0439,0.0086,0.006,0.08,0.05,36.07,30.0,25.0,0.0,0,0,0,0,OUTER,READY,1,1
102000,ARM_4,MIXED,20260510,run_00001,0.3436,0.4997,0.385,0.0605,-0.2966,-0.494,-0.4209,0.218,0.0186,-0.1926,-0.2971,-0.2403,-0.0552,0.163,0.3963,0.3207,0.0692,-0.218,-0.3905,-0.3482,-0.1178,162.85,143.55,98.44,0.9296,0.3686,0.0,0.0,0.702,0.024,0.76,0.0343,0.0359,0.0095,-0.05,0.047,0.032,36.09,0.0,0.0,0.0,1,0,0,0,OUTER,READY,1,1
103000,ARM_1,MIXED,20260510,run_00001,0.0033,0.0055,0.0076,0.0097,0.0119,0.0156,0.0186,0.298,0.3005,0.2999,0.3004,0.3006,0.2997,0.2998,0.2598,0.2615,0.2639,0.2639,0.2666,0.2666,0.2686,100.03,0.57,80.08,1.0,0.0026,0.0,0.0,0.014,0.8,0.007,0.0001,0.0518,-0.002,-0.067,-0.026,-0.02,36.0,0.0,0.0,0.0,0,0,0,0,OUTER,READY,1,1
103000,ARM_2,MIXED,20260510,run_00001,0.1264,0.2457,0.3477,0.4267,0.478,0.4981,0.4903,0.2886,0.2626,0.2164,0.1585,0.0891,0.0108,-0.0635,0.3259,0.374,0.3992,0.3948,0.3653,0.3148,0.2452,126.72,50.24,86.25,0.9919,0.1272,0.0,0.0,0.345,0.497,0.311,0.0136,0.0477,0.0052,-0.069,-0.042,-0.015,36.03,30.0,0.0,0.0,0,0,0,0,OUTER,READY,1,1
103000,ARM_3,MIXED,20260510,run_00001,0.2434,0.4233,0.4995,0.4494,0.2891,0.0558,-0.1916,0.2615,0.1614,0.017,-0.13,-0.2444,-0.2969,-0.277,0.3743,0.398,0.3205,0.1625,-0.033,-0.2209,-0.3553,147.51,98.35,92.49,0.9683,0.2499,0.0,0.0,0.849,0.421,0.832,0.0254,0.0428,0.0081,0.039,-0.015,0.037,36.03,30.0,25.0,0.0,0,0,0,0,OUTER,READY,1,1
103000,ARM_4,MIXED,20260510,run_00001,0.3427,0.4986,0.3839,0.0598,-0.2966,-0.4908,-0.4201,0.218,0.0198,-0.191,-0.2979,-0.2415,-0.0555,0.1615,0.398,0.3199,0.0687,-0.2207,-0.3886,-0.3477,-0.1172,162.78,143.49,98.4,0.9296,0.3687,0.0,0.0,0.695,0.035,0.757,0.0359,0.0358,0.0112,-0.07,-0.005,-0.022,36.15,0.0,0.0,0.0,1,0,0,0,OUTER,READY,1,1
104000,ARM_1,MIXED,20260510,run_00001,0.0012,0.0026,0.0073,0.01,0.0137,0.0161,0.0219,0.2995,0.2998,0.2999,0.3003,0.2995,0.2981,0.2986,0.2587,0.2605,0.2627,0.2641,0.2653,0.2669,0.2682,100.04,0.57,80.13,1.0,0.0026,0.0,0.0,0.001,0.802,0.006,0.0007,0.0498,-0.0003,-0.004,-0.091,-0.058,35.99,0.0,0.0,0.0,0,0,0,0,OUTER,READY,1,1
104000,ARM_2,MIXED,20260510,run_00001,0.1263,0.2444,0.3451,0.4252,0.4778,0.4991,0.4883,0.2913,0.2618,0.2159,0.1565,0.0878,0.0121,-0.065,0.3264,0.3745,0.3972,0.3975,0.3679,0.3159,0.2442,126.82,50.23,86.32,0.9919,0.1273,0.0,0.0,0.341,0.486,0.315,0.0132,0.0465,0.0037,0.017,-0.027,0.053,36.07,30.0,0.0,0.0,0,0,0,0,OUTER,READY,1,1
104000,ARM_3,MIXED,20260510,run_00001,0.2423,0.4235,0.5007,0.4493,0.2879,0.0552,-0.1933,0.263,0.1606,0.0161,-0.1302,-0.2445,-0.2977,-0.2762,0.3738,0.3971,0.3191,0.1633,-0.0362,-0.2218,-0.3541,147.47,98.48,92.48,0.9683,0.2499,0.0,0.0,0.845,0.429,0.819,0.0229,0.0437,0.0071,0.078,-0.032,0.041,36.12,30.0,25.0,0.0,0,0,0,0,OUTER,READY,1,1
104000,ARM_4,MIXED,20260510,run_00001,0.3428,0.5001,0.3822,0.0591,-0.2957,-0.4923,-0.4187,0.218,0.0175,-0.1915,-0.3,-0.2425,-0.0527,0.1638,0.3983,0.321,0.0706,-0.2182,-0.3885,-0.3467,-0.1168,162.86,143.55,98.54,0.9296,0.3687,0.0,0.0,0.704,0.032,0.775,0.0344,0.0369,0.0093,0.125,-0.043,-0.086,36.05,0.0,0.0,0.0,1,0,0,0,OUTER,READY,1,1
105000,ARM_1,MIXED,20260510,run_00001,0.0027,0.0031,0.0102,0.0093,0.0131,0.0152,0.0182,0.3004,0.3001,0.2998,0.2998,0.3007,0.2991,0.3002,0.2604,0.2586,0.261,0.265,0.2649,0.2685,0.2665,100.03,0.53,80.12,1.0,0.0026,0.0,0.0,0.003,0.808,0.013,-0.0027,0.0506,0.0005,-0.016,0.1,-0.017,36.03,0.0,0.0,0.0,0,0,0,0,OUTER,READY,1,1
105000,ARM_2,MIXED,20260510,run_00001,0.1265,0.2432,0.3476,0.4252,0.4785,0.5005,0.4873,0.2906,0.2621,0.2177,0.1554,0.0856,0.011,-0.0653,0.3259,0.374,0.397,0.3957,0.367,0.3167,0.245,126.76,50.23,86.38,0.9919,0.1273,0.0,0.0,0.348,0.493,0.307,0.0112,0.0486,0.0036,-0.001,-0.035,0.005,35.98,30.0,0.0,0.0,0,0,0,0,OUTER,READY,1,1
105000,ARM_3,MIXED,20260510,run_00001,0.2427,0.4228,0.4983,0.4485,0.2875,0.0539,-0.1928,0.2631,0.1597,0.0173,-0.1316,-0.2447,-0.2981,-0.2771,0.3727,0.3972,0.3173,0.1647,-0.0338,-0.222,-0.3544,147.57,98.36,92.46,0.9683,0.2499,0.0,0.0,0.845,0.428,0.818,0.0243,0.0431,0.0079,0.086,-0.014,0.015,36.04,30.0,25.0,0.0,0,0,0,0,OUTER,READY,1,1
105000,ARM_4,MIXED,20260510,run_00001,0.3427,0.5001,0.3848,0.0592,-0.2964,-0.4914,-0.419,0.219,0.0183,-0.1899,-0.2978,-0.2393,-0.0531,0.1626,0.3959,0.3209,0.0707,-0.2188,-0.3878,-0.35,-0.116,162.79,143.53,98.35,0.9295,0.3687,0.0,0.0,0.701,0.034,0.759,0.0328,0.0352,0.0131,-0.012,-0.08,0.025,36.14,0.0,0.0,0.0,1,0,0,0,OUTER,READY,1,1
106000,ARM_1,MIXED,20260510,run_00001,0.0042,0.0075,0.0064,0.0108,0.0143,0.0165,0.0203,0.3017,0.3,0.3003,0.3013,0.2992,0.2988,0.3007,0.2605,0.2608,0.2629,0.2648,0.2663,0.2671,0.2679,100.02,0.59,80.09,1.0,0.0026,0.0,0.0,0.015,0.798,0.011,0.0,0.0506,0.001,0.043,0.021,-0.051,35.96,0.0,0.0,0.0,0,0,0,0,OUTER,READY,1,1
106000,ARM_2,MIXED,20260510,run_00001,0.1256,0.2438,0.348,0.4272,0.4792,0.4993,0.4864,0.2912,0.2611,0.2171,0.1561,0.0896,0.0096,-0.0646,0.3243,0.375,0.3977,0.3939,0.3661,0.3145,0.2434,126.86,50.2,86.34,0.9919,0.1273,0.0,0.0,0.339,0.491,0.311,0.0148,0.0477,0.0052,-0.062,0.049,0.062,36.09,30.0,0.0,0.0,0,0,0,0,OUTER,READY,1,1
106000,ARM_3,MIXED,20260510,run_00001,0.2419,0.4221,0.4994,0.4504,0.2881,0.0541,-0.1919,0.263,0.1596,0.0171,-0.1319,-0.245,-0.2987,-0.2762,0.3727,0.3966,0.3196,0.1645,-0.036,-0.2214,-0.3558,147.51,98.38,92.48,0.9683,0.25,0.0,0.0,0.841,0.434,0.823,0.0233,0.0426,0.0075,0.052,-0.017,-0.042,36.0,30.0,25.0,0.0,0,0,0,0,OUTER,READY,1,1
106000,ARM_4,MIXED,20260510,run_00001,0.3425,0.4998,0.3838,0.0604,-0.2949,-0.4913,-0.4189,0.2174,0.0195,-0.1936,-0.2991,-0.2416,-0.0533,0.1636,0.3983,0.32,0.0685,-0.219,-0.39,-0.3491,-0.1158,162.8,143.53,98.44,0.9295,0.3687,0.0,0.0,0.689,0.034,0.754,0.035,0.035,0.0139,0.045,-0.045,0.067,36.07,0.0,0.0,0.0,1,0,0,0,OUTER,READY,1,1
107000,ARM_1,MIXED,20260510,run_00001,0.0029,0.0053,0.0094,0.0113,0.0131,0.0159,0.0183,0.2989,0.2986,0.2992,0.2998,0.3015,0.2993,0.2983,0.2592,0.2619,0.262,0.2664,0.2651,0.2667,0.269,100.05,0.59,80.18,1.0,0.0027,0.0,0.0,0.004,0.802,0.019,-0.0002,0.0499,0.0014,-0.023,0.063,-0.017,35.99,0.0,0.0,0.0,0,0,0,0,OUTER,READY,1,1
107000,ARM_2,MIXED,20260510,run_00001,0.1266,0.2428,0.3449,0.4259,0.478,0.4993,0.4889,0.2888,0.2616,0.2155,0.1568,0.0871,0.0108,-0.0645,0.3252,0.3746,0.3966,0.396,0.3683,0.3165,0.2436,126.7,50.28,86.43,0.9919,0.1273,0.0,0.0,0.348,0.49,0.314,0.0125,0.0503,0.0036,-0.045,-0.031,-0.09,36.06,30.0,0.0,0.0,0,0,0,0,OUTER,READY,1,1
107000,ARM_3,MIXED,20260510,run_00001,0.2421,0.4227,0.4997,0.4527,0.2887,0.0549,-0.1898,0.2632,0.1607,0.0164,-0.1298,-0.2446,-0.2999,-0.2763,0.3725,0.3956,0.3186,0.1634,-0.0349,-0.2233,-0.3561,147.51,98.38,92.57,0.9682,0.25,0.0,0.0,0.855,0.425,0.826,0.0237,0.0435,0.0082,0.005,-0.06,0.013,36.04,30.0,25.0,0.0,0,0,0,0,OUTER,READY,1,1
107000,ARM_4,MIXED,20260510,run_00001,0.3406,0.4992,0.384,0.06,-0.2959,-0.493,-0.4205,0.2174,0.0187,-0.1928,-0.2971,-0.2395,-0.0527,0.1631,0.3967,0.323,0.0695,-0.2187,-0.3883,-0.3461,-0.1169,162.87,143.48,98.44,0.9295,0.3688,0.0,0.0,0.694,0.033,0.762,0.0344,0.0363,0.0115,-0.057,-0.105,0.003,36.09,0.0,0.0,0.0,1,0,0,0,OUTER,READY,1,1
108000,ARM_1,MIXED,20260510,run_00001,0.0021,0.0051,0.0081,0.0117,0.0144,0.0161,0.0174,0.3012,0.2977,0.3008,0.2997,0.2996,0.299,0.2998,0.2599,0.2613,0.2624,0.2659,0.2658,0.2676,0.2682,100.07,0.62,80.15,1.0,0.0027,0.0,0.0,0.015,0.803,0.004,0.0005,0.0503,0.0006,0.002,-0.082,0.012,35.99,0.0,0.0,0.0,0,0,0,0,OUTER,READY,1,1
108000,ARM_2,MIXED,20260510,run_00001,0.1268,0.2453,0.345,0.4273,0.4768,0.5002,0.4886,0.2899,0.2621,0.217,0.1561,0.088,0.0129,-0.0648,0.3264,0.3735,0.3988,0.3948,0.3661,0.3174,0.2427,126.71,50.19,86.33,0.9919,0.1274,0.0,0.0,0.346,0.483,0.318,0.013,0.0488,0.0038,-0.015,0.056,0.022,36.07,30.0,0.0,0.0,0,0,0,0,OUTER,READY,1,1
108000,ARM_3,MIXED,20260510,run_00001,0.2408,0.4234,0.5003,0.4511,0.289,0.0555,-0.1932,0.2625,0.1598,0.0161,-0.1297,-0.2449,-0.2988,-0.2766,0.3729,0.3977,0.3208,0.1617,-0.037,-0.2239,-0.3556,147.53,98.31,92.46,0.9682,0.25,0.0,0.0,0.849,0.425,0.826,0.0242,0.0428,0.0078,0.037,0.045,-0.014,36.04,30.0,25.0,0.0,0,0,0,0,OUTER,READY,1,1
108000,ARM_4,MIXED,20260510,run_00001,0.3435,0.4994,0.384,0.0599,-0.2977,-0.4919,-0.4179,0.2184,0.0177,-0.1925,-0.2991,-0.2429,-0.0545,0.1632,0.3975,0.3209,0.0683,-0.2197,-0.3905,-0.3457,-0.1155,162.78,143.56,98.5,0.9295,0.3688,0.0,0.0,0.694,0.031,0.766,0.0333,0.0369,0.0125,0.004,-0.006,-0.022,36.2,0.0,0.0,0.0,1,0,0,0,OUTER,READY,1,1
109000,ARM_1,MIXED,20260510,run_00001,0.0031,0.0046,0.0088,0.0106,0.0144,0.0149,0.0184,0.301,0.3008,0.3023,0.2996,0.2979,0.3004,0.2999,0.2591,0.2631,0.2654,0.2652,0.2641,0.2682,0.2706,100.14,0.54,80.21,1.0,0.0027,0.0,0.0,0.007,0.798,0.007,0.0002,0.0504,-0.0011,-0.01,0.052,0.017,35.93,0.0,0.0,0.0,0,0,0,0,OUTER,READY,1,1
109000,ARM_2,MIXED,20260510,run_00001,0.1264,0.2447,0.3457,0.4265,0.4805,0.4995,0.4878,0.2903,0.2615,0.2187,0.1588,0.0873,0.0107,-0.0655,0.3264,0.3754,0.3977,0.3944,0.3686,0.3159,0.2426,126.84,50.29,86.38,0.9919,0.1274,0.0,0.0,0.343,0.493,0.316,0.0114,0.049,0.0032,0.03,0.045,0.066,36.01,30.0,0.0,0.0,0,0,0,0,OUTER,READY,1,1
109000,ARM_3,MIXED,20260510,run_00001,0.2423,0.4233,0.4974,0.4517,0.2881,0.0533,-0.1937,0.2607,0.1602,0.017,-0.1288,-0.243,-0.2982,-0.2778,0.3736,0.396,0.3185,0.1616,-0.035,-0.222,-0.3584,147.53,98.4,92.54,0.9682,0.25,0.0,0.0,0.852,0.422,0.833,0.0236,0.0445,0.0069,-0.012,0.007,0.002,36.11,30.0,25.0,0.0,0,0,0,0,OUTER,READY,1,1
109000,ARM_4,MIXED,20260510,run_00001,0.3423,0.4999,0.3821,0.0606,-0.2974,-0.491,-0.42,0.2175,0.0178,-0.192,-0.2969,-0.2409,-0.0545,0.1611,0.3972,0.3206,0.0709,-0.2205,-0.3893,-0.3468,-0.1144,162.84,143.58,98.43,0.9295,0.3688,0.0,0.0,0.703,0.031,0.764,0.0346,0.0372,0.0106,-0.051,0.007,-0.011,36.1,0.0,0.0,0.0,1,0,0,0,OUTER,READY,1,1
110000,ARM_1,MIXED,20260510,run_00001,0.0031,0.006,0.0093,0.0118,0.0129,0.0157,0.0199,0.2996,0.2998,0.3021,0.3006,0.3006,0.2999,0.2986,0.2592,0.2605,0.2645,0.2634,0.2677,0.2684,0.2694,100.07,0.57,80.14,1.0,0.0027,0.0,0.0,0.002,0.803,0.006,-0.001,0.0511,0.0011,-0.047,-0.013,0.015,36.03,0.0,0.0,0.0,0,0,0,0,OUTER,READY,1,1
110000,ARM_2,MIXED,20260510,run_00001,0.1259,0.2458,0.3461,0.4284,0.4802,0.5,0.4892,0.2907,0.2616,0.2149,0.1543,0.0862,0.009,-0.0656,0.3273,0.3735,0.397,0.3951,0.3671,0.3163,0.2446,126.73,50.27,86.44,0.9919,0.1274,0.0,0.0,0.343,0.492,0.317,0.013,0.0474,0.0047,0.012,0.05,0.044,36.06,30.0,0.0,0.0,0,0,0,0,OUTER,READY,1,1
110000,ARM_3,MIXED,20260510,run_00001,0.2424,0.4253,0.5001,0.4512,0.2874,0.0563,-0.1939,0.2611,0.1617,0.0154,-0.132,-0.2454,-0.2981,-0.2773,0.3727,0.3942,0.3201,0.1629,-0.0347,-0.2226,-0.3549,147.52,98.37,92.5,0.9682,0.2501,0.0,0.0,0.843,0.429,0.83,0.024,0.0453,0.0072,-0.054,0.037,0.036,36.09,30.0,25.0,0.0,0,0,0,0,OUTER,READY,1,1
110000,ARM_4,MIXED,20260510,run_00001,0.3421,0.5,0.3852,0.0583,-0.2954,-0.4905,-0.4184,0.2182,0.0191,-0.1922,-0.2993,-0.2408,-0.0535,0.1644,0.396,0.3219,0.0694,-0.2202,-0.3913,-0.3469,-0.116,162.77,143.58,98.45,0.9295,0.3688,0.0,0.0,0.696,0.035,0.766,0.0344,0.0364,0.0116,-0.07,-0.014,-0.092,36.05,0.0,0.0,0.0,1,0,0,0,OUTER,READY,1,1
111000,ARM_1,MIXED,20260510,run_00001,0.0039,0.0042,0.0085,0.0087,0.0152,0.0183,0.019,0.301,0.3007,0.3004,0.3008,0.3,0.3001,0.3004,0.2597,0.2628,0.2636,0.2641,0.2667,0.2677,0.2686,100.02,0.58,80.07,1.0,0.0028,0.0,0.0,0.012,0.796,0.006,0.001,0.048,0.0003,0.015,-0.035,-0.041,36.09,0.0,0.0,0.0,0,0,0,0,OUTER,READY,1,1
111000,ARM_2,MIXED,20260510,run_00001,0.1267,0.2451,0.3463,0.4266,0.478,0.502,0.4893,0.2899,0.2615,0.2155,0.1552,0.087,0.0133,-0.066,0.3267,0.3747,0.3975,0.3991,0.3683,0.3153,0.243,126.66,50.32,86.39,0.9918,0.1274,0.0,0.0,0.346,0.491,0.314,0.0134,0.0491,0.0043,0.006,-0.046,-0.014,36.02,30.0,0.0,0.0,0,0,0,0,OUTER,READY,1,1
111000,ARM_3,MIXED,20260510,run_00001,0.2421,0.4246,0.4973,0.4488,0.2883,0.0557,-0.1938,0.2626,0.1592,0.0161,-0.1307,-0.244,-0.298,-0.2773,0.3727,0.395,0.3201,0.1632,-0.0345,-0.2228,-0.3547,147.48,98.45,92.48,0.9682,0.2501,0.0,0.0,0.843,0.434,0.827,0.024,0.0443,0.0053,0.083,-0.015,0.008,36.06,30.0,25.0,0.0,0,0,0,0,OUTER,READY,1,1
111000,ARM_4,MIXED,20260510,run_00001,0.3424,0.4982,0.3834,0.0578,-0.2966,-0.4911,-0.4194,0.2195,0.02,-0.1923,-0.2979,-0.2405,-0.0548,0.1625,0.3972,0.3212,0.0688,-0.2203,-0.3881,-0.3465,-0.1144,162.85,143.49,98.58,0.9295,0.3689,0.0,0.0,0.694,0.04,0.762,0.0343,0.0343,0.0111,-0.033,0.044,0.038,36.1,0.0,0.0,0.0,1,0,0,0,OUTER,READY,1,1
112000,ARM_1,MIXED,20260510,run_00001,0.0038,0.0054,0.0076,0.0091,0.0139,0.0176,0.0207,0.2995,0.3003,0.2988,0.3002,0.3011,0.3019,0.2999,0.258,0.2611,0.2644,0.2633,0.2673,0.2683,0.2703,100.02,0.57,80.16,1.0,0.0028,0.0,0.0,0.016,0.81,0.014,0.0001,0.0499,-0.0001,-0.008,0.02,-0.021,36.04,0.0,0.0,0.0,0,0,0,0,OUTER,READY,1,1
112000,ARM_2,MIXED,20260510,run_00001,0.1276,0.2476,0.3455,0.428,0.4795,0.4998,0.4903,0.2908,0.2604,0.2159,0.1552,0.0892,0.0118,-0.0647,0.3257,0.3747,0.3971,0.395,0.3689,0.3145,0.2433,126.76,50.31,86.38,0.9918,0.1275,0.0,0.0,0.345,0.49,0.305,0.0127,0.0485,0.0037,0.069,0.046,-0.064,36.06,30.0,0.0,0.0,0,0,0,0,OUTER,READY,1,1
112000,ARM_3,MIXED,20260510,run_00001,0.2421,0.4234,0.4992,0.448,0.2871,0.053,-0.1951,0.2614,0.1598,0.015,-0.1309,-0.2438,-0.2978,-0.2762,0.3746,0.3953,0.319,0.162,-0.0353,-0.2225,-0.3548,147.46,98.5,92.47,0.9682,0.2501,0.0,0.0,0.844,0.42,0.821,0.0239,0.0425,0.0088,-0.019,-0.059,-0.043,35.97,30.0,25.0,0.0,0,0,0,0,OUTER,READY,1,1
112000,ARM_4,MIXED,20260510,run_00001,0.3428,0.5007,0.3829,0.0584,-0.2978,-0.4913,-0.4188,0.2166,0.0177,-0.1927,-0.298,-0.2415,-0.0524,0.1623,0.398,0.3228,0.0691,-0.2182,-0.3879,-0.3459,-0.1148,162.86,143.49,98.41,0.9295,0.3689,0.0,0.0,0.706,0.033,0.77,0.034,0.0368,0.0107,-0.037,0.037,0.023,36.25,0.0,0.0,0.0,1,0,0,0,OUTER,READY,1,1
113000,ARM_1,MIXED,20260510,run_00001,0.0025,0.0071,0.0081,0.0116,0.0155,0.017,0.0193,0.3005,0.2998,0.2992,0.3,0.3013,0.2993,0.3001,0.2586,0.2601,0.2629,0.2644,0.2658,0.2664,0.2694,100.03,0.54,80.14,1.0,0.0028,0.0,0.0,0.015,0.808,0.001,-0.0,0.0504,-0.0007,0.029,0.026,0.03,35.97,0.0,0.0,0.0,0,0,0,0,OUTER,READY,1,1
113000,ARM_2,MIXED,20260510,run_00001,0.128,0.2442,0.3465,0.4275,0.4797,0.499,0.4887,0.2915,0.263,0.2166,0.1569,0.086,0.0116,-0.066,0.3259,0.3733,0.3977,0.3953,0.3689,0.3148,0.2435,126.76,50.3,86.39,0.9918,0.1275,0.0,0.0,0.344,0.475,0.32,0.0124,0.0507,0.0038,-0.046,0.066,0.02,36.08,30.0,0.0,0.0,0,0,0,0,OUTER,READY,1,1
113000,ARM_3,MIXED,20260510,run_00001,0.2427,0.4232,0.5003,0.4494,0.2888,0.0525,-0.1944,0.2619,0.1591,0.0174,-0.1308,-0.2457,-0.2996,-0.2765,0.3739,0.3974,0.3188,0.1635,-0.0344,-0.2244,-0.355,147.42,98.39,92.46,0.9682,0.2501,0.0,0.0,0.843,0.423,0.821,0.0246,0.042,0.0072,0.014,-0.028,0.019,36.05,30.0,25.0,0.0,0,0,0,0,OUTER,READY,1,1
113000,ARM_4,MIXED,20260510,run_00001,0.3433,0.4979,0.384,0.0584,-0.2986,-0.4913,-0.4162,0.2174,0.0175,-0.1934,-0.2978,-0.2404,-0.0515,0.1622,0.396,0.3209,0.0681,-0.2229,-0.39,-0.3465,-0.1163,162.78,143.58,98.46,0.9295,0.3689,0.0,0.0,0.708,0.018,0.762,0.0339,0.0361,0.0102,0.037,0.046,-0.019,36.14,0.0,0.0,0.0,1,0,0,0,OUTER,READY,1,1
114000,ARM_1,MIXED,20260510,run_00001,0.0022,0.0057,0.0109,0.0089,0.0148,0.0171,0.0205,0.3014,0.3014,0.2991,0.2991,0.3001,0.3004,0.2985,0.2591,0.2618,0.2634,0.2639,0.2669,0.2697,0.2696,100.08,0.52,80.16,1.0,0.0028,0.0,0.0,0.005,0.798,0.013,0.0006,0.0498,-0.0006,-0.137,0.014,-0.092,35.94,0.0,0.0,0.0,0,0,0,0,OUTER,READY,1,1
114000,ARM_2,MIXED,20260510,run_00001,0.1256,0.2445,0.3486,0.4263,0.4792,0.4995,0.4889,0.2907,0.2622,0.2163,0.157,0.0877,0.0129,-0.067,0.3273,0.3734,0.3952,0.394,0.3677,0.315,0.2421,126.88,50.3,86.28,0.9918,0.1275,0.0,0.0,0.334,0.481,0.311,0.0123,0.0479,0.003,0.024,0.016,-0.1,36.03,30.0,0.0,0.0,0,0,0,0,OUTER,READY,1,1
114000,ARM_3,MIXED,20260510,run_00001,0.2432,0.4227,0.4991,0.4492,0.2866,0.0526,-0.1928,0.263,0.1582,0.0158,-0.1312,-0.2466,-0.2958,-0.2788,0.373,0.3949,0.3202,0.163,-0.0336,-0.2225,-0.3574,147.47,98.48,92.46,0.9682,0.2502,0.0,0.0,0.849,0.426,0.82,0.0234,0.0462,0.0065,0.006,0.076,0.031,36.11,30.0,25.0,0.0,0,0,0,0,OUTER,READY,1,1
114000,ARM_4,MIXED,20260510,run_00001,0.3427,0.4986,0.385,0.0585,-0.2976,-0.4906,-0.418,0.2191,0.0176,-0.1921,-0.298,-0.2399,-0.0531,0.1644,0.3968,0.3217,0.0691,-0.2181,-0.3899,-0.3473,-0.1134,162.87,143.62,98.4,0.9295,0.3689,0.0,0.0,0.704,0.027,0.754,0.0342,0.0347,0.0122,-0.018,-0.025,0.032,36.05,0.0,0.0,0.0,1,0,0,0,OUTER,READY,1,1
115000,ARM_1,MIXED,20260510,run_00001,0.0045,0.0053,0.0079,0.0099,0.0132,0.0169,0.0237,0.3003,0.299,0.2998,0.3,0.3007,0.3003,0.3006,0.2595,0.2606,0.2639,0.2657,0.2656,0.2687,0.2692,100.04,0.47,80.06,1.0,0.0029,0.0,0.0,0.012,0.797,0.016,0.0005,0.0508,-0.0004,0.019,0.018,0.064,35.98,0.0,0.0,0.0,0,0,0,0,OUTER,READY,1,1
115000,ARM_2,MIXED,20260510,run_00001,0.1241,0.2452,0.347,0.4271,0.4796,0.4985,0.489,0.2894,0.2606,0.2156,0.156,0.0889,0.0111,-0.066,0.3263,0.3746,0.3975,0.3953,0.3683,0.3118,0.2421,126.79,50.32,86.42,0.9918,0.1275,0.0,0.0,0.342,0.485,0.32,0.0138,0.0489,0.0021,0.05,-0.016,-0.011,36.1,30.0,0.0,0.0,0,0,0,0,OUTER,READY,1,1
115000,ARM_3,MIXED,20260510,run_00001,0.2394,0.4242,0.4995,0.4499,0.2872,0.0527,-0.1947,0.2622,0.1606,0.0155,-0.1319,-0.2457,-0.2975,-0.2762,0.37,0.3963,0.3202,0.161,-0.0353,-0.2232,-0.3568,147.47,98.45,92.52,0.9682,0.2502,0.0,0.0,0.845,0.423,0.832,0.0218,0.0424,0.0082,0.011,0.018,0.035,36.12,30.0,25.0,0.0,0,0,0,0,OUTER,READY,1,1
115000,ARM_4,MIXED,20260510,run_00001,0.3433,0.4999,0.3848,0.0597,-0.2982,-0.4905,-0.4199,0.2183,0.0185,-0.1916,-0.2976,-0.2403,-0.0527,0.1632,0.3988,0.3214,0.0702,-0.22,-0.3905,-0.3485,-0.1163,162.65,143.6,98.41,0.9295,0.3689,0.0,0.0,0.699,0.038,0.758,0.0342,0.0373,0.0109,-0.014,-0.035,-0.018,36.1,0.0,0.0,0.0,1,0,0,0,OUTER,READY,1,1
116000,ARM_1,MIXED,20260510,run_00001,0.0027,0.0043,0.0084,0.013,0.0157,0.0178,0.0197,0.3004,0.2988,0.3003,0.2999,0.2987,0.3014,0.3024,0.2604,0.2615,0.2616,0.265,0.2653,0.2686,0.2681,100.03,0.56,80.1,1.0,0.0029,0.0,0.0,0.015,0.8,0.006,-0.0001,0.0488,0.0011,0.085,-0.073,0.034,35.92,0.0,0.0,0.0,0,0,0,0,OUTER,READY,1,1
116000,ARM_2,MIXED,20260510,run_00001,0.1277,0.2434,0.3456,0.4257,0.48,0.5005,0.4904,0.2906,0.2623,0.2146,0.156,0.086,0.0128,-0.0657,0.3261,0.3742,0.3977,0.3953,0.3666,0.3163,0.2424,126.78,50.25,86.38,0.9918,0.1276,0.0,0.0,0.343,0.494,0.317,0.0124,0.0486,0.0044,-0.025,0.013,-0.006,36.02,30.0,0.0,0.0,0,0,0,0,OUTER,READY,1,1
116000,ARM_3,MIXED,20260510,run_00001,0.2419,0.4256,0.5,0.4483,0.2868,0.0546,-0.1952,0.2619,0.1591,0.0159,-0.1318,-0.245,-0.301,-0.2766,0.374,0.3966,0.3175,0.1623,-0.0353,-0.2241,-0.3574,147.42,98.55,92.47,0.9682,0.2502,0.0,0.0,0.852,0.425,0.824,0.0233,0.0441,0.0065,-0.034,-0.036,0.017,36.07,30.0,25.0,0.0,0,0,0,0,OUTER,READY,1,1
116000,ARM_4,MIXED,20260510,run_00001,0.3426,0.5005,0.3836,0.0578,-0.297,-0.4909,-0.4198,0.2179,0.0192,-0.192,-0.2992,-0.24,-0.0525,0.165,0.3953,0.3189,0.0702,-0.2193,-0.3884,-0.3446,-0.1163,162.81,143.54,98.45,0.9294,0.369,0.0,0.0,0.701,0.027,0.764,0.0339,0.0365,0.0124,0.055,-0.012,0.026,36.05,0.0,0.0,0.0,1,0,0,0,OUTER,READY,1,1
117000,ARM_1,MIXED,20260510,run_00001,0.004,0.0065,0.009,0.0132,0.0154,0.0178,0.0208,0.301,0.3001,0.3011,0.3015,0.3017,0.3005,0.3013,0.2585,0.2603,0.2641,0.2654,0.2674,0.2667,0.27,99.99,0.6,80.11,1.0,0.0029,0.0,0.0,0.02,0.792,0.006,0.0001,0.0492,0.0007,-0.019,0.042,0.025,35.96,0.0,0.0,0.0,0,0,0,0,OUTER,READY,1,1
117000,ARM_2,MIXED,20260510,run_00001,0.1252,0.2453,0.3476,0.4276,0.4791,0.4999,0.4891,0.2899,0.2614,0.2153,0.1556,0.0849,0.0101,-0.0644,0.3272,0.3751,0.3995,0.3953,0.3661,0.3169,0.2422,126.79,50.31,86.45,0.9918,0.1276,0.0,0.0,0.345,0.492,0.308,0.0113,0.0494,0.0043,-0.011,-0.013,0.121,36.06,30.0,0.0,0.0,0,0,0,0,OUTER,READY,1,1
117000,ARM_3,MIXED,20260510,run_00001,0.2434,0.4241,0.4993,0.4501,0.2879,0.0517,-0.1931,0.2627,0.1599,0.0179,-0.1291,-0.2446,-0.2972,-0.2765,0.3739,0.3943,0.3203,0.1639,-0.0357,-0.2225,-0.357,147.44,98.46,92.53,0.9682,0.2502,0.0,0.0,0.848,0.42,0.824,0.0231,0.0422,0.0075,0.003,-0.099,0.033,36.12,30.0,25.0,0.0,0,0,0,0,OUTER,READY,1,1
117000,ARM_4,MIXED,20260510,run_00001,0.3417,0.4991,0.3847,0.0575,-0.297,-0.4913,-0.4198,0.2186,0.0172,-0.1924,-0.2982,-0.2402,-0.0536,0.1638,0.3991,0.3206,0.0673,-0.2201,-0.3872,-0.3455,-0.1143,162.79,143.63,98.49,0.9294,0.369,0.0,0.0,0.703,0.034,0.765,0.0341,0.0373,0.0086,0.112,0.084,-0.02,36.08,0.0,0.0,0.0,1,0,0,0,OUTER,READY,1,1
118000,ARM_1,MIXED,20260510,run_00001,0.0034,0.0061,0.009,0.0134,0.0144,0.0185,0.0219,0.2994,0.3001,0.3001,0.2978,0.3006,0.3022,0.3011,0.2606,0.2608,0.2663,0.2654,0.266,0.2705,0.2696,100.04,0.63,80.09,1.0,0.0029,0.0,0.0,0.018,0.807,0.009,-0.0007,0.0483,0.0006,0.011,0.046,-0.032,36.03,0.0,0.0,0.0,0,0,0,0,OUTER,READY,1,1
118000,ARM_2,MIXED,20260510,run_00001,0.1257,0.2463,0.3493,0.4256,0.4796,0.5013,0.4875,0.2916,0.2603,0.2155,0.1566,0.0866,0.0101,-0.0663,0.3269,0.375,0.3969,0.3959,0.3664,0.3147,0.2412,126.75,50.27,86.33,0.9918,0.1276,0.0,0.0,0.349,0.49,0.311,0.0126,0.0478,0.0042,-0.037,-0.037,0.024,36.04,30.0,0.0,0.0,0,0,0,0,OUTER,READY,1,1
118000,ARM_3,MIXED,20260510,run_00001,0.2418,0.4239,0.4987,0.4493,0.2867,0.0539,-0.1946,0.2637,0.1587,0.0152,-0.1304,-0.2456,-0.3002,-0.2756,0.3721,0.3978,0.3197,0.1624,-0.0354,-0.225,-0.3561,147.47,98.35,92.55,0.9682,0.2503,0.0,0.0,0.844,0.421,0.818,0.0236,0.0439,0.0061,-0.042,0.074,0.017,36.09,30.0,25.0,0.0,0,0,0,0,OUTER,READY,1,1
118000,ARM_4,MIXED,20260510,run_00001,0.341,0.4997,0.3832,0.0599,-0.2996,-0.4919,-0.4193,0.2174,0.0184,-0.1924,-0.2978,-0.24,-0.0499,0.1636,0.3974,0.3201,0.0696,-0.2204,-0.391,-0.3476,-0.1152,162.74,143.64,98.5,0.9294,0.369,0.0,0.0,0.696,0.032,0.762,0.033,0.0372,0.0104,-0.039,-0.02,0.025,36.1,0.0,0.0,0.0,1,0,0,0,OUTER,READY,1,1
119000,ARM_1,MIXED,20260510,run_00001,0.0031,0.0077,0.0097,0.0096,0.0166,0.0188,0.0222,0.3011,0.3011,0.3012,0.2997,0.2983,0.2994,0.3,0.2596,0.2615,0.2623,0.2644,0.2667,0.268,0.27,100.06,0.51,80.24,1.0,0.003,0.0,0.0,0.009,0.805,0.018,0.0,0.0492,-0.0018,0.043,-0.026,0.039,35.93,0.0,0.0,0.0,0,0,0,0,OUTER,READY,1,1
119000,ARM_2,MIXED,20260510,run_00001,0.1265,0.2444,0.349,0.4276,0.4784,0.498,0.4874,0.2918,0.2617,0.2159,0.1555,0.0857,0.0107,-0.0645,0.3271,0.373,0.3977,0.3963,0.3674,0.3141,0.2427,126.78,50.36,86.38,0.9918,0.1276,0.0,0.0,0.338,0.491,0.319,0.0123,0.0469,0.0026,-0.111,0.001,-0.138,36.04,30.0,0.0,0.0,0,0,0,0,OUTER,READY,1,1
119000,ARM_3,MIXED,20260510,run_00001,0.2424,0.4248,0.5002,0.4502,0.2864,0.0523,-0.1943,0.2633,0.1598,0.0145,-0.1312,-0.2465,-0.2992,-0.2755,0.3724,0.3959,0.3197,0.1626,-0.0358,-0.2217,-0.3559,147.43,98.49,92.51,0.9682,0.2503,0.0,0.0,0.847,0.418,0.827,0.024,0.0428,0.0068,0.091,0.029,0.009,36.15,30.0,25.0,0.0,0,0,0,0,OUTER,READY,1,1
119000,ARM_4,MIXED,20260510,run_00001,0.3437,0.5008,0.3853,0.0583,-0.2981,-0.4915,-0.4177,0.2186,0.0174,-0.193,-0.2995,-0.2406,-0.0543,0.1642,0.3965,0.3224,0.0687,-0.2204,-0.3894,-0.3468,-0.1152,162.72,143.61,98.43,0.9294,0.369,0.0,0.0,0.699,0.037,0.762,0.0341,0.0365,0.0103,-0.032,0.044,-0.051,36.02,0.0,0.0,0.0,1,0,0,0,OUTER,READY,1,1
120000,ARM_1,MIXED,20260510,run_00001,0.0024,0.0063,0.0074,0.0112,0.0136,0.0175,0.0207,0.3009,0.3002,0.2988,0.3003,0.3006,0.2993,0.2986,0.2582,0.2602,0.2643,0.2659,0.2667,0.2682,0.2702,100.04,0.68,80.08,1.0,0.003,0.0,0.0,0.011,0.798,0.015,-0.0002,0.0499,-0.0005,-0.059,0.057,-0.066,36.02,0.0,0.0,0.0,0,0,0,0,OUTER,READY,1,1
120000,ARM_2,MIXED,20260510,run_00001,0.1265,0.2468,0.3483,0.4273,0.4797,0.4999,0.4847,0.2905,0.261,0.2177,0.157,0.0852,0.0109,-0.0661,0.3271,0.3735,0.3978,0.3938,0.3688,0.3145,0.242,126.66,50.35,86.38,0.9918,0.1277,0.0,0.0,0.354,0.49,0.317,0.011,0.0494,0.0049,-0.068,-0.031,-0.026,36.05,30.0,0.0,0.0,0,0,0,0,OUTER,READY,1,1
120000,ARM_3,MIXED,20260510,run_00001,0.2446,0.4246,0.4988,0.4503,0.2879,0.0539,-0.1955,0.2633,0.161,0.0163,-0.1304,-0.2448,-0.2973,-0.2768,0.3745,0.3968,0.3198,0.1626,-0.0347,-0.2229,-0.3573,147.46,98.5,92.48,0.9682,0.2503,0.0,0.0,0.847,0.424,0.817,0.024,0.0446,0.007,0.049,0.035,0.008,36.11,30.0,25.0,0.0,0,0,0,0,OUTER,READY,1,1
120000,ARM_4,MIXED,20260510,run_00001,0.3425,0.4987,0.384,0.0593,-0.2968,-0.4901,-0.4176,0.2189,0.016,-0.1928,-0.2985,-0.2408,-0.0533,0.1652,0.3963,0.3197,0.0697,-0.22,-0.3889,-0.347,-0.1169,162.77,143.6,98.52,0.9294,0.3691,0.0,0.0,0.69,0.033,0.758,0.0344,0.0385,0.0114,-0.058,0.009,-0.006,36.13,0.0,0.0,0.0,1,0,0,0,OUTER,READY,1,1
121000,ARM_1,MIXED,20260510,run_00001,0.0021,0.0072,0.0111,0.0116,0.014,0.019,0.0204,0.299,0.2989,0.2989,0.2998,0.3011,0.2989,0.3003,0.2583,0.2611,0.2621,0.2659,0.2674,0.2696,0.2703,100.1,0.63,80.27,1.0,0.003,0.0,0.0,0.011,0.8,0.017,-0.0023,0.0511,-0.001,-0.085,0.053,0.027,35.97,0.0,0.0,0.0,0,0,0,0,OUTER,READY,1,1
121000,ARM_2,MIXED,20260510,run_00001,0.1277,0.2463,0.3471,0.4263,0.4788,0.5001,0.4875,0.2901,0.2622,0.2155,0.1548,0.0862,0.0117,-0.0649,0.3265,0.3732,0.3988,0.3961,0.3687,0.3161,0.2423,126.73,50.31,86.42,0.9918,0.1277,0.0,0.0,0.349,0.493,0.315,0.012,0.0486,0.0036,-0.08,-0.05,0.006,36.13,30.0,0.0,0.0,0,0,0,0,OUTER,READY,1,1
121000,ARM_3,MIXED,20260510,run_00001,0.2408,0.4254,0.4985,0.451,0.2879,0.0522,-0.1943,0.2635,0.1576,0.0143,-0.1328,-0.2465,-0.2987,-0.2773,0.3742,0.3966,0.3173,0.1648,-0.0359,-0.2246,-0.3575,147.53,98.45,92.52,0.9682,0.2503,0.0,0.0,0.852,0.421,0.82,0.0235,0.0432,0.0079,-0.052,0.027,0.049,35.96,30.0,25.0,0.0,0,0,0,0,OUTER,READY,1,1
121000,ARM_4,MIXED,20260510,run_00001,0.3433,0.4986,0.3837,0.0597,-0.2997,-0.493,-0.4185,0.2174,0.0187,-0.1921,-0.2968,-0.2426,-0.0527,0.1637,0.3974,0.3213,0.067,-0.2192,-0.3892,-0.3462,-0.1136,162.74,143.58,98.46,0.9294,0.3691,0.0,0.0,0.708,0.04,0.761,0.0344,0.0377,0.0106,0.091,0.012,0.076,36.1,0.0,0.0,0.0,1,0,0,0,OUTER,READY,1,1
122000,ARM_1,MIXED,20260510,run_00001,0.0018,0.0049,0.0073,0.0117,0.0164,0.0183,0.0205,0.3006,0.2987,0.2989,0.3007,0.2984,0.3011,0.3003,0.2606,0.2596,0.2629,0.2639,0.2665,0.2693,0.2708,99.99,0.67,80.17,1.0,0.003,0.0,0.0,0.012,0.799,0.004,0.0006,0.0516,0.0013,-0.039,-0.015,0.153,35.98,0.0,0.0,0.0,0,0,0,0,OUTER,READY,1,1
122000,ARM_2,MIXED,20260510,run_00001,0.1254,0.2471,0.3483,0.428,0.4798,0.5002,0.4881,0.2916,0.2597,0.2156,0.1553,0.0855,0.01,-0.0651,0.3265,0.3741,0.3982,0.3945,0.3677,0.3152,0.2424,126.77,50.43,86.37,0.9918,0.1277,0.0,0.0,0.348,0.486,0.316,0.0126,0.0486,0.0042,-0.086,-0.037,0.036,36.05,30.0,0.0,0.0,0,0,0,0,OUTER,READY,1,1
122000,ARM_3,MIXED,20260510,run_00001,0.2439,0.4238,0.4993,0.4494,0.2869,0.0528,-0.1942,0.2618,0.1597,0.0157,-0.1323,-0.2451,-0.2984,-0.2787,0.3744,0.3947,0.3177,0.1616,-0.0369,-0.2246,-0.3568,147.46,98.44,92.47,0.9682,0.2504,0.0,0.0,0.851,0.427,0.825,0.024,0.0454,0.0079,0.014,-0.021,-0.039,36.05,30.0,25.0,0.0,0,0,0,0,OUTER,READY,1,1
122000,ARM_4,MIXED,20260510,run_00001,0.3437,0.4981,0.3822,0.0572,-0.299,-0.4932,-0.4173,0.2184,0.0175,-0.1928,-0.297,-0.2398,-0.053,0.163,0.3965,0.3226,0.067,-0.2206,-0.3881,-0.3457,-0.1153,162.76,143.62,98.4,0.9294,0.3691,0.0,0.0,0.703,0.031,0.761,0.0359,0.0374,0.0123,-0.07,-0.13,-0.004,36.18,0.0,0.0,0.0,1,0,0,0,OUTER,READY,1,1
123000,ARM_1,MIXED,20260510,run_00001,0.0035,0.0053,0.0085,0.012,0.013,0.0191,0.0198,0.2998,0.3009,0.3011,0.3004,0.2984,0.3007,0.2995,0.2593,0.2596,0.2631,0.2654,0.2682,0.2698,0.2724,99.94,0.63,80.17,1.0,0.0031,0.0,0.0,-0.001,0.808,0.01,-0.002,0.0485,-0.0002,0.069,0.061,0.047,35.95,0.0,0.0,0.0,0,0,0,0,OUTER,READY,1,1
123000,ARM_2,MIXED,20260510,run_00001,0.1272,0.2454,0.3456,0.4279,0.4788,0.501,0.4867,0.2891,0.2596,0.215,0.1561,0.0856,0.0103,-0.0649,0.3261,0.3749,0.3995,0.3952,0.3675,0.3131,0.2408,126.72,50.33,86.47,0.9918,0.1277,0.0,0.0,0.34,0.484,0.309,0.0127,0.0479,0.0053,0.063,-0.042,0.005,36.0,30.0,0.0,0.0,0,0,0,0,OUTER,READY,1,1
123000,ARM_3,MIXED,20260510,run_00001,0.2421,0.4231,0.4991,0.4494,0.2882,0.0524,-0.1954,0.2612,0.1579,0.0163,-0.132,-0.2451,-0.2975,-0.277,0.376,0.3956,0.3198,0.1628,-0.0353,-0.225,-0.3571,147.44,98.53,92.5,0.9681,0.2504,0.0,0.0,0.848,0.422,0.835,0.0243,0.044,0.0074,0.026,-0.007,-0.026,36.05,30.0,25.0,0.0,0,0,0,0,OUTER,READY,1,1
123000,ARM_4,MIXED,20260510,run_00001,0.3446,0.4993,0.383,0.0575,-0.2983,-0.4922,-0.418,0.2185,0.0176,-0.1944,-0.298,-0.2395,-0.0519,0.1641,0.3963,0.3188,0.0692,-0.221,-0.3889,-0.3459,-0.1148,162.75,143.59,98.42,0.9294,0.3691,0.0,0.0,0.702,0.026,0.757,0.0349,0.0381,0.0102,0.003,-0.018,-0.036,36.08,0.0,0.0,0.0,1,0,0,0,OUTER,READY,1,1
124000,ARM_1,MIXED,20260510,run_00001,0.0041,0.0063,0.0098,0.0126,0.0163,0.0182,0.0222,0.2987,0.3005,0.299,0.3012,0.3004,0.2981,0.2994,0.259,0.2608,0.2626,0.2674,0.2667,0.2698,0.2706,100.06,0.64,80.14,1.0,0.0031,0.0,0.0,0.008,0.801,0.005,-0.0001,0.0491,-0.0003,0.039,-0.031,-0.086,36.01,0.0,0.0,0.0,0,0,0,0,OUTER,READY,1,1
124000,ARM_2,MIXED,20260510,run_00001,0.1253,0.2435,0.3478,0.4272,0.4797,0.4996,0.4877,0.2904,0.2613,0.2167,0.1565,0.085,0.0106,-0.0669,0.3274,0.3748,0.3977,0.3943,0.3687,0.3127,0.2403,126.71,50.3,86.46,0.9918,0.1277,0.0,0.0,0.35,0.488,0.316,0.0133,0.0469,0.003,-0.067,0.038,0.058,36.06,30.0,0.0,0.0,0,0,0,0,OUTER,READY,1,1
124000,ARM_3,MIXED,20260510,run_00001,0.2439,0.4243,0.4979,0.4483,0.2873,0.0511,-0.1961,0.2627,0.1597,0.0166,-0.1321,-0.2456,-0.2987,-0.2758,0.375,0.3974,0.3199,0.1596,-0.0353,-0.2247,-0.3577,147.36,98.49,92.55,0.9681,0.2504,0.0,0.0,0.856,0.425,0.839,0.0275,0.044,0.0087,0.082,-0.034,0.075,36.0,30.0,25.0,0.0,0,0,0,0,OUTER,READY,1,1
124000,ARM_4,MIXED,20260510,run_00001,0.3425,0.4998,0.3833,0.0585,-0.2976,-0.4928,-0.4161,0.2177,0.0171,-0.192,-0.2981,-0.243,-0.0532,0.1655,0.3988,0.3199,0.0693,-0.2189,-0.3905,-0.3464,-0.1142,162.9,143.64,98.44,0.9294,0.3692,0.0,0.0,0.693,0.035,0.76,0.0327,0.0348,0.0113,0.039,0.039,0.043,36.02,0.0,0.0,0.0,1,0,0,0,OUTER,READY,1,1
125000,ARM_1,MIXED,20260510,run_00001,0.0043,0.0058,0.0094,0.0125,0.0158,0.0188,0.0224,0.3016,0.2987,0.3009,0.3002,0.3007,0.3001,0.3007,0.2585,0.2618,0.2637,0.2638,0.2673,0.2707,0.2724,100.04,0.63,80.17,1.0,0.0031,0.0,0.0,0.01,0.797,0.014,0.0021,0.0491,-0.0008,0.003,0.048,0.007,36.15,0.0,0.0,0.0,0,0,0,0,OUTER,READY,1,1
125000,ARM_2,MIXED,20260510,run_00001,0.1267,0.2448,0.346,0.4262,0.482,0.5003,0.4895,0.2927,0.261,0.2161,0.1566,0.0857,0.0095,-0.0657,0.3251,0.3764,0.3992,0.3956,0.3654,0.315,0.2412,126.65,50.32,86.43,0.9918,0.1278,0.0,0.0,0.337,0.489,0.32,0.0129,0.0468,0.0039,-0.068,-0.005,-0.007,36.04,30.0,0.0,0.0,0,0,0,0,OUTER,READY,1,1
125000,ARM_3,MIXED,20260510,run_00001,0.2435,0.425,0.498,0.45,0.2847,0.0512,-0.1961,0.2625,0.1584,0.0159,-0.1328,-0.2437,-0.2984,-0.2765,0.374,0.3959,0.318,0.16,-0.0369,-0.2228,-0.3574,147.5,98.51,92.53,0.9681,0.2504,0.0,0.0,0.841,0.43,0.83,0.0245,0.0442,0.0067,0.031,-0.052,-0.013,36.08,30.0,25.0,0.0,0,0,0,0,OUTER,READY,1,1
125000,ARM_4,MIXED,20260510,run_00001,0.3428,0.5,0.3838,0.0574,-0.3004,-0.4919,-0.4196,0.2172,0.0167,-0.1934,-0.2977,-0.2403,-0.0529,0.1641,0.3967,0.3212,0.069,-0.2197,-0.3905,-0.3472,-0.1152,162.77,143.67,98.46,0.9294,0.3692,0.0,0.0,0.708,0.026,0.759,0.0338,0.0362,0.0105,0.023,-0.008,0.009,36.07,0.0,0.0,0.0,1,0,0,0,OUTER,READY,1,1
126000,ARM_1,MIXED,20260510,run_00001,0.0028,0.0042,0.0097,0.0127,0.0163,0.019,0.02,0.3015,0.3013,0.2999,0.2998,0.2988,0.3001,0.3014,0.2594,0.2629,0.2643,0.2662,0.2691,0.2691,0.2695,99.95,0.54,80.15,1.0,0.0031,0.0,0.0,0.009,0.807,0.006,0.0009,0.0493,-0.0004,-0.063,-0.061,-0.049,35.96,0.0,0.0,0.0,0,0,0,0,OUTER,READY,1,1
126000,ARM_2,MIXED,20260510,run_00001,0.1264,0.2429,0.3481,0.4258,0.4783,0.4992,0.4884,0.2894,0.2621,0.2143,0.1542,0.0857,0.0103,-0.0666,0.3266,0.3766,0.3975,0.3964,0.3669,0.314,0.2418,126.71,50.4,86.42,0.9918,0.1278,0.0,0.0,0.348,0.496,0.31,0.0129,0.0499,0.0048,0.11,-0.05,0.046,35.99,30.0,0.0,0.0,0,0,0,0,OUTER,READY,1,1
126000,ARM_3,MIXED,20260510,run_00001,0.2427,0.4248,0.5006,0.4506,0.2868,0.0541,-0.1947,0.2616,0.1598,0.0135,-0.1324,-0.2439,-0.2982,-0.275,0.3739,0.3958,0.3188,0.163,-0.0356,-0.2241,-0.3565,147.41,98.59,92.55,0.9681,0.2505,0.0,0.0,0.852,0.424,0.827,0.0246,0.0429,0.0079,-0.02,-0.029,0.111,36.05,30.0,25.0,0.0,0,0,0,0,OUTER,READY,1,1
126000,ARM_4,MIXED,20260510,run_00001,0.3436,0.4998,0.3839,0.0564,-0.2995,-0.4924,-0.4178,0.2192,0.0166,-0.1929,-0.2981,-0.2419,-0.0511,0.1656,0.3972,0.3195,0.0683,-0.2213,-0.3904,-0.3465,-0.1156,162.77,143.69,98.53,0.9293,0.3692,0.0,0.0,0.692,0.029,0.77,0.0311,0.0363,0.012,-0.087,-0.027,-0.031,36.07,0.0,0.0,0.0,1,0,0,0,OUTER,READY,1,1
127000,ARM_1,MIXED,20260510,run_00001,0.0038,0.0053,0.0114,0.014,0.016,0.0178,0.0234,0.3003,0.3013,0.3016,0.2994,0.2999,0.2985,0.2989,0.2593,0.263,0.2632,0.264,0.2681,0.269,0.2701,99.97,0.7,80.15,1.0,0.0032,0.0,0.0,0.011,0.797,0.013,0.0004,0.048,-0.0003,-0.019,0.055,0.03,36.05,0.0,0.0,0.0,0,0,0,0,OUTER,READY,1,1
127000,ARM_2,MIXED,20260510,run_00001,0.1283,0.2434,0.3482,0.4272,0.4784,0.5018,0.4888,0.29,0.2603,0.2164,0.1558,0.0872,0.0113,-0.0673,0.3271,0.3739,0.3978,0.3941,0.3669,0.315,0.2396,126.77,50.35,86.36,0.9918,0.1278,0.0,0.0,0.336,0.493,0.312,0.0101,0.0482,0.0057,-0.018,-0.075,-0.026,36.1,30.0,0.0,0.0,0,0,0,0,OUTER,READY,1,1
127000,ARM_3,MIXED,20260510,run_00001,0.2432,0.4253,0.4976,0.4497,0.2866,0.0522,-0.1958,0.2619,0.1595,0.0145,-0.1333,-0.2441,-0.2986,-0.2775,0.3748,0.3962,0.3189,0.1612,-0.0352,-0.2251,-0.3572,147.45,98.52,92.54,0.9681,0.2505,0.0,0.0,0.854,0.416,0.824,0.0239,0.0439,0.008,0.094,0.046,0.031,36.06,30.0,25.0,0.0,0,0,0,0,OUTER,READY,1,1
127000,ARM_4,MIXED,20260510,run_00001,0.3436,0.4992,0.3826,0.0563,-0.3003,-0.4929,-0.419,0.2185,0.0172,-0.1951,-0.298,-0.2415,-0.0511,0.1656,0.3962,0.3198,0.0693,-0.2209,-0.3886,-0.3471,-0.1146,162.67,143.56,98.48,0.9293,0.3692,0.0,0.0,0.7,0.027,0.759,0.0344,0.0345,0.0114,-0.01,0.022,-0.016,36.14,0.0,0.0,0.0,1,0,0,0,OUTER,READY,1,1
128000,ARM_1,MIXED,20260510,run_00001,0.0059,0.0035,0.0076,0.0127,0.015,0.0194,0.0225,0.3003,0.2991,0.2977,0.2997,0.3009,0.2981,0.3011,0.261,0.2603,0.264,0.2654,0.268,0.2698,0.2704,99.97,0.69,80.18,1.0,0.0032,0.0,0.0,0.014,0.797,0.014,-0.0005,0.0511,0.0005,0.064,-0.017,0.039,36.06,0.0,0.0,0.0,0,0,0,0,OUTER,READY,1,1
128000,ARM_2,MIXED,20260510,run_00001,0.1256,0.246,0.3474,0.4283,0.4786,0.5007,0.4884,0.2908,0.2606,0.2144,0.1581,0.0853,0.0095,-0.0642,0.3256,0.3751,0.3993,0.3961,0.3675,0.3152,0.2389,126.75,50.35,86.44,0.9918,0.1278,0.0,0.0,0.341,0.483,0.316,0.0125,0.0486,0.0032,0.043,-0.072,0.074,35.97,30.0,0.0,0.0,0,0,0,0,OUTER,READY,1,1
128000,ARM_3,MIXED,20260510,run_00001,0.2439,0.4234,0.5004,0.4495,0.2864,0.0517,-0.1979,0.263,0.1576,0.0161,-0.1331,-0.2449,-0.2987,-0.2766,0.375,0.3954,0.3169,0.1621,-0.0351,-0.2249,-0.3559,147.47,98.39,92.51,0.9681,0.2505,0.0,0.0,0.848,0.427,0.823,0.0231,0.0437,0.0072,0.039,0.029,-0.044,36.02,30.0,25.0,0.0,0,0,0,0,OUTER,READY,1,1
128000,ARM_4,MIXED,20260510,run_00001,0.3436,0.5,0.3836,0.0583,-0.2986,-0.492,-0.4191,0.2181,0.0191,-0.1926,-0.2971,-0.2405,-0.0501,0.1654,0.3969,0.3197,0.069,-0.2212,-0.3889,-0.3457,-0.1133,162.66,143.61,98.45,0.9293,0.3692,0.0,0.0,0.699,0.028,0.759,0.0338,0.0353,0.0105,0.039,-0.021,0.056,36.09,0.0,0.0,0.0,1,0,0,0,OUTER,READY,1,1
129000,ARM_1,MIXED,20260510,run_00001,0.005,0.0058,0.0078,0.0141,0.018,0.0193,0.0222,0.3003,0.3006,0.2988,0.3005,0.3007,0.3001,0.2991,0.2612,0.2633,0.2639,0.2673,0.2685,0.2694,0.27,100.01,0.65,80.13,1.0,0.0032,0.0,0.0,0.008,0.799,0.011,0.0001,0.0514,0.0004,-0.028,0.014,-0.096,36.05,0.0,0.0,0.0,0,0,0,0,OUTER,READY,1,1
129000,ARM_2,MIXED,20260510,run_00001,0.1278,0.2454,0.3467,0.4289,0.4804,0.4994,0.487,0.2897,0.2607,0.2147,0.1559,0.0851,0.0106,-0.068,0.3266,0.3738,0.3983,0.3942,0.3679,0.3149,0.2403,126.79,50.31,86.39,0.9918,0.1279,0.0,0.0,0.34,0.496,0.309,0.0126,0.0465,0.0048,0.099,-0.012,0.019,36.11,30.0,0.0,0.0,0,0,0,0,OUTER,READY,1,1
129000,ARM_3,MIXED,20260510,run_00001,0.2449,0.4245,0.4994,0.448,0.2846,0.0507,-0.1955,0.2624,0.1565,0.0147,-0.1328,-0.2457,-0.2975,-0.277,0.376,0.3943,0.3196,0.1619,-0.0373,-0.2239,-0.3566,147.41,98.46,92.45,0.9681,0.2505,0.0,0.0,0.847,0.427,0.817,0.0256,0.0438,0.007,-0.018,-0.01,-0.031,36.08,30.0,25.0,0.0,0,0,0,0,OUTER,READY,1,1
129000,ARM_4,MIXED,20260510,run_00001,0.3427,0.4987,0.3839,0.0567,-0.2975,-0.491,-0.4183,0.2173,0.0197,-0.1946,-0.2989,-0.2403,-0.0523,0.165,0.3974,0.3192,0.0699,-0.2195,-0.3896,-0.3452,-0.1133,162.75,143.65,98.55,0.9293,0.3693,0.0,0.0,0.7,0.029,0.769,0.0332,0.0364,0.0111,0.016,-0.05,0.062,36.15,0.0,0.0,0.0,1,0,0,0,OUTER,READY,1,1
130000,ARM_1,MIXED,20260510,run_00001,0.0041,0.0082,0.0118,0.0135,0.0159,0.0205,0.0207,0.3,0.2994,0.301,0.3001,0.3007,0.2995,0.2974,0.2613,0.2622,0.2621,0.2665,0.2683,0.2707,0.2708,99.95,0.6,80.19,1.0,0.0032,0.0,0.0,0.015,0.804,0.008,-0.0007,0.0484,0.0014,0.004,0.025,-0.021,36.03,0.0,0.0,0.0,0,0,0,0,OUTER,READY,1,1
130000,ARM_2,MIXED,20260510,run_00001,0.1276,0.2453,0.3481,0.4277,0.4811,0.4984,0.4873,0.29,0.2619,0.2154,0.1579,0.0851,0.0087,-0.0669,0.3272,0.3734,0.3992,0.3956,0.3665,0.316,0.2408,126.82,50.26,86.35,0.9918,0.1279,0.0,0.0,0.343,0.483,0.306,0.0136,0.0486,0.0029,0.048,0.04,-0.021,36.01,30.0,0.0,0.0,0,0,0,0,OUTER,READY,1,1
130000,ARM_3,MIXED,20260510,run_00001,0.2423,0.4242,0.4982,0.4497,0.2848,0.0515,-0.1976,0.2615,0.1578,0.0147,-0.1333,-0.2464,-0.2977,-0.2771,0.3745,0.3953,0.3186,0.1612,-0.0373,-0.2235,-0.3561,147.48,98.47,92.54,0.9681,0.2506,0.0,0.0,0.847,0.417,0.832,0.0248,0.0435,0.0065,-0.005,-0.0,0.042,36.06,30.0,25.0,0.0,0,0,0,0,OUTER,READY,1,1
130000,ARM_4,MIXED,20260510,run_00001,0.3433,0.4987,0.3834,0.0576,-0.2994,-0.4938,-0.4168,0.2174,0.019,-0.1932,-0.2975,-0.2415,-0.0523,0.1647,0.3974,0.3209,0.0691,-0.2197,-0.3906,-0.347,-0.1133,162.73,143.62,98.44,0.9293,0.3693,0.0,0.0,0.694,0.023,0.767,0.0351,0.0377,0.0086,-0.045,-0.049,-0.038,36.18,0.0,0.0,0.0,1,0,0,0,OUTER,READY,1,1
131000,ARM_1,MIXED,20260510,run_00001,0.0019,0.0078,0.0097,0.0124,0.0186,0.0207,0.0219,0.2992,0.3017,0.3004,0.3,0.3019,0.3003,0.2999,0.2596,0.2615,0.2653,0.266,0.2682,0.2687,0.2703,100.03,0.56,80.14,1.0,0.0033,0.0,0.0,0.015,0.803,0.011,0.0008,0.0486,-0.0,0.015,-0.051,-0.016,35.98,0.0,0.0,0.0,0,0,0,0,OUTER,READY,1,1
131000,ARM_2,MIXED,20260510,run_00001,0.1283,0.2463,0.3476,0.4278,0.4786,0.5002,0.4867,0.2915,0.2617,0.2165,0.1552,0.0853,0.0068,-0.0677,0.3263,0.3752,0.3968,0.3955,0.3653,0.3132,0.2411,126.72,50.42,86.37,0.9918,0.1279,0.0,0.0,0.352,0.48,0.312,0.0128,0.0501,0.0046,-0.047,-0.049,-0.061,35.97,30.0,0.0,0.0,0,0,0,0,OUTER,READY,1,1
131000,ARM_3,MIXED,20260510,run_00001,0.2406,0.4254,0.5001,0.4474,0.2855,0.0509,-0.1958,0.2624,0.16,0.0162,-0.1315,-0.2475,-0.2988,-0.2769,0.3756,0.3957,0.3193,0.1623,-0.0375,-0.224,-0.3575,147.53,98.52,92.63,0.9681,0.2506,0.0,0.0,0.844,0.421,0.836,0.0232,0.0432,0.0068,0.014,0.008,0.017,36.11,30.0,25.0,0.0,0,0,0,0,OUTER,READY,1,1
131000,ARM_4,MIXED,20260510,run_00001,0.3425,0.4998,0.3826,0.0565,-0.2993,-0.4914,-0.4167,0.219,0.0184,-0.1945,-0.2969,-0.2395,-0.0501,0.1649,0.3966,0.3206,0.0695,-0.2197,-0.3901,-0.3455,-0.1154,162.73,143.67,98.42,0.9293,0.3693,0.0,0.0,0.691,0.034,0.759,0.0336,0.0357,0.0112,0.016,0.109,0.02,36.03,0.0,0.0,0.0,1,0,0,0,OUTER,READY,1,1
132000,ARM_1,MIXED,20260510,run_00001,0.0018,0.0063,0.0097,0.0133,0.0153,0.0218,0.0228,0.2992,0.3,0.3016,0.3017,0.2995,0.3002,0.2996,0.26,0.2616,0.2633,0.264,0.2673,0.2674,0.2686,100.01,0.67,80.16,1.0,0.0033,0.0,0.0,0.006,0.802,0.01,0.0021,0.052,0.0002,0.018,0.031,0.04,36.04,0.0,0.0,0.0,0,0,0,0,OUTER,READY,1,1
132000,ARM_2,MIXED,20260510,run_00001,0.1262,0.2455,0.3489,0.4276,0.4799,0.501,0.4882,0.289,0.2604,0.2148,0.1544,0.0857,0.01,-0.0675,0.3281,0.3748,0.4,0.3928,0.3681,0.3126,0.2413,126.75,50.4,86.42,0.9918,0.1279,0.0,0.0,0.347,0.493,0.31,0.0145,0.0475,0.0045,-0.012,-0.065,0.156,36.08,30.0,0.0,0.0,0,0,0,0,OUTER,READY,1,1
132000,ARM_3,MIXED,20260510,run_00001,0.2421,0.4258,0.4997,0.4496,0.2845,0.0503,-0.1966,0.2609,0.1591,0.016,-0.1316,-0.246,-0.2995,-0.2759,0.3732,0.3971,0.3185,0.1627,-0.0354,-0.2274,-0.3566,147.51,98.52,92.55,0.9681,0.2506,0.0,0.0,0.844,0.42,0.842,0.0234,0.0437,0.0086,0.081,0.044,-0.027,36.06,30.0,25.0,0.0,0,0,0,0,OUTER,READY,1,1
132000,ARM_4,MIXED,20260510,run_00001,0.3415,0.4985,0.3823,0.0574,-0.3008,-0.4925,-0.4174,0.2189,0.0169,-0.1934,-0.2985,-0.2414,-0.0514,0.166,0.3989,0.3194,0.0696,-0.2208,-0.3899,-0.3458,-0.1122,162.73,143.59,98.43,0.9293,0.3693,0.0,0.0,0.698,0.032,0.758,0.0331,0.0343,0.0134,0.062,0.001,-0.043,36.16,0.0,0.0,0.0,1,0,0,0,OUTER,READY,1,1
133000,ARM_1,MIXED,20260510,run_00001,0.0037,0.0074,0.0075,0.0126,0.0174,0.022,0.0246,0.3006,0.3002,0.3004,0.3008,0.2999,0.3,0.2984,0.2597,0.261,0.2656,0.2669,0.2681,0.27,0.2701,99.96,0.63,80.16,1.0,0.0033,0.0,0.0,0.008,0.802,0.007,-0.0001,0.0509,-0.0004,0.053,0.016,0.026,35.9,0.0,0.0,0.0,0,0,0,0,OUTER,READY,1,1
133000,ARM_2,MIXED,20260510,run_00001,0.1257,0.2459,0.3485,0.4282,0.4779,0.5005,0.487,0.2888,0.2619,0.2157,0.1551,0.0849,0.0101,-0.0674,0.3253,0.3746,0.3989,0.3957,0.3681,0.3135,0.2415,126.76,50.47,86.45,0.9918,0.128,0.0,0.0,0.352,0.483,0.303,0.0131,0.0489,0.0036,-0.095,-0.043,-0.104,36.02,30.0,0.0,0.0,0,0,0,0,OUTER,READY,1,1
133000,ARM_3,MIXED,20260510,run_00001,0.2423,0.4234,0.4992,0.4481,0.2853,0.0503,-0.197,0.2645,0.1578,0.0155,-0.1318,-0.2449,-0.3003,-0.2775,0.3736,0.3957,0.3187,0.1629,-0.0377,-0.2253,-0.3577,147.43,98.53,92.53,0.9681,0.2506,0.0,0.0,0.847,0.422,0.826,0.0235,0.0443,0.0057,0.069,0.045,-0.028,36.05,30.0,25.0,0.0,0,0,0,0,OUTER,READY,1,1
133000,ARM_4,MIXED,20260510,run_00001,0.3413,0.4992,0.3843,0.0571,-0.299,-0.4935,-0.4184,0.2173,0.0172,-0.1923,-0.2978,-0.2395,-0.0502,0.1662,0.3989,0.3213,0.0687,-0.221,-0.3894,-0.3457,-0.1143,162.73,143.68,98.42,0.9293,0.3694,0.0,0.0,0.695,0.033,0.759,0.0353,0.0367,0.0112,-0.082,-0.016,0.05,36.11,0.0,0.0,0.0,1,0,0,0,OUTER,READY,1,1
134000,ARM_1,MIXED,20260510,run_00001,0.0044,0.0069,0.0086,0.0133,0.0155,0.02,0.0243,0.3009,0.2983,0.299,0.3017,0.3004,0.2997,0.298,0.2584,0.2628,0.2638,0.2637,0.2678,0.2693,0.2726,100.01,0.7,80.1,1.0,0.0033,0.0,0.0,0.012,0.794,0.013,0.0004,0.0501,0.0019,0.009,-0.06,-0.039,35.98,0.0,0.0,0.0,0,0,0,0,OUTER,READY,1,1
134000,ARM_2,MIXED,20260510,run_00001,0.1266,0.2468,0.3455,0.4276,0.48,0.5,0.4862,0.2908,0.2598,0.2145,0.1535,0.0855,0.0086,-0.0659,0.3266,0.3756,0.3967,0.3959,0.3644,0.3154,0.2382,126.71,50.34,86.37,0.9918,0.128,0.0,0.0,0.34,0.493,0.312,0.0119,0.048,0.0051,-0.027,-0.049,-0.008,36.0,30.0,0.0,0.0,0,0,0,0,OUTER,READY,1,1
134000,ARM_3,MIXED,20260510,run_00001,0.2434,0.4236,0.4989,0.4487,0.2865,0.0505,-0.197,0.2628,0.1586,0.0168,-0.1314,-0.2467,-0.2988,-0.276,0.3739,0.3965,0.3182,0.1599,-0.0365,-0.2245,-0.3568,147.38,98.53,92.52,0.9681,0.2506,0.0,0.0,0.85,0.415,0.822,0.0247,0.044,0.007,0.053,0.013,-0.033,35.92,30.0,25.0,0.0,0,0,0,0,OUTER,READY,1,1
134000,ARM_4,MIXED,20260510,run_00001,0.3432,0.4969,0.3819,0.0581,-0.2989,-0.4909,-0.4171,0.2166,0.0164,-0.1923,-0.2985,-0.2415,-0.0531,0.1657,0.3978,0.3188,0.0677,-0.2204,-0.391,-0.3447,-0.1129,162.71,143.81,98.52,0.9293,0.3694,0.0,0.0,0.705,0.03,0.756,0.0336,0.0351,0.0126,0.016,-0.012,0.113,36.19,0.0,0.0,0.0,1,0,0,0,OUTER,READY,1,1
135000,ARM_1,MIXED,20260510,run_00001,0.0043,0.0077,0.0105,0.0136,0.0175,0.0211,0.0248,0.3008,0.3003,0.2984,0.2996,0.3009,0.3012,0.299,0.2603,0.2604,0.2627,0.2674,0.2678,0.2702,0.272,99.98,0.76,80.17,1.0,0.0034,0.0,0.0,0.022,0.795,0.006,0.0024,0.0493,-0.0,0.012,-0.067,-0.04,35.9,0.0,0.0,0.0,0,0,0,0,OUTER,READY,1,1
135000,ARM_2,MIXED,20260510,run_00001,0.1272,0.2455,0.3479,0.4263,0.4794,0.5011,0.4883,0.2877,0.2618,0.2158,0.1539,0.0855,0.01,-0.0674,0.3275,0.3749,0.398,0.3963,0.365,0.3146,0.2398,126.7,50.38,86.41,0.9918,0.128,0.0,0.0,0.346,0.484,0.311,0.0117,0.0489,0.0035,-0.003,0.062,0.003,36.01,30.0,0.0,0.0,0,0,0,0,OUTER,READY,1,1
135000,ARM_3,MIXED,20260510,run_00001,0.2434,0.4256,0.5,0.4504,0.2853,0.0508,-0.1966,0.2621,0.1587,0.0145,-0.131,-0.2462,-0.2991,-0.2763,0.3718,0.3968,0.3182,0.161,-0.036,-0.226,-0.3574,147.34,98.53,92.53,0.9681,0.2507,0.0,0.0,0.851,0.424,0.819,0.0255,0.0453,0.0057,0.019,0.027,0.005,36.14,30.0,25.0,0.0,0,0,0,0,OUTER,READY,1,1
135000,ARM_4,MIXED,20260510,run_00001,0.344,0.4985,0.3823,0.0561,-0.2986,-0.4921,-0.4162,0.218,0.0174,-0.1928,-0.2967,-0.2412,-0.0515,0.1676,0.3971,0.3199,0.0669,-0.2215,-0.3884,-0.3474,-0.1128,162.76,143.65,98.53,0.9293,0.3694,0.0,0.0,0.692,0.036,0.751,0.0354,0.0357,0.012,-0.019,0.043,-0.061,36.15,0.0,0.0,0.0,1,0,0,0,OUTER,READY,1,1
136000,ARM_1,MIXED,20260510,run_00001,0.0038,0.0053,0.0099,0.0127,0.0154,0.0204,0.023,0.3014,0.3002,0.2992,0.3012,0.3,0.3016,0.2974,0.2623,0.2611,0.2647,0.2657,0.2682,0.271,0.2736,100.02,0.72,80.1,1.0,0.0034,0.0,0.0,0.01,0.799,0.006,-0.0022,0.048,-0.0003,-0.086,-0.021,-0.007,36.08,0.0,0.0,0.0,0,0,0,0,OUTER,READY,1,1
136000,ARM_2,MIXED,20260510,run_00001,0.1278,0.2471,0.3493,0.4296,0.4804,0.5007,0.4878,0.2894,0.2616,0.2143,0.153,0.084,0.0073,-0.0686,0.3251,0.3756,0.3989,0.3948,0.3664,0.3139,0.241,126.73,50.41,86.43,0.9918,0.128,0.0,0.0,0.339,0.49,0.316,0.0128,0.0484,0.0032,0.006,-0.048,-0.009,36.18,30.0,0.0,0.0,0,0,0,0,OUTER,READY,1,1
136000,ARM_3,MIXED,20260510,run_00001,0.2437,0.4236,0.5002,0.4484,0.2865,0.0497,-0.1981,0.2618,0.1587,0.0161,-0.1311,-0.248,-0.2969,-0.2741,0.3746,0.3952,0.3184,0.1614,-0.0384,-0.2241,-0.3575,147.53,98.64,92.51,0.9681,0.2507,0.0,0.0,0.849,0.419,0.818,0.0228,0.0412,0.0081,-0.043,0.132,-0.037,36.07,30.0,25.0,0.0,0,0,0,0,OUTER,READY,1,1
136000,ARM_4,MIXED,20260510,run_00001,0.3427,0.5,0.3838,0.057,-0.301,-0.4913,-0.4177,0.2178,0.0156,-0.1938,-0.2988,-0.2416,-0.0518,0.1647,0.3975,0.3183,0.0675,-0.2205,-0.3883,-0.3433,-0.1111,162.68,143.68,98.54,0.9293,0.3694,0.0,0.0,0.699,0.037,0.761,0.0355,0.0345,0.0117,0.006,0.083,0.01,36.05,0.0,0.0,0.0,1,0,0,0,OUTER,READY,1,1
137000,ARM_1,MIXED,20260510,run_00001,0.0038,0.007,0.0088,0.0137,0.0155,0.0194,0.0229,0.2998,0.2991,0.3006,0.2992,0.3005,0.3011,0.2996,0.2589,0.2617,0.2637,0.2675,0.268,0.2717,0.2729,100.01,0.68,80.22,1.0,0.0034,0.0,0.0,0.014,0.798,0.014,-0.0015,0.0496,0.0004,0.032,-0.113,0.08,36.07,0.0,0.0,0.0,0,0,0,0,OUTER,READY,1,1
137000,ARM_2,MIXED,20260510,run_00001,0.1281,0.2468,0.348,0.4299,0.4798,0.5006,0.4851,0.2911,0.26,0.2175,0.1549,0.0852,0.0099,-0.0667,0.3275,0.3755,0.3989,0.395,0.3665,0.3119,0.2385,126.71,50.35,86.38,0.9918,0.1281,0.0,0.0,0.339,0.486,0.324,0.0125,0.0474,0.0037,0.047,0.045,0.018,36.02,30.0,0.0,0.0,0,0,0,0,OUTER,READY,1,1
137000,ARM_3,MIXED,20260510,run_00001,0.2439,0.4256,0.4991,0.449,0.2849,0.0507,-0.1966,0.2616,0.1581,0.0172,-0.1316,-0.247,-0.2988,-0.2755,0.3747,0.3974,0.3188,0.1616,-0.0353,-0.2256,-0.3574,147.45,98.51,92.53,0.9681,0.2507,0.0,0.0,0.848,0.424,0.827,0.0252,0.0437,0.008,0.001,0.071,-0.051,36.03,30.0,25.0,0.0,0,0,0,0,OUTER,READY,1,1
137000,ARM_4,MIXED,20260510,run_00001,0.3446,0.4993,0.3823,0.0563,-0.2996,-0.4936,-0.4168,0.2184,0.0176,-0.1929,-0.2983,-0.2409,-0.051,0.1656,0.3985,0.3207,0.0681,-0.2198,-0.3895,-0.345,-0.1128,162.74,143.62,98.43,0.9292,0.3695,0.0,0.0,0.708,0.032,0.763,0.0335,0.0352,0.0111,0.029,-0.047,0.033,36.05,0.0,0.0,0.0,1,0,0,0,OUTER,READY,1,1
138000,ARM_1,MIXED,20260510,run_00001,0.0037,0.008,0.0115,0.0134,0.0183,0.0225,0.0237,0.3007,0.2989,0.2997,0.2988,0.3001,0.299,0.2985,0.2597,0.2601,0.2646,0.2665,0.2684,0.2697,0.272,100.04,0.73,80.13,1.0,0.0034,0.0,0.0,0.016,0.801,0.017,0.0005,0.0488,-0.0007,-0.001,-0.056,0.107,36.06,0.0,0.0,0.0,0,0,0,0,OUTER,READY,1,1
138000,ARM_2,MIXED,20260510,run_00001,0.1257,0.2473,0.3478,0.4277,0.4795,0.4986,0.4874,0.2908,0.2612,0.2156,0.1562,0.0828,0.0091,-0.0677,0.3281,0.3747,0.3999,0.3953,0.3653,0.3132,0.2404,126.76,50.42,86.42,0.9918,0.1281,0.0,0.0,0.34,0.493,0.322,0.0132,0.0475,0.0038,-0.015,0.032,0.074,35.92,30.0,0.0,0.0,0,0,0,0,OUTER,READY,1,1
138000,ARM_3,MIXED,20260510,run_00001,0.2436,0.4263,0.4986,0.45,0.2874,0.0519,-0.1988,0.2623,0.1596,0.015,-0.1321,-0.2455,-0.2976,-0.2783,0.3738,0.3968,0.3177,0.1601,-0.0372,-0.2253,-0.358,147.47,98.53,92.56,0.9681,0.2507,0.0,0.0,0.85,0.418,0.822,0.0235,0.0427,0.0089,0.046,-0.128,-0.041,36.1,30.0,25.0,0.0,0,0,0,0,OUTER,READY,1,1
138000,ARM_4,MIXED,20260510,run_00001,0.3428,0.4987,0.3825,0.0548,-0.3014,-0.4928,-0.4173,0.2175,0.0165,-0.1943,-0.2991,-0.2416,-0.0516,0.1659,0.3975,0.3183,0.0684,-0.2224,-0.3898,-0.3459,-0.114,162.56,143.7,98.46,0.9292,0.3695,0.0,0.0,0.7,0.027,0.754,0.0336,0.0384,0.0101,-0.012,-0.022,-0.024,36.15,0.0,0.0,0.0,1,0,0,0,OUTER,READY,1,1
139000,ARM_1,MIXED,20260510,run_00001,0.0029,0.0049,0.0105,0.0128,0.0175,0.0217,0.0245,0.2989,0.3007,0.3006,0.3006,0.301,0.2989,0.3005,0.2592,0.2594,0.2652,0.2659,0.2667,0.2709,0.2736,100.12,0.7,80.14,1.0,0.0035,0.0,0.0,0.014,0.804,0.014,-0.001,0.0479,-0.0016,-0.041,-0.12,0.044,35.96,0.0,0.0,0.0,0,0,0,0,OUTER,READY,1,1
139000,ARM_2,MIXED,20260510,run_00001,0.1279,0.2465,0.3484,0.4275,0.4794,0.5008,0.4879,0.2893,0.2626,0.2142,0.1555,0.0848,0.0081,-0.0664,0.3268,0.3731,0.3982,0.3961,0.3661,0.3122,0.24,126.69,50.4,86.34,0.9918,0.1281,0.0,0.0,0.34,0.49,0.317,0.0115,0.0483,0.0043,0.021,-0.017,-0.048,36.05,30.0,0.0,0.0,0,0,0,0,OUTER,READY,1,1
139000,ARM_3,MIXED,20260510,run_00001,0.243,0.4243,0.4998,0.4487,0.2858,0.0503,-0.1975,0.2606,0.1591,0.0156,-0.134,-0.2463,-0.2997,-0.2778,0.3741,0.3948,0.3164,0.1587,-0.0387,-0.2251,-0.3568,147.37,98.52,92.53,0.968,0.2508,0.0,0.0,0.843,0.424,0.829,0.0244,0.0455,0.0078,-0.001,-0.149,0.094,36.0,30.0,25.0,0.0,0,0,0,0,OUTER,READY,1,1
139000,ARM_4,MIXED,20260510,run_00001,0.3421,0.4994,0.3826,0.0585,-0.3022,-0.4941,-0.4171,0.2173,0.0163,-0.1918,-0.2981,-0.2392,-0.0512,0.1656,0.3976,0.3194,0.0657,-0.2208,-0.3886,-0.3449,-0.1113,162.7,143.72,98.47,0.9292,0.3695,0.0,0.0,0.696,0.033,0.761,0.0357,0.0367,0.0126,0.022,0.042,-0.006,36.13,0.0,0.0,0.0,1,0,0,0,OUTER,READY,1,1
140000,ARM_1,MIXED,20260510,run_00001,0.0017,0.0069,0.0106,0.015,0.0171,0.0207,0.0241,0.3007,0.2981,0.3013,0.3015,0.2991,0.2982,0.2994,0.2616,0.2617,0.266,0.2665,0.2667,0.2709,0.2723,100.05,0.65,80.18,1.0,0.0035,0.0,0.0,0.022,0.808,0.012,-0.001,0.0509,-0.0004,0.06,0.067,-0.027,35.9,0.0,0.0,0.0,0,0,0,0,OUTER,READY,1,1
140000,ARM_2,MIXED,20260510,run_00001,0.1256,0.245,0.3477,0.4272,0.4813,0.4989,0.4867,0.2905,0.2612,0.2147,0.1554,0.0866,0.0075,-0.0664,0.3278,0.3737,0.398,0.3951,0.3668,0.3145,0.2402,126.75,50.42,86.43,0.9918,0.1281,0.0,0.0,0.342,0.487,0.316,0.0123,0.048,0.0036,0.032,0.056,-0.022,35.96,30.0,0.0,0.0,0,0,0,0,OUTER,READY,1,1
140000,ARM_3,MIXED,20260510,run_00001,0.2419,0.4261,0.4999,0.449,0.2854,0.0494,-0.1995,0.2621,0.1577,0.0145,-0.1342,-0.2461,-0.2989,-0.2765,0.3735,0.3957,0.3176,0.1603,-0.0367,-0.2261,-0.3573,147.39,98.58,92.53,0.968,0.2508,0.0,0.0,0.848,0.424,0.826,0.0246,0.0438,0.0067,-0.005,0.032,0.04,36.03,30.0,25.0,0.0,0,0,0,0,OUTER,READY,1,1
140000,ARM_4,MIXED,20260510,run_00001,0.3425,0.5004,0.3818,0.056,-0.3004,-0.4923,-0.417,0.2187,0.017,-0.1928,-0.2984,-0.2399,-0.051,0.1658,0.3974,0.3217,0.0673,-0.2209,-0.3894,-0.3454,-0.112,162.72,143.6,98.65,0.9292,0.3695,0.0,0.0,0.696,0.037,0.758,0.0341,0.0361,0.0107,-0.05,-0.037,0.034,36.15,0.0,0.0,0.0,1,0,0,0,OUTER,READY,1,1
141000,ARM_1,MIXED,20260510,run_00001,0.0055,0.0064,0.011,0.0134,0.0175,0.0202,0.0246,0.3001,0.2995,0.2996,0.2993,0.2996,0.3033,0.299,0.2598,0.2606,0.2638,0.2651,0.2698,0.2715,0.2727,99.93,0.68,80.23,1.0,0.0035,0.0,0.0,0.019,0.809,0.009,-0.0001,0.0509,-0.0001,0.008,0.017,-0.021,36.01,0.0,0.0,0.0,0,0,0,0,OUTER,READY,1,1
141000,ARM_2,MIXED,20260510,run_00001,0.1266,0.247,0.3497,0.4276,0.48,0.4992,0.4866,0.2911,0.2599,0.216,0.1551,0.0845,0.0104,-0.0685,0.328,0.3742,0.3984,0.3946,0.3653,0.313,0.2394,126.68,50.36,86.49,0.9918,0.1282,0.0,0.0,0.346,0.484,0.318,0.0133,0.047,0.0033,0.002,-0.035,0.01,36.03,30.0,0.0,0.0,0,0,0,0,OUTER,READY,1,1
141000,ARM_3,MIXED,20260510,run_00001,0.2411,0.4253,0.5003,0.4497,0.2848,0.0485,-0.1966,0.2623,0.1598,0.0144,-0.1317,-0.2468,-0.2987,-0.2773,0.3725,0.3947,0.3168,0.159,-0.0384,-0.2242,-0.3573,147.45,98.57,92.58,0.968,0.2508,0.0,0.0,0.856,0.416,0.836,0.0252,0.0436,0.0076,0.031,-0.041,0.068,36.09,30.0,25.0,0.0,0,0,0,0,OUTER,READY,1,1
141000,ARM_4,MIXED,20260510,run_00001,0.3418,0.4988,0.3806,0.0569,-0.2991,-0.4913,-0.4166,0.217,0.0163,-0.1951,-0.2966,-0.2415,-0.0515,0.1665,0.3974,0.3193,0.0671,-0.2203,-0.3899,-0.3439,-0.1104,162.71,143.67,98.47,0.9292,0.3696,0.0,0.0,0.7,0.036,0.763,0.0351,0.0376,0.0109,0.025,-0.009,0.004,36.12,0.0,0.0,0.0,1,0,0,0,OUTER,READY,1,1
142000,ARM_1,MIXED,20260510,run_00001,0.0016,0.008,0.0109,0.0138,0.0182,0.0205,0.0246,0.301,0.3009,0.303,0.2996,0.3015,0.2974,0.2988,0.2599,0.2625,0.2646,0.2668,0.2687,0.2704,0.2731,100.03,0.82,80.13,1.0,0.0035,0.0,0.0,0.009,0.793,0.012,0.0006,0.0496,0.0011,-0.083,-0.001,0.115,35.85,0.0,0.0,0.0,0,0,0,0,OUTER,READY,1,1
142000,ARM_2,MIXED,20260510,run_00001,0.1282,0.2481,0.3489,0.4298,0.4791,0.4994,0.4879,0.2909,0.261,0.2141,0.1557,0.0843,0.0094,-0.0682,0.3262,0.3753,0.3972,0.3954,0.3673,0.3123,0.2391,126.66,50.35,86.51,0.9917,0.1282,0.0,0.0,0.346,0.489,0.32,0.0145,0.048,0.005,0.011,-0.014,-0.08,36.09,30.0,0.0,0.0,0,0,0,0,OUTER,READY,1,1
142000,ARM_3,MIXED,20260510,run_00001,0.2418,0.4243,0.4979,0.4497,0.2846,0.049,-0.1963,0.2626,0.1588,0.016,-0.1329,-0.2455,-0.2972,-0.2768,0.3744,0.3937,0.3188,0.1608,-0.0377,-0.226,-0.3581,147.52,98.58,92.46,0.968,0.2508,0.0,0.0,0.845,0.425,0.826,0.0264,0.0417,0.0081,-0.045,-0.069,0.013,36.06,30.0,25.0,0.0,0,0,0,0,OUTER,READY,1,1
142000,ARM_4,MIXED,20260510,run_00001,0.3428,0.4998,0.3825,0.0574,-0.3007,-0.4915,-0.4165,0.2153,0.0171,-0.1953,-0.2971,-0.2395,-0.0497,0.1652,0.3984,0.3207,0.0676,-0.2222,-0.389,-0.3444,-0.1121,162.77,143.75,98.55,0.9292,0.3696,0.0,0.0,0.687,0.032,0.762,0.0357,0.0368,0.0104,-0.067,-0.008,-0.139,36.11,0.0,0.0,0.0,1,0,0,0,OUTER,READY,1,1
143000,ARM_1,MIXED,20260510,run_00001,0.0053,0.0058,0.0103,0.0151,0.0168,0.0208,0.0252,0.3005,0.2993,0.3012,0.2992,0.3003,0.3019,0.2977,0.26,0.2609,0.2637,0.267,0.2673,0.2712,0.2732,100.01,0.84,80.12,1.0,0.0036,0.0,0.0,0.018,0.811,0.016,0.0002,0.0498,-0.0007,0.034,-0.096,0.031,36.06,0.0,0.0,0.0,0,0,0,0,OUTER,READY,1,1
143000,ARM_2,MIXED,20260510,run_00001,0.1286,0.2451,0.3481,0.4284,0.4799,0.5009,0.4875,0.2907,0.261,0.2176,0.1543,0.0832,0.008,-0.068,0.3288,0.3742,0.3998,0.3968,0.3636,0.3146,0.2406,126.68,50.46,86.46,0.9917,0.1282,0.0,0.0,0.347,0.483,0.315,0.0098,0.0476,0.0047,0.084,0.013,0.046,36.09,30.0,0.0,0.0,0,0,0,0,OUTER,READY,1,1
143000,ARM_3,MIXED,20260510,run_00001,0.244,0.4243,0.4993,0.4473,0.2849,0.0492,-0.199,0.2636,0.1575,0.0156,-0.1311,-0.2486,-0.2968,-0.2749,0.3729,0.395,0.319,0.1606,-0.0375,-0.2266,-0.3577,147.38,98.51,92.52,0.968,0.2509,0.0,0.0,0.856,0.415,0.832,0.0243,0.044,0.0076,0.024,-0.049,0.026,36.02,30.0,25.0,0.0,0,0,0,0,OUTER,READY,1,1
143000,ARM_4,MIXED,20260510,run_00001,0.3425,0.4995,0.3842,0.057,-0.2992,-0.4925,-0.4162,0.2183,0.018,-0.1944,-0.2977,-0.2408,-0.0506,0.1671,0.3967,0.3221,0.0657,-0.2203,-0.3894,-0.3438,-0.1125,162.67,143.7,98.52,0.9292,0.3696,0.0,0.0,0.688,0.036,0.756,0.0337,0.0362,0.0121,-0.008,0.031,-0.006,36.12,0.0,0.0,0.0,1,0,0,0,OUTER,READY,1,1
144000,ARM_1,MIXED,20260510,run_00001,0.0049,0.0065,0.0124,0.0135,0.0178,0.0223,0.0243,0.2987,0.3002,0.3003,0.3007,0.2999,0.2991,0.301,0.2608,0.2629,0.2638,0.2667,0.2698,0.2715,0.2727,100.04,0.7,80.15,1.0,0.0036,0.0,0.0,0.014,0.811,0.008,0.0019,0.0505,0.0012,0.08,-0.022,-0.001,35.95,0.0,0.0,0.0,0,0,0,0,OUTER,READY,1,1
144000,ARM_2,MIXED,20260510,run_00001,0.1281,0.2465,0.3494,0.429,0.4788,0.5008,0.4878,0.2902,0.2606,0.2155,0.1535,0.0835,0.008,-0.07,0.326,0.3745,0.3976,0.3937,0.3653,0.3149,0.2403,126.7,50.46,86.54,0.9917,0.1282,0.0,0.0,0.343,0.486,0.314,0.0137,0.049,0.004,0.049,0.071,-0.005,36.08,30.0,0.0,0.0,0,0,0,0,OUTER,READY,1,1
144000,ARM_3,MIXED,20260510,run_00001,0.2423,0.4236,0.4999,0.4475,0.2871,0.0507,-0.2003,0.2619,0.1598,0.0151,-0.1316,-0.2478,-0.299,-0.2766,0.3746,0.3936,0.3178,0.16,-0.0373,-0.2276,-0.3578,147.33,98.56,92.58,0.968,0.2509,0.0,0.0,0.852,0.423,0.829,0.0236,0.0451,0.0082,-0.029,-0.061,0.044,36.11,30.0,25.0,0.0,0,0,0,0,OUTER,READY,1,1
144000,ARM_4,MIXED,20260510,run_00001,0.3427,0.5004,0.3837,0.0547,-0.3002,-0.4927,-0.4142,0.2169,0.0176,-0.1937,-0.297,-0.2387,-0.0505,0.1678,0.3954,0.318,0.0687,-0.2209,-0.3902,-0.3446,-0.1081,162.68,143.63,98.58,0.9292,0.3696,0.0,0.0,0.699,0.035,0.756,0.0353,0.0363,0.0109,0.024,-0.011,0.015,36.11,0.0,0.0,0.0,1,0,0,0,OUTER,READY,1,1
145000,ARM_1,MIXED,20260510,run_00001,0.0035,0.007,0.0108,0.0126,0.0185,0.0222,0.0277,0.3015,0.3004,0.3001,0.2986,0.2996,0.2995,0.3001,0.2594,0.2618,0.2636,0.2667,0.271,0.2701,0.2718,99.98,0.86,80.17,1.0,0.0036,0.0,0.0,0.01,0.797,0.019,0.002,0.0498,-0.0006,-0.002,-0.002,-0.051,36.0,0.0,0.0,0.0,0,0,0,0,OUTER,READY,1,1
145000,ARM_2,MIXED,20260510,run_00001,0.1265,0.2463,0.3477,0.4299,0.4806,0.5023,0.4858,0.2899,0.2607,0.216,0.153,0.0845,0.0081,-0.0685,0.3271,0.3749,0.3956,0.3941,0.3665,0.3145,0.2395,126.76,50.52,86.47,0.9917,0.1283,0.0,0.0,0.348,0.484,0.323,0.0118,0.0493,0.0023,0.058,0.123,0.041,36.03,30.0,0.0,0.0,0,0,0,0,OUTER,READY,1,1
145000,ARM_3,MIXED,20260510,run_00001,0.2427,0.424,0.5006,0.4474,0.2842,0.0487,-0.198,0.2615,0.1593,0.0169,-0.1342,-0.2451,-0.2993,-0.2744,0.3746,0.3944,0.3171,0.1592,-0.0368,-0.2258,-0.356,147.33,98.51,92.61,0.968,0.2509,0.0,0.0,0.857,0.423,0.828,0.0224,0.0414,0.0079,-0.011,-0.041,0.033,36.08,30.0,25.0,0.0,0,0,0,0,OUTER,READY,1,1
145000,ARM_4,MIXED,20260510,run_00001,0.3433,0.4984,0.3828,0.0569,-0.3017,-0.4937,-0.4158,0.2192,0.017,-0.1924,-0.2991,-0.2401,-0.049,0.1662,0.3965,0.3179,0.0688,-0.2221,-0.3895,-0.3459,-0.111,162.7,143.68,98.49,0.9292,0.3696,0.0,0.0,0.697,0.032,0.764,0.034,0.0372,0.0109,-0.022,0.045,0.054,36.06,0.0,0.0,0.0,1,0,0,0,OUTER,READY,1,1
146000,ARM_1,MIXED,20260510,run_00001,0.0033,0.0087,0.011,0.013,0.0184,0.0213,0.0244,0.2999,0.2996,0.3007,0.2986,0.2994,0.301,0.2992,0.2591,0.2632,0.2635,0.267,0.2679,0.272,0.2715,99.93,0.8,80.23,1.0,0.0036,0.0,0.0,0.017,0.806,0.007,-0.0002,0.0506,-0.0018,0.029,0.011,0.082,35.97,0.0,0.0,0.0,0,0,0,0,OUTER,READY,1,1
146000,ARM_2,MIXED,20260510,run_00001,0.1263,0.2462,0.3474,0.4315,0.4792,0.4999,0.4876,0.2915,0.2641,0.2135,0.1549,0.0832,0.0089,-0.0691,0.3255,0.375,0.3985,0.3975,0.3667,0.3124,0.239,126.73,50.48,86.36,0.9917,0.1283,0.0,0.0,0.336,0.494,0.31,0.014,0.0478,0.003,0.008,-0.035,0.007,36.06,30.0,0.0,0.0,0,0,0,0,OUTER,READY,1,1
146000,ARM_3,MIXED,20260510,run_00001,0.2435,0.4247,0.4989,0.4481,0.2854,0.0485,-0.1994,0.2622,0.1584,0.0162,-0.1324,-0.248,-0.2982,-0.2754,0.3725,0.3966,0.3181,0.1604,-0.0385,-0.226,-0.3561,147.33,98.56,92.53,0.968,0.2509,0.0,0.0,0.851,0.42,0.829,0.025,0.0462,0.0069,-0.036,0.098,0.008,36.13,30.0,25.0,0.0,0,0,0,0,OUTER,READY,1,1
146000,ARM_4,MIXED,20260510,run_00001,0.3435,0.4981,0.3835,0.056,-0.3025,-0.4929,-0.4155,0.2171,0.0159,-0.193,-0.2997,-0.24,-0.0505,0.1654,0.3978,0.3195,0.0657,-0.2212,-0.3894,-0.3449,-0.1102,162.71,143.79,98.46,0.9292,0.3697,0.0,0.0,0.699,0.03,0.758,0.0346,0.035,0.0128,0.041,-0.063,0.002,36.07,0.0,0.0,0.0,1,0,0,0,OUTER,READY,1,1
147000,ARM_1,MIXED,20260510,run_00001,0.0035,0.0086,0.0114,0.0159,0.018,0.023,0.0247,0.3008,0.3005,0.3006,0.3002,0.2984,0.298,0.3006,0.2593,0.2624,0.2671,0.2683,0.2688,0.2705,0.2733,100.07,0.77,80.21,1.0,0.0037,0.0,0.0,0.01,0.805,0.007,-0.0002,0.0495,0.0007,0.087,0.072,-0.029,35.99,0.0,0.0,0.0,0,0,0,0,OUTER,READY,1,1
147000,ARM_2,MIXED,20260510,run_00001,0.1287,0.2463,0.3479,0.429,0.4803,0.4989,0.4884,0.2876,0.2608,0.2148,0.1555,0.0852,0.0078,-0.0694,0.3287,0.3762,0.398,0.3944,0.3658,0.3129,0.2405,126.83,50.43,86.51,0.9917,0.1283,0.0,0.0,0.342,0.488,0.325,0.0133,0.0469,0.0041,0.13,-0.021,-0.011,36.03,30.0,0.0,0.0,0,0,0,0,OUTER,READY,1,1
147000,ARM_3,MIXED,20260510,run_00001,0.2441,0.4234,0.4976,0.4473,0.2843,0.05,-0.1988,0.2614,0.1582,0.0148,-0.1327,-0.2461,-0.298,-0.2754,0.373,0.3955,0.3189,0.1592,-0.0373,-0.227,-0.3587,147.51,98.55,92.55,0.968,0.251,0.0,0.0,0.842,0.415,0.827,0.0249,0.0438,0.0082,0.039,0.04,-0.068,36.09,30.0,25.0,0.0,0,0,0,0,OUTER,READY,1,1
147000,ARM_4,MIXED,20260510,run_00001,0.3435,0.4971,0.3833,0.0559,-0.3007,-0.4922,-0.4163,0.2196,0.0151,-0.1951,-0.2957,-0.2423,-0.0499,0.1668,0.3977,0.3207,0.0676,-0.2221,-0.3888,-0.3426,-0.1111,162.7,143.72,98.42,0.9292,0.3697,0.0,0.0,0.691,0.037,0.758,0.0335,0.0341,0.0108,0.088,-0.039,-0.054,36.14,0.0,0.0,0.0,1,0,0,0,OUTER,READY,1,1
148000,ARM_1,MIXED,20260510,run_00001,0.0052,0.0075,0.0119,0.0157,0.0183,0.0223,0.0267,0.3007,0.3004,0.3002,0.2981,0.3004,0.3003,0.3002,0.2624,0.2636,0.266,0.2668,0.2686,0.2689,0.2726,99.95,0.72,80.17,1.0,0.0037,0.0,0.0,0.012,0.806,0.007,0.0008,0.0508,0.0025,-0.002,-0.002,-0.026,36.02,0.0,0.0,0.0,0,0,0,0,OUTER,READY,1,1
148000,ARM_2,MIXED,20260510,run_00001,0.1273,0.2467,0.3488,0.4287,0.4782,0.4997,0.487,0.2884,0.2598,0.2148,0.155,0.0856,0.0087,-0.0689,0.326,0.3747,0.3967,0.3954,0.3647,0.3109,0.2395,126.74,50.41,86.37,0.9917,0.1283,0.0,0.0,0.343,0.479,0.314,0.0127,0.0474,0.004,0.007,0.024,0.07,36.04,30.0,0.0,0.0,0,0,0,0,OUTER,READY,1,1
148000,ARM_3,MIXED,20260510,run_00001,0.2422,0.4243,0.4987,0.4483,0.2832,0.0485,-0.1987,0.262,0.1585,0.0153,-0.1329,-0.2471,-0.298,-0.2733,0.373,0.3964,0.3182,0.1596,-0.0392,-0.2266,-0.3584,147.34,98.6,92.52,0.968,0.251,0.0,0.0,0.849,0.419,0.824,0.0252,0.0431,0.0071,0.052,-0.036,0.037,35.95,30.0,25.0,0.0,0,0,0,0,OUTER,READY,1,1
148000,ARM_4,MIXED,20260510,run_00001,0.3435,0.4982,0.3827,0.0562,-0.3012,-0.4949,-0.4161,0.217,0.0165,-0.1949,-0.2994,-0.2389,-0.0506,0.1668,0.3988,0.3216,0.0676,-0.2212,-0.389,-0.3453,-0.1123,162.71,143.69,98.54,0.9291,0.3697,0.0,0.0,0.696,0.027,0.761,0.0341,0.0362,0.0104,0.026,0.012,-0.034,36.15,0.0,0.0,0.0,1,0,0,0,OUTER,READY,1,1
149000,ARM_1,MIXED,20260510,run_00001,0.003,0.0068,0.0112,0.0132,0.0193,0.0227,0.0264,0.2988,0.3003,0.2997,0.3006,0.3004,0.2997,0.2986,0.2604,0.261,0.2639,0.266,0.2685,0.2722,0.2729,100.0,0.66,80.24,1.0,0.0037,0.0,0.0,0.015,0.801,0.007,0.0007,0.0502,0.0004,0.004,0.002,0.068,36.02,0.0,0.0,0.0,0,0,0,0,OUTER,READY,1,1
149000,ARM_2,MIXED,20260510,run_00001,0.1286,0.2472,0.3485,0.4287,0.4793,0.4999,0.4853,0.2901,0.2611,0.2151,0.1537,0.0835,0.0069,-0.0697,0.3268,0.376,0.3984,0.3938,0.3668,0.3107,0.2395,126.68,50.34,86.39,0.9917,0.1284,0.0,0.0,0.341,0.489,0.313,0.012,0.0484,0.0054,-0.04,0.003,-0.035,35.99,30.0,0.0,0.0,0,0,0,0,OUTER,READY,1,1
149000,ARM_3,MIXED,20260510,run_00001,0.2416,0.4236,0.4996,0.4517,0.2831,0.0494,-0.2003,0.2624,0.1569,0.0129,-0.1344,-0.2457,-0.2989,-0.2753,0.3751,0.398,0.3192,0.1584,-0.037,-0.2263,-0.3605,147.3,98.56,92.56,0.968,0.251,0.0,0.0,0.845,0.429,0.829,0.0249,0.0431,0.0071,-0.035,-0.036,-0.052,36.04,30.0,25.0,0.0,0,0,0,0,OUTER,READY,1,1
149000,ARM_4,MIXED,20260510,run_00001,0.3441,0.4984,0.3835,0.0559,-0.3008,-0.4921,-0.4149,0.218,0.0172,-0.1931,-0.2977,-0.2396,-0.0492,0.1663,0.3973,0.3185,0.0677,-0.2225,-0.3888,-0.3457,-0.1106,162.65,143.85,98.39,0.9291,0.3697,0.0,0.0,0.698,0.032,0.775,0.0345,0.0376,0.012,-0.114,0.041,0.038,36.11,0.0,0.0,0.0,1,0,0,0,OUTER,READY,1,1
150000,ARM_1,MIXED,20260510,run_00001,0.0027,0.0081,0.0121,0.0153,0.0202,0.0221,0.0248,0.3009,0.3001,0.2994,0.2988,0.2981,0.3002,0.2997,0.2586,0.2623,0.2631,0.2673,0.2695,0.2691,0.2723,100.03,0.72,80.23,1.0,0.0037,0.0,0.0,0.012,0.805,0.02,0.0012,0.0477,0.0002,0.012,-0.005,0.069,36.05,0.0,0.0,0.0,0,0,0,0,OUTER,READY,1,1
150000,ARM_2,MIXED,20260510,run_00001,0.1279,0.2476,0.3499,0.4301,0.48,0.5012,0.4873,0.289,0.2607,0.2148,0.1542,0.0857,0.009,-0.0681,0.3272,0.3742,0.3977,0.3943,0.3653,0.3131,0.2407,126.66,50.43,86.51,0.9917,0.1284,0.0,0.0,0.341,0.487,0.315,0.0125,0.0477,0.0056,0.02,-0.082,0.017,36.02,30.0,0.0,0.0,0,0,0,0,OUTER,READY,1,1
150000,ARM_3,MIXED,20260510,run_00001,0.2437,0.4249,0.5002,0.4475,0.284,0.0493,-0.1985,0.2621,0.1577,0.0159,-0.1337,-0.2481,-0.298,-0.2746,0.3749,0.3954,0.3197,0.1581,-0.0404,-0.226,-0.357,147.44,98.61,92.49,0.968,0.251,0.0,0.0,0.85,0.424,0.831,0.0247,0.0438,0.0066,0.011,-0.008,0.042,36.06,30.0,25.0,0.0,0,0,0,0,OUTER,READY,1,1
150000,ARM_4,MIXED,20260510,run_00001,0.3439,0.4985,0.3831,0.0551,-0.3009,-0.493,-0.4163,0.2163,0.0173,-0.1928,-0.2999,-0.2396,-0.0488,0.168,0.3966,0.3199,0.0663,-0.2246,-0.3913,-0.3453,-0.11,162.7,143.7,98.51,0.9291,0.3698,0.0,0.0,0.707,0.026,0.758,0.033,0.0358,0.0111,0.063,-0.053,0.04,36.2,0.0,0.0,0.0,1,0,0,0,OUTER,READY,1,1
151000,ARM_1,MIXED,20260510,run_00001,0.003,0.0075,0.0119,0.0154,0.0185,0.0218,0.0269,0.2997,0.3002,0.3013,0.2996,0.2974,0.2982,0.2984,0.2603,0.2615,0.2635,0.2659,0.2681,0.2721,0.2724,99.99,0.74,80.13,1.0,0.0038,0.0,0.0,0.019,0.791,0.002,0.0007,0.0491,-0.0004,0.05,-0.07,-0.083,36.03,0.0,0.0,0.0,0,0,0,0,OUTER,READY,1,1
151000,ARM_2,MIXED,20260510,run_00001,0.126,0.2454,0.3476,0.4287,0.4795,0.5006,0.4853,0.2903,0.2611,0.214,0.1541,0.084,0.0076,-0.0692,0.3277,0.3759,0.3975,0.3955,0.3659,0.3108,0.2402,126.7,50.55,86.42,0.9917,0.1284,0.0,0.0,0.347,0.487,0.31,0.0132,0.0489,0.0039,0.034,0.131,-0.052,36.06,30.0,0.0,0.0,0,0,0,0,OUTER,READY,1,1
151000,ARM_3,MIXED,20260510,run_00001,0.2446,0.424,0.499,0.4496,0.2836,0.0482,-0.1992,0.264,0.1592,0.0135,-0.1338,-0.2487,-0.2984,-0.2759,0.3739,0.3957,0.3194,0.1603,-0.0379,-0.2276,-0.3577,147.45,98.68,92.58,0.968,0.2511,0.0,0.0,0.845,0.423,0.826,0.0257,0.0438,0.0076,-0.005,-0.002,-0.001,36.11,30.0,25.0,0.0,0,0,0,0,OUTER,READY,1,1
151000,ARM_4,MIXED,20260510,run_00001,0.3446,0.4993,0.3816,0.0546,-0.3022,-0.493,-0.4156,0.2191,0.0185,-0.195,-0.2961,-0.2388,-0.0508,0.1662,0.3975,0.3196,0.0657,-0.2227,-0.3904,-0.3437,-0.1119,162.63,143.77,98.53,0.9291,0.3698,0.0,0.0,0.701,0.035,0.77,0.0347,0.0357,0.0127,-0.089,-0.009,-0.058,36.15,0.0,0.0,0.0,1,0,0,0,OUTER,READY,1,1
152000,ARM_1,MIXED,20260510,run_00001,0.0043,0.0094,0.0119,0.0149,0.0189,0.022,0.0264,0.3002,0.301,0.3003,0.299,0.2993,0.2996,0.2999,0.2611,0.2607,0.2643,0.2672,0.2709,0.2704,0.2724,100.01,0.8,80.22,1.0,0.0038,0.0,0.0,0.008,0.795,0.014,-0.0004,0.0502,0.0003,-0.022,0.077,0.043,35.94,0.0,0.0,0.0,0,0,0,0,OUTER,READY,1,1
152000,ARM_2,MIXED,20260510,run_00001,0.1277,0.2466,0.3481,0.429,0.4785,0.5011,0.4866,0.2895,0.2615,0.214,0.1539,0.084,0.0077,-0.0701,0.3278,0.3729,0.3976,0.3952,0.3666,0.3119,0.2362,126.73,50.49,86.38,0.9917,0.1284,0.0,0.0,0.349,0.492,0.316,0.0121,0.0485,0.0043,-0.036,-0.038,0.018,36.03,30.0,0.0,0.0,0,0,0,0,OUTER,READY,1,1
152000,ARM_3,MIXED,20260510,run_00001,0.2423,0.4247,0.4988,0.4478,0.2832,0.0475,-0.2005,0.2631,0.1579,0.0135,-0.132,-0.2472,-0.2996,-0.2757,0.3743,0.3973,0.3188,0.1603,-0.0408,-0.229,-0.3576,147.41,98.62,92.55,0.968,0.2511,0.0,0.0,0.842,0.424,0.836,0.0224,0.0428,0.0082,0.023,0.05,0.14,36.08,30.0,25.0,0.0,0,0,0,0,OUTER,READY,1,1
152000,ARM_4,MIXED,20260510,run_00001,0.3423,0.5006,0.3833,0.0553,-0.3031,-0.4936,-0.4142,0.2179,0.0161,-0.1941,-0.298,-0.2386,-0.0488,0.1661,0.3965,0.3205,0.065,-0.2225,-0.3904,-0.3448,-0.1113,162.71,143.76,98.45,0.9291,0.3698,0.0,0.0,0.698,0.019,0.759,0.0327,0.0358,0.0115,-0.038,-0.012,0.002,36.13,0.0,0.0,0.0,1,0,0,0,OUTER,READY,1,1
153000,ARM_1,MIXED,20260510,run_00001,0.0048,0.0074,0.0112,0.0153,0.0203,0.0246,0.0265,0.2995,0.2998,0.3013,0.3008,0.3,0.2983,0.2994,0.2613,0.2622,0.2637,0.2671,0.2684,0.2697,0.2751,100.02,0.77,80.21,1.0,0.0038,0.0,0.0,0.013,0.796,0.021,0.0012,0.0495,-0.0015,-0.062,-0.008,-0.019,36.03,0.0,0.0,0.0,0,0,0,0,OUTER,READY,1,1
153000,ARM_2,MIXED,20260510,run_00001,0.1275,0.2464,0.3479,0.4299,0.4799,0.5005,0.4858,0.2901,0.2612,0.2148,0.1542,0.085,0.0077,-0.0701,0.3284,0.3748,0.3983,0.3956,0.3658,0.3124,0.2376,126.62,50.41,86.49,0.9917,0.1285,0.0,0.0,0.346,0.493,0.314,0.0127,0.0479,0.0046,0.013,-0.015,0.009,35.96,30.0,0.0,0.0,0,0,0,0,OUTER,READY,1,1
153000,ARM_3,MIXED,20260510,run_00001,0.2433,0.4238,0.4996,0.4472,0.2839,0.0488,-0.2012,0.2623,0.1582,0.015,-0.1325,-0.2478,-0.2999,-0.2748,0.3729,0.3986,0.3182,0.1602,-0.0398,-0.2288,-0.3591,147.34,98.58,92.58,0.968,0.2511,0.0,0.0,0.862,0.419,0.827,0.0244,0.0434,0.0073,0.066,0.074,0.044,36.05,30.0,25.0,0.0,0,0,0,0,OUTER,READY,1,1
153000,ARM_4,MIXED,20260510,run_00001,0.3445,0.4975,0.3837,0.0559,-0.3002,-0.4922,-0.4148,0.2177,0.0176,-0.1913,-0.2985,-0.2402,-0.0483,0.168,0.3983,0.3203,0.0669,-0.2208,-0.3899,-0.3439,-0.1116,162.7,143.66,98.52,0.9291,0.3698,0.0,0.0,0.701,0.03,0.765,0.0339,0.0368,0.0109,0.059,-0.092,0.039,36.08,0.0,0.0,0.0,1,0,0,0,OUTER,READY,1,1
154000,ARM_1,MIXED,20260510,run_00001,0.0012,0.0073,0.0119,0.0141,0.0198,0.0237,0.0287,0.2985,0.3004,0.2991,0.3009,0.3005,0.2998,0.2991,0.2617,0.2626,0.2661,0.2658,0.2698,0.2703,0.2742,100.05,0.83,80.25,1.0,0.0038,0.0,0.0,0.012,0.806,0.011,-0.0012,0.0496,0.0016,-0.04,-0.085,-0.024,36.05,0.0,0.0,0.0,0,0,0,0,OUTER,READY,1,1
154000,ARM_2,MIXED,20260510,run_00001,0.1264,0.2476,0.3471,0.4289,0.4797,0.4993,0.4872,0.2888,0.2604,0.2153,0.1552,0.0829,0.0067,-0.0689,0.3287,0.3746,0.3971,0.395,0.3649,0.3114,0.2387,126.78,50.53,86.41,0.9917,0.1285,0.0,0.0,0.348,0.49,0.307,0.0139,0.0476,0.0051,0.013,-0.052,-0.004,36.07,30.0,0.0,0.0,0,0,0,0,OUTER,READY,1,1
154000,ARM_3,MIXED,20260510,run_00001,0.2428,0.4243,0.499,0.4474,0.2828,0.0494,-0.1997,0.2646,0.1585,0.0147,-0.1324,-0.2462,-0.2989,-0.2741,0.3754,0.3948,0.3179,0.1612,-0.0382,-0.2281,-0.3579,147.43,98.66,92.53,0.968,0.2511,0.0,0.0,0.865,0.428,0.821,0.0232,0.0441,0.0089,0.001,0.023,-0.041,35.98,30.0,25.0,0.0,0,0,0,0,OUTER,READY,1,1
154000,ARM_4,MIXED,20260510,run_00001,0.3434,0.4998,0.3834,0.0558,-0.301,-0.4923,-0.4158,0.2177,0.015,-0.1914,-0.2986,-0.2383,-0.0516,0.1686,0.3973,0.321,0.067,-0.2229,-0.3891,-0.3463,-0.1088,162.66,143.71,98.39,0.9291,0.3699,0.0,0.0,0.697,0.03,0.768,0.0345,0.0349,0.0116,-0.012,0.025,0.031,36.1,0.0,0.0,0.0,1,0,0,0,OUTER,READY,1,1
155000,ARM_1,MIXED,20260510,run_00001,0.0034,0.0075,0.0108,0.0172,0.0186,0.0228,0.0294,0.2992,0.2986,0.2983,0.3002,0.2997,0.301,0.2985,0.2617,0.2624,0.2647,0.2672,0.2665,0.2698,0.2743,99.99,0.77,80.22,1.0,0.0039,0.0,0.0,0.017,0.797,0.011,0.0002,0.0492,0.0021,0.005,0.012,0.062,35.95,0.0,0.0,0.0,0,0,0,0,OUTER,READY,1,1
155000,ARM_2,MIXED,20260510,run_00001,0.1295,0.2475,0.3501,0.4291,0.479,0.4983,0.4863,0.2902,0.2613,0.2145,0.1534,0.0846,0.0057,-0.0689,0.328,0.3743,0.3971,0.395,0.3641,0.3113,0.2375,126.65,50.5,86.38,0.9917,0.1285,0.0,0.0,0.337,0.484,0.322,0.0119,0.0491,0.0061,-0.061,0.053,0.031,36.13,30.0,0.0,0.0,0,0,0,0,OUTER,READY,1,1
155000,ARM_3,MIXED,20260510,run_00001,0.2429,0.4263,0.4983,0.4461,0.2829,0.0486,-0.2006,0.2633,0.158,0.0145,-0.135,-0.2491,-0.2982,-0.2748,0.3737,0.3953,0.3196,0.1595,-0.0388,-0.2249,-0.3586,147.34,98.65,92.6,0.9679,0.2512,0.0,0.0,0.856,0.416,0.831,0.0247,0.0448,0.0071,0.014,-0.022,-0.026,36.04,30.0,25.0,0.0,0,0,0,0,OUTER,READY,1,1
155000,ARM_4,MIXED,20260510,run_00001,0.3444,0.4987,0.3824,0.0556,-0.3006,-0.4919,-0.4157,0.2175,0.0166,-0.1946,-0.2982,-0.2386,-0.0478,0.1681,0.397,0.3193,0.0667,-0.2225,-0.3894,-0.3432,-0.1104,162.65,143.67,98.51,0.9291,0.3699,0.0,0.0,0.708,0.025,0.773,0.0335,0.0365,0.0112,-0.026,-0.052,0.085,36.06,0.0,0.0,0.0,1,0,0,0,OUTER,READY,1,1
156000,ARM_1,MIXED,20260510,run_00001,0.0048,0.0083,0.0117,0.0157,0.0194,0.0246,0.0281,0.2991,0.2993,0.2999,0.3005,0.3006,0.3,0.2992,0.259,0.2607,0.2651,0.2678,0.2693,0.271,0.2746,100.03,0.72,80.17,1.0,0.0039,0.0,0.0,0.01,0.805,0.02,0.0003,0.0495,-0.0001,-0.011,-0.005,-0.071,35.94,0.0,0.0,0.0,0,0,0,0,OUTER,READY,1,1
156000,ARM_2,MIXED,20260510,run_00001,0.127,0.2451,0.3485,0.4288,0.4808,0.4993,0.4854,0.2905,0.2626,0.2146,0.1555,0.0845,0.0063,-0.0688,0.3272,0.3769,0.3968,0.3959,0.3655,0.3109,0.2379,126.66,50.48,86.35,0.9917,0.1285,0.0,0.0,0.344,0.485,0.321,0.0124,0.0492,0.0026,0.026,-0.082,-0.027,36.06,30.0,0.0,0.0,0,0,0,0,OUTER,READY,1,1
156000,ARM_3,MIXED,20260510,run_00001,0.2432,0.4247,0.4996,0.4467,0.284,0.0475,-0.1992,0.2618,0.1592,0.0152,-0.1338,-0.248,-0.2982,-0.2731,0.3734,0.3967,0.3186,0.1603,-0.0406,-0.2263,-0.3593,147.33,98.62,92.54,0.9679,0.2512,0.0,0.0,0.851,0.422,0.83,0.0244,0.0433,0.0074,0.077,-0.034,0.067,36.08,30.0,25.0,0.0,0,0,0,0,OUTER,READY,1,1
156000,ARM_4,MIXED,20260510,run_00001,0.3451,0.4973,0.3809,0.0545,-0.2996,-0.4938,-0.413,0.2171,0.018,-0.1946,-0.2986,-0.24,-0.0476,0.1673,0.3969,0.3205,0.0682,-0.2223,-0.3908,-0.3431,-0.1103,162.6,143.75,98.52,0.9291,0.3699,0.0,0.0,0.692,0.029,0.756,0.035,0.0367,0.0111,-0.03,0.036,0.0,36.1,0.0,0.0,0.0,1,0,0,0,OUTER,READY,1,1
157000,ARM_1,MIXED,20260510,run_00001,0.0021,0.0074,0.0121,0.0144,0.02,0.0244,0.0287,0.3001,0.299,0.3008,0.3021,0.3011,0.2981,0.2983,0.2603,0.2613,0.2667,0.2687,0.2678,0.2714,0.2739,100.0,0.75,80.14,1.0,0.0039,0.0,0.0,0.014,0.803,0.021,-0.0002,0.0497,0.0015,0.096,-0.096,-0.045,35.94,0.0,0.0,0.0,0,0,0,0,OUTER,READY,1,1
157000,ARM_2,MIXED,20260510,run_00001,0.1265,0.2459,0.3467,0.4288,0.4791,0.4992,0.4872,0.2906,0.2614,0.2136,0.156,0.083,0.0075,-0.0706,0.3273,0.3749,0.3981,0.3961,0.3646,0.3123,0.2365,126.65,50.65,86.45,0.9917,0.1286,0.0,0.0,0.338,0.491,0.321,0.0126,0.0489,0.006,0.095,-0.023,0.037,36.02,30.0,0.0,0.0,0,0,0,0,OUTER,READY,1,1
157000,ARM_3,MIXED,20260510,run_00001,0.2432,0.4257,0.4993,0.4495,0.2829,0.0473,-0.201,0.263,0.1568,0.0135,-0.1321,-0.2481,-0.2992,-0.2743,0.3743,0.3956,0.3173,0.1578,-0.0392,-0.2294,-0.3592,147.46,98.68,92.61,0.9679,0.2512,0.0,0.0,0.851,0.427,0.831,0.0242,0.0443,0.0056,0.027,-0.022,-0.032,36.01,30.0,25.0,0.0,0,0,0,0,OUTER,READY,1,1
157000,ARM_4,MIXED,20260510,run_00001,0.3432,0.4985,0.3815,0.0546,-0.3024,-0.4931,-0.414,0.2179,0.0156,-0.1953,-0.2995,-0.2385,-0.0502,0.1681,0.3971,0.319,0.0674,-0.2238,-0.3893,-0.3447,-0.1115,162.63,143.81,98.54,0.9291,0.3699,0.0,0.0,0.7,0.03,0.761,0.0348,0.0367,0.012,-0.013,0.072,0.025,36.1,0.0,0.0,0.0,1,0,0,0,OUTER,READY,1,1
158000,ARM_1,MIXED,20260510,run_00001,0.0052,0.0084,0.0121,0.0142,0.019,0.023,0.0262,0.3,0.2976,0.3015,0.3005,0.2985,0.2985,0.2995,0.2611,0.2618,0.2654,0.2671,0.2674,0.274,0.2749,100.02,0.81,80.27,1.0,0.0039,0.0,0.0,0.014,0.799,0.019,0.0003,0.0498,-0.0003,-0.048,-0.01,-0.005,36.02,0.0,0.0,0.0,0,0,0,0,OUTER,READY,1,1
158000,ARM_2,MIXED,20260510,run_00001,0.1256,0.245,0.3494,0.4286,0.4799,0.5008,0.4852,0.2886,0.2611,0.2139,0.1522,0.0829,0.0062,-0.07,0.3259,0.3766,0.398,0.3962,0.3636,0.3127,0.2375,126.69,50.39,86.48,0.9917,0.1286,0.0,0.0,0.341,0.476,0.307,0.0124,0.0497,0.0024,-0.052,-0.01,-0.041,36.0,30.0,0.0,0.0,0,0,0,0,OUTER,READY,1,1
158000,ARM_3,MIXED,20260510,run_00001,0.2426,0.4251,0.5019,0.4476,0.2838,0.0485,-0.2024,0.263,0.16,0.0134,-0.1347,-0.2479,-0.299,-0.2765,0.3736,0.3959,0.3169,0.1567,-0.0386,-0.2283,-0.3585,147.34,98.59,92.6,0.9679,0.2512,0.0,0.0,0.842,0.421,0.829,0.0244,0.0417,0.0074,-0.041,-0.063,0.055,36.08,30.0,25.0,0.0,0,0,0,0,OUTER,READY,1,1
158000,ARM_4,MIXED,20260510,run_00001,0.3439,0.5001,0.3799,0.0546,-0.3015,-0.4936,-0.4153,0.2188,0.018,-0.1939,-0.2966,-0.2393,-0.0484,0.167,0.3976,0.3196,0.0674,-0.2209,-0.3899,-0.3441,-0.1085,162.68,143.73,98.57,0.9291,0.3699,0.0,0.0,0.697,0.036,0.764,0.0351,0.0364,0.011,-0.074,0.017,-0.051,36.07,0.0,0.0,0.0,1,0,0,0,OUTER,READY,1,1
159000,ARM_1,MIXED,20260510,run_00001,0.0018,0.0068,0.0128,0.0162,0.0199,0.0229,0.0279,0.2979,0.3008,0.3005,0.3013,0.2987,0.3001,0.3009,0.2599,0.2622,0.2652,0.2681,0.2713,0.2726,0.273,99.97,0.77,80.14,1.0,0.004,0.0,0.0,0.014,0.794,0.02,0.0011,0.0505,0.0002,0.053,-0.002,0.005,36.02,0.0,0.0,0.0,0,0,0,0,OUTER,READY,1,1
159000,ARM_2,MIXED,20260510,run_00001,0.1286,0.2455,0.3484,0.4297,0.4817,0.4998,0.4879,0.2914,0.2629,0.2142,0.1535,0.083,0.0051,-0.0682,0.3264,0.3752,0.4003,0.3955,0.3651,0.3116,0.238,126.64,50.52,86.44,0.9917,0.1286,0.0,0.0,0.35,0.482,0.307,0.0137,0.0468,0.0046,-0.021,-0.047,-0.032,36.02,30.0,0.0,0.0,0,0,0,0,OUTER,READY,1,1
159000,ARM_3,MIXED,20260510,run_00001,0.243,0.4248,0.4985,0.4473,0.282,0.0471,-0.2021,0.2613,0.1584,0.0138,-0.1319,-0.2465,-0.2983,-0.2736,0.3746,0.394,0.3169,0.1593,-0.0388,-0.2295,-0.3601,147.47,98.63,92.56,0.9679,0.2513,0.0,0.0,0.861,0.42,0.822,0.0248,0.0447,0.0081,-0.024,0.035,0.001,36.02,30.0,25.0,0.0,0,0,0,0,OUTER,READY,1,1
159000,ARM_4,MIXED,20260510,run_00001,0.3431,0.5001,0.3815,0.0559,-0.2995,-0.4943,-0.4136,0.2173,0.0177,-0.1919,-0.2971,-0.2386,-0.0498,0.1683,0.3975,0.3191,0.0658,-0.2236,-0.3905,-0.3423,-0.1102,162.68,143.81,98.59,0.929,0.37,0.0,0.0,0.694,0.028,0.766,0.0354,0.0371,0.0118,0.023,-0.001,0.031,36.15,0.0,0.0,0.0,1,0,0,0,OUTER,READY,1,1
160000,ARM_1,MIXED,20260510,run_00001,0.0049,0.0076,0.013,0.0161,0.021,0.0229,0.0295,0.2995,0.2999,0.2997,0.3002,0.3006,0.2995,0.3,0.2609,0.2624,0.2641,0.2663,0.2692,0.2728,0.2751,100.04,0.78,80.19,1.0,0.004,0.0,0.0,0.017,0.796,0.006,-0.0002,0.0479,-0.0015,-0.05,-0.028,0.071,35.98,0.0,0.0,0.0,0,0,0,0,OUTER,READY,1,1
160000,ARM_2,MIXED,20260510,run_00001,0.1279,0.2474,0.3484,0.4303,0.4809,0.502,0.4862,0.2907,0.2602,0.2131,0.155,0.0828,0.0075,-0.0716,0.3266,0.3749,0.396,0.3962,0.3655,0.3121,0.2388,126.67,50.56,86.41,0.9917,0.1286,0.0,0.0,0.345,0.49,0.322,0.0121,0.0479,0.0026,0.062,-0.009,0.003,36.05,30.0,0.0,0.0,0,0,0,0,OUTER,READY,1,1
160000,ARM_3,MIXED,20260510,run_00001,0.2432,0.4238,0.5012,0.4464,0.2827,0.046,-0.1997,0.2623,0.1593,0.0143,-0.1332,-0.249,-0.2992,-0.2758,0.3755,0.3969,0.3167,0.1596,-0.0397,-0.228,-0.3591,147.34,98.63,92.55,0.9679,0.2513,0.0,0.0,0.849,0.414,0.825,0.0239,0.0455,0.0058,-0.025,0.004,0.017,36.04,30.0,25.0,0.0,0,0,0,0,OUTER,READY,1,1
160000,ARM_4,MIXED,20260510,run_00001,0.3444,0.4989,0.3821,0.0544,-0.3017,-0.4931,-0.4158,0.218,0.015,-0.1957,-0.297,-0.2382,-0.0496,0.1683,0.3978,0.3196,0.0667,-0.2222,-0.391,-0.3431,-0.1101,162.66,143.7,98.5,0.929,0.37,0.0,0.0,0.698,0.032,0.766,0.0348,0.0366,0.0113,-0.029,0.094,-0.027,36.14,0.0,0.0,0.0,1,0,0,0,OUTER,READY,1,1
161000,ARM_1,MIXED,20260510,run_00001,0.0053,0.0065,0.0129,0.0177,0.0206,0.0243,0.03,0.3009,0.2991,0.3006,0.3013,0.2992,0.299,0.2996,0.2603,0.262,0.2647,0.2661,0.2703,0.2705,0.2749,99.92,0.94,80.2,1.0,0.004,0.0,0.0,0.015,0.806,0.01,0.0004,0.0507,-0.0006,0.005,0.051,0.009,36.0,0.0,0.0,0.0,0,0,0,0,OUTER,READY,1,1
161000,ARM_2,MIXED,20260510,run_00001,0.126,0.2471,0.3489,0.4293,0.4812,0.4991,0.4863,0.292,0.2604,0.2128,0.1552,0.0852,0.0068,-0.072,0.3272,0.3763,0.3991,0.3926,0.366,0.3119,0.2377,126.69,50.51,86.39,0.9917,0.1287,0.0,0.0,0.349,0.487,0.321,0.0132,0.0495,0.0035,-0.009,0.044,-0.004,36.07,30.0,0.0,0.0,0,0,0,0,OUTER,READY,1,1
161000,ARM_3,MIXED,20260510,run_00001,0.2422,0.4246,0.4977,0.4476,0.2832,0.0467,-0.2011,0.2614,0.1558,0.0129,-0.1346,-0.2479,-0.2982,-0.2747,0.3742,0.3963,0.3185,0.1582,-0.0387,-0.228,-0.3594,147.37,98.66,92.51,0.9679,0.2513,0.0,0.0,0.839,0.419,0.837,0.0247,0.0432,0.0062,-0.024,-0.007,0.028,36.14,30.0,25.0,0.0,0,0,0,0,OUTER,READY,1,1
161000,ARM_4,MIXED,20260510,run_00001,0.3447,0.4979,0.3802,0.0565,-0.3031,-0.4925,-0.4161,0.2179,0.016,-0.1939,-0.2972,-0.2409,-0.0495,0.1706,0.3974,0.3204,0.0675,-0.2221,-0.3907,-0.3427,-0.1116,162.64,143.81,98.46,0.929,0.37,0.0,0.0,0.696,0.03,0.761,0.0337,0.0376,0.0123,0.015,-0.025,0.052,36.04,0.0,0.0,0.0,1,0,0,0,OUTER,READY,1,1
162000,ARM_1,MIXED,20260510,run_00001,0.0046,0.0067,0.0124,0.0171,0.0183,0.0249,0.0282,0.2993,0.3007,0.3006,0.3011,0.2981,0.3007,0.2993,0.259,0.2629,0.2658,0.2673,0.2704,0.2738,0.2753,99.99,0.81,80.29,1.0,0.004,0.0,0.0,0.009,0.799,0.023,0.0005,0.0499,-0.0012,0.068,-0.038,-0.061,36.1,0.0,0.0,0.0,0,0,0,0,OUTER,READY,1,1
162000,ARM_2,MIXED,20260510,run_00001,0.1287,0.246,0.3489,0.4304,0.4793,0.502,0.4871,0.289,0.2615,0.2136,0.1537,0.0829,0.0065,-0.0725,0.3269,0.3752,0.3981,0.3928,0.3659,0.3113,0.2373,126.73,50.58,86.37,0.9917,0.1287,0.0,0.0,0.348,0.479,0.317,0.0132,0.0481,0.0037,0.096,-0.07,0.08,36.03,30.0,0.0,0.0,0,0,0,0,OUTER,READY,1,1
162000,ARM_3,MIXED,20260510,run_00001,0.2431,0.4252,0.5004,0.4465,0.2838,0.0457,-0.2021,0.263,0.1598,0.0144,-0.134,-0.2489,-0.3006,-0.2759,0.3743,0.3963,0.3171,0.158,-0.0405,-0.226,-0.3588,147.41,98.63,92.49,0.9679,0.2513,0.0,0.0,0.861,0.424,0.819,0.0241,0.0435,0.0068,-0.027,-0.024,0.024,36.02,30.0,25.0,0.0,0,0,0,0,OUTER,READY,1,1
162000,ARM_4,MIXED,20260510,run_00001,0.3428,0.4983,0.3821,0.0529,-0.3012,-0.4908,-0.415,0.2184,0.0166,-0.194,-0.2986,-0.2377,-0.0497,0.167,0.3979,0.32,0.0661,-0.2235,-0.391,-0.3437,-0.1095,162.67,143.64,98.48,0.929,0.37,0.0,0.0,0.697,0.03,0.762,0.0319,0.0377,0.012,-0.072,0.035,-0.025,36.09,0.0,0.0,0.0,1,0,0,0,OUTER,READY,1,1
163000,ARM_1,MIXED,20260510,run_00001,0.0037,0.011,0.0113,0.016,0.02,0.0252,0.028,0.3002,0.3004,0.2998,0.3002,0.2985,0.3001,0.3,0.261,0.2623,0.2678,0.2676,0.2696,0.2727,0.2749,100.05,0.71,80.17,1.0,0.0041,0.0,0.0,0.02,0.801,0.019,0.0004,0.0497,0.0014,0.029,-0.009,-0.02,35.94,0.0,0.0,0.0,0,0,0,0,OUTER,READY,1,1
163000,ARM_2,MIXED,20260510,run_00001,0.1276,0.2466,0.3495,0.4306,0.4815,0.4994,0.4882,0.29,0.26,0.2142,0.1542,0.0828,0.0078,-0.0702,0.3278,0.3748,0.3987,0.3937,0.3662,0.3124,0.2368,126.73,50.53,86.48,0.9917,0.1287,0.0,0.0,0.346,0.487,0.322,0.0151,0.0487,0.0049,-0.035,-0.094,0.026,36.06,30.0,0.0,0.0,0,0,0,0,OUTER,READY,1,1
163000,ARM_3,MIXED,20260510,run_00001,0.2422,0.4247,0.5001,0.4479,0.2822,0.0456,-0.2025,0.2627,0.1576,0.013,-0.134,-0.2476,-0.2989,-0.2747,0.3751,0.3945,0.3166,0.1587,-0.0385,-0.2293,-0.3588,147.38,98.73,92.64,0.9679,0.2514,0.0,0.0,0.851,0.416,0.83,0.0238,0.045,0.0092,-0.02,0.017,0.026,36.1,30.0,25.0,0.0,0,0,0,0,OUTER,READY,1,1
163000,ARM_4,MIXED,20260510,run_00001,0.3437,0.4983,0.381,0.054,-0.3033,-0.4934,-0.415,0.2176,0.0162,-0.1923,-0.3006,-0.2403,-0.0482,0.1685,0.3973,0.3185,0.066,-0.2236,-0.3908,-0.3456,-0.1094,162.66,143.76,98.49,0.929,0.3701,0.0,0.0,0.701,0.026,0.768,0.033,0.0364,0.008,-0.033,-0.055,0.032,36.07,0.0,0.0,0.0,1,0,0,0,OUTER,READY,1,1
164000,ARM_1,MIXED,20260510,run_00001,0.0035,0.0081,0.0134,0.0175,0.0204,0.0248,0.0282,0.2996,0.302,0.3011,0.2997,0.2977,0.2995,0.299,0.2609,0.2617,0.2656,0.2684,0.2685,0.2729,0.2759,99.89,0.84,80.23,1.0,0.0041,0.0,0.0,0.02,0.795,0.02,-0.0008,0.0495,0.0011,-0.063,-0.03,-0.058,36.08,0.0,0.0,0.0,0,0,0,0,OUTER,READY,1,1
164000,ARM_2,MIXED,20260510,run_00001,0.1292,0.2487,0.3505,0.4289,0.4802,0.4988,0.4863,0.2895,0.2605,0.2162,0.1541,0.0838,0.006,-0.0715,0.3276,0.3759,0.3966,0.3955,0.3663,0.311,0.2367,126.65,50.66,86.39,0.9917,0.1287,0.0,0.0,0.354,0.479,0.316,0.0125,0.048,0.0041,-0.07,-0.022,0.03,36.02,30.0,0.0,0.0,0,0,0,0,OUTER,READY,1,1
164000,ARM_3,MIXED,20260510,run_00001,0.2442,0.4261,0.4996,0.4496,0.2847,0.0453,-0.201,0.2622,0.1593,0.0141,-0.135,-0.2475,-0.2987,-0.2737,0.3731,0.3953,0.3166,0.1588,-0.0394,-0.2279,-0.3582,147.33,98.73,92.69,0.9679,0.2514,0.0,0.0,0.847,0.427,0.823,0.0252,0.0452,0.0065,0.001,-0.05,-0.002,36.09,30.0,25.0,0.0,0,0,0,0,OUTER,READY,1,1
164000,ARM_4,MIXED,20260510,run_00001,0.3432,0.4976,0.3803,0.0543,-0.3005,-0.493,-0.4125,0.2182,0.0146,-0.1954,-0.2978,-0.2386,-0.0495,0.1684,0.3977,0.3179,0.0656,-0.2224,-0.3915,-0.3437,-0.109,162.67,143.71,98.55,0.929,0.3701,0.0,0.0,0.707,0.027,0.756,0.0343,0.0377,0.0109,-0.095,0.026,-0.018,36.07,0.0,0.0,0.0,1,0,0,0,OUTER,READY,1,1
165000,ARM_1,MIXED,20260510,run_00001,0.003,0.0102,0.0132,0.0175,0.0209,0.025,0.0288,0.2993,0.2986,0.3001,0.3011,0.2997,0.299,0.3,0.2615,0.2621,0.2667,0.2685,0.2703,0.2707,0.2749,99.93,0.81,80.16,1.0,0.0041,0.0,0.0,0.019,0.806,0.009,0.002,0.0497,-0.0002,0.014,0.029,0.056,36.03,0.0,0.0,0.0,0,0,0,0,OUTER,READY,1,1
165000,ARM_2,MIXED,20260510,run_00001,0.1274,0.2465,0.3488,0.4311,0.4802,0.5009,0.4849,0.2917,0.2612,0.2133,0.1541,0.0815,0.0062,-0.0706,0.33,0.3732,0.3967,0.3955,0.3659,0.3139,0.2382,126.75,50.53,86.47,0.9917,0.1288,0.0,0.0,0.349,0.483,0.326,0.0126,0.0487,0.0026,0.037,0.081,0.075,36.1,30.0,0.0,0.0,0,0,0,0,OUTER,READY,1,1
165000,ARM_3,MIXED,20260510,run_00001,0.2428,0.4246,0.4996,0.4451,0.283,0.0452,-0.2032,0.2616,0.1586,0.0122,-0.1329,-0.2485,-0.2991,-0.276,0.375,0.3959,0.316,0.1583,-0.0406,-0.228,-0.3588,147.34,98.77,92.52,0.9679,0.2514,0.0,0.0,0.852,0.427,0.829,0.0229,0.045,0.0051,0.032,-0.008,-0.016,36.05,30.0,25.0,0.0,0,0,0,0,OUTER,READY,1,1
165000,ARM_4,MIXED,20260510,run_00001,0.3424,0.5,0.3811,0.0556,-0.3022,-0.4945,-0.4138,0.2164,0.0154,-0.1941,-0.2983,-0.2388,-0.0495,0.1684,0.3979,0.3211,0.0671,-0.2223,-0.3912,-0.3441,-0.1084,162.52,143.68,98.48,0.929,0.3701,0.0,0.0,0.699,0.032,0.773,0.0353,0.0342,0.0106,0.041,-0.044,-0.084,36.11,0.0,0.0,0.0,1,0,0,0,OUTER,READY,1,1
166000,ARM_1,MIXED,20260510,run_00001,0.0034,0.0081,0.0129,0.0169,0.0205,0.0266,0.0287,0.2991,0.3009,0.302,0.2984,0.2998,0.2999,0.2988,0.259,0.2627,0.2659,0.2685,0.2705,0.2736,0.2754,99.97,0.8,80.17,1.0,0.0041,0.0,0.0,0.02,0.791,0.014,0.0001,0.0503,0.0016,0.003,-0.01,0.007,35.99,0.0,0.0,0.0,0,0,0,0,OUTER,READY,1,1
166000,ARM_2,MIXED,20260510,run_00001,0.1268,0.2472,0.3489,0.4292,0.4801,0.4986,0.4849,0.2914,0.261,0.2139,0.1532,0.082,0.0062,-0.0695,0.3272,0.375,0.3968,0.3944,0.3658,0.3097,0.2356,126.63,50.44,86.46,0.9917,0.1288,0.0,0.0,0.344,0.491,0.318,0.0105,0.0495,0.0038,-0.036,0.01,0.042,36.1,30.0,0.0,0.0,0,0,0,0,OUTER,READY,1,1
166000,ARM_3,MIXED,20260510,run_00001,0.2427,0.4253,0.4993,0.4451,0.2829,0.0472,-0.2017,0.2621,0.1574,0.0133,-0.133,-0.2481,-0.2988,-0.2737,0.3743,0.3959,0.3166,0.1598,-0.039,-0.2279,-0.3575,147.39,98.75,92.63,0.9679,0.2514,0.0,0.0,0.861,0.421,0.829,0.0248,0.0443,0.008,-0.025,-0.051,0.025,36.03,30.0,25.0,0.0,0,0,0,0,OUTER,READY,1,1
166000,ARM_4,MIXED,20260510,run_00001,0.3442,0.4986,0.3811,0.0547,-0.3031,-0.4948,-0.4137,0.2173,0.0165,-0.1939,-0.2984,-0.2395,-0.0475,0.1669,0.3984,0.3197,0.0655,-0.2229,-0.3901,-0.3431,-0.1087,162.58,143.83,98.42,0.929,0.3701,0.0,0.0,0.7,0.031,0.759,0.0348,0.0372,0.0109,0.07,-0.004,-0.079,36.14,0.0,0.0,0.0,1,0,0,0,OUTER,READY,1,1
167000,ARM_1,MIXED,20260510,run_00001,0.0048,0.0089,0.0132,0.0175,0.0198,0.025,0.0298,0.301,0.3016,0.3011,0.2989,0.2999,0.2976,0.2999,0.261,0.2615,0.2646,0.2686,0.2709,0.2754,0.2757,99.93,0.84,80.33,1.0,0.0042,0.0,0.0,0.017,0.796,0.018,-0.0011,0.0492,-0.0003,0.01,0.062,-0.024,35.93,0.0,0.0,0.0,0,0,0,0,OUTER,READY,1,1
167000,ARM_2,MIXED,20260510,run_00001,0.1276,0.2465,0.351,0.4291,0.4803,0.5003,0.4853,0.2916,0.26,0.2133,0.1535,0.0827,0.0077,-0.0709,0.3292,0.374,0.3969,0.394,0.3653,0.3123,0.2371,126.6,50.62,86.44,0.9917,0.1288,0.0,0.0,0.342,0.492,0.318,0.0129,0.0483,0.0029,-0.067,-0.041,-0.002,36.07,30.0,0.0,0.0,0,0,0,0,OUTER,READY,1,1
167000,ARM_3,MIXED,20260510,run_00001,0.2432,0.4239,0.498,0.4471,0.2821,0.0456,-0.201,0.2621,0.1577,0.0136,-0.1346,-0.2489,-0.2997,-0.2733,0.3758,0.3953,0.3167,0.1585,-0.0403,-0.23,-0.36,147.43,98.7,92.64,0.9679,0.2514,0.0,0.0,0.854,0.423,0.837,0.0254,0.0432,0.0082,-0.032,-0.028,0.025,36.05,30.0,25.0,0.0,0,0,0,0,OUTER,READY,1,1
167000,ARM_4,MIXED,20260510,run_00001,0.3431,0.5011,0.3815,0.0542,-0.3027,-0.4955,-0.4146,0.218,0.0146,-0.194,-0.2978,-0.2389,-0.0468,0.1674,0.3969,0.3201,0.0667,-0.2243,-0.3902,-0.3431,-0.1094,162.58,143.83,98.53,0.929,0.3702,0.0,0.0,0.704,0.025,0.764,0.0362,0.036,0.0112,0.05,0.003,-0.03,36.14,0.0,0.0,0.0,1,0,0,0,OUTER,READY,1,1
168000,ARM_1,MIXED,20260510,run_00001,0.0042,0.0092,0.013,0.0178,0.0209,0.0247,0.0309,0.3004,0.2993,0.2994,0.2984,0.3025,0.3001,0.2994,0.2611,0.2631,0.2644,0.2698,0.2695,0.2737,0.2754,99.93,0.85,80.2,1.0,0.0042,0.0,0.0,0.012,0.797,0.015,-0.0013,0.0491,0.0009,-0.037,-0.053,0.042,36.05,0.0,0.0,0.0,0,0,0,0,OUTER,READY,1,1
168000,ARM_2,MIXED,20260510,run_00001,0.128,0.246,0.3507,0.4297,0.4812,0.4989,0.4853,0.2906,0.2606,0.2128,0.1541,0.082,0.0043,-0.0693,0.3277,0.3755,0.3991,0.3941,0.3655,0.3108,0.2365,126.6,50.59,86.47,0.9917,0.1288,0.0,0.0,0.346,0.476,0.314,0.013,0.0486,0.0026,-0.12,0.025,-0.01,36.07,30.0,0.0,0.0,0,0,0,0,OUTER,READY,1,1
168000,ARM_3,MIXED,20260510,run_00001,0.244,0.4266,0.4982,0.4482,0.283,0.0463,-0.2031,0.26,0.1586,0.0137,-0.1323,-0.2474,-0.2985,-0.276,0.3751,0.3944,0.3178,0.1574,-0.0406,-0.2287,-0.3575,147.29,98.74,92.61,0.9679,0.2515,0.0,0.0,0.843,0.423,0.828,0.023,0.0435,0.0085,0.044,-0.12,0.062,36.1,30.0,25.0,0.0,0,0,0,0,OUTER,READY,1,1
168000,ARM_4,MIXED,20260510,run_00001,0.3428,0.4986,0.3822,0.0543,-0.3014,-0.4926,-0.4147,0.2171,0.0164,-0.1944,-0.2988,-0.2417,-0.0489,0.1677,0.4008,0.3182,0.0669,-0.2226,-0.3905,-0.3456,-0.1084,162.58,143.72,98.51,0.929,0.3702,0.0,0.0,0.705,0.028,0.765,0.0338,0.0369,0.0136,-0.003,-0.042,-0.007,36.08,0.0,0.0,0.0,1,0,0,0,OUTER,READY,1,1
169000,ARM_1,MIXED,20260510,run_00001,0.0041,0.0082,0.0131,0.0192,0.0215,0.026,0.0306,0.3011,0.301,0.2996,0.2991,0.3003,0.301,0.3016,0.2617,0.2615,0.2652,0.2684,0.2693,0.2736,0.2756,100.08,0.86,80.14,1.0,0.0042,0.0,0.0,0.018,0.803,0.01,0.0005,0.0498,0.0007,-0.009,0.037,0.074,36.0,0.0,0.0,0.0,0,0,0,0,OUTER,READY,1,1
169000,ARM_2,MIXED,20260510,run_00001,0.128,0.2465,0.3505,0.4294,0.4809,0.4991,0.4863,0.2917,0.2612,0.2131,0.1541,0.0832,0.0065,-0.0733,0.3289,0.374,0.3976,0.3964,0.3638,0.312,0.235,126.67,50.51,86.45,0.9917,0.1289,0.0,0.0,0.344,0.486,0.313,0.0122,0.049,0.0038,0.033,-0.034,-0.037,35.99,30.0,0.0,0.0,0,0,0,0,OUTER,READY,1,1
169000,ARM_3,MIXED,20260510,run_00001,0.2425,0.4258,0.5005,0.4469,0.281,0.0456,-0.2029,0.2624,0.158,0.0138,-0.1346,-0.2485,-0.2996,-0.2743,0.3748,0.3962,0.3184,0.1579,-0.0406,-0.2295,-0.3594,147.29,98.67,92.71,0.9679,0.2515,0.0,0.0,0.842,0.411,0.826,0.0247,0.0435,0.0085,0.066,-0.016,0.025,36.07,30.0,25.0,0.0,0,0,0,0,OUTER,READY,1,1
169000,ARM_4,MIXED,20260510,run_00001,0.3452,0.501,0.3821,0.0553,-0.3037,-0.4929,-0.4131,0.2155,0.0147,-0.1949,-0.2999,-0.2395,-0.0464,0.1687,0.3983,0.3193,0.0648,-0.2239,-0.39,-0.3434,-0.1099,162.59,143.78,98.54,0.929,0.3702,0.0,0.0,0.697,0.025,0.767,0.0346,0.0363,0.011,-0.015,-0.056,0.045,36.19,0.0,0.0,0.0,1,0,0,0,OUTER,READY,1,1
170000,ARM_1,MIXED,20260510,run_00001,0.0052,0.0089,0.0122,0.0162,0.0214,0.026,0.0303,0.3009,0.301,0.3001,0.3005,0.298,0.3013,0.3011,0.2589,0.2627,0.2659,0.2697,0.2715,0.2719,0.276,100.07,0.86,80.22,1.0,0.0042,0.0,0.0,0.012,0.801,0.018,0.0012,0.0496,-0.0001,-0.01,-0.045,-0.022,36.02,0.0,0.0,0.0,0,0,0,0,OUTER,READY,1,1
170000,ARM_2,MIXED,20260510,run_00001,0.1294,0.2488,0.3465,0.4299,0.4808,0.5015,0.4863,0.2882,0.2626,0.2158,0.1531,0.0818,0.0045,-0.0724,0.3282,0.3748,0.398,0.3969,0.3645,0.3106,0.2342,126.61,50.59,86.43,0.9917,0.1289,0.0,0.0,0.345,0.485,0.316,0.0132,0.0472,0.0039,0.011,-0.018,0.068,36.04,30.0,0.0,0.0,0,0,0,0,OUTER,READY,1,1
170000,ARM_3,MIXED,20260510,run_00001,0.2442,0.4267,0.499,0.4464,0.2835,0.0453,-0.2026,0.2622,0.1572,0.0141,-0.1337,-0.2484,-0.2994,-0.2741,0.3739,0.3939,0.3174,0.1577,-0.0404,-0.2287,-0.3614,147.34,98.63,92.45,0.9679,0.2515,0.0,0.0,0.856,0.418,0.837,0.0246,0.0434,0.0057,-0.051,0.031,0.08,36.15,30.0,25.0,0.0,0,0,0,0,OUTER,READY,1,1
170000,ARM_4,MIXED,20260510,run_00001,0.3423,0.4993,0.3797,0.053,-0.3029,-0.4941,-0.4142,0.2172,0.0152,-0.1958,-0.2981,-0.2377,-0.0487,0.1672,0.3971,0.3201,0.0652,-0.222,-0.3897,-0.344,-0.1086,162.57,143.91,98.44,0.9289,0.3702,0.0,0.0,0.701,0.043,0.765,0.0364,0.0375,0.0106,0.08,0.031,0.017,36.04,0.0,0.0,0.0,1,0,0,0,OUTER,READY,1,1
171000,ARM_1,MIXED,20260510,run_00001,0.0047,0.0076,0.0128,0.016,0.0205,0.0265,0.0283,0.2997,0.3002,0.3027,0.3016,0.2986,0.2991,0.2996,0.2608,0.2616,0.2664,0.2682,0.2726,0.2723,0.2751,99.97,0.79,80.15,1.0,0.0043,0.0,0.0,0.02,0.8,0.018,-0.0006,0.0495,0.0006,0.015,0.043,0.035,35.98,0.0,0.0,0.0,0,0,0,0,OUTER,READY,1,1
171000,ARM_2,MIXED,20260510,run_00001,0.1287,0.2454,0.3517,0.4311,0.4785,0.5001,0.4858,0.2896,0.2609,0.2156,0.1533,0.0828,0.0052,-0.0719,0.3264,0.376,0.3966,0.3952,0.3645,0.3101,0.2348,126.77,50.59,86.49,0.9917,0.1289,0.0,0.0,0.342,0.49,0.326,0.014,0.0483,0.0039,0.011,-0.075,-0.059,36.07,30.0,0.0,0.0,0,0,0,0,OUTER,READY,1,1
171000,ARM_3,MIXED,20260510,run_00001,0.2437,0.424,0.4988,0.4469,0.2821,0.0463,-0.2035,0.2616,0.1581,0.0122,-0.1356,-0.2477,-0.2992,-0.2749,0.3758,0.3981,0.3177,0.1598,-0.0392,-0.23,-0.3606,147.29,98.65,92.51,0.9678,0.2515,0.0,0.0,0.845,0.427,0.832,0.0238,0.0416,0.0065,0.005,0.05,-0.044,36.13,30.0,25.0,0.0,0,0,0,0,OUTER,READY,1,1
171000,ARM_4,MIXED,20260510,run_00001,0.3437,0.4977,0.3799,0.053,-0.3028,-0.4938,-0.414,0.2193,0.0163,-0.1951,-0.2982,-0.2398,-0.0488,0.1693,0.3976,0.3185,0.0647,-0.2239,-0.39,-0.3427,-0.1073,162.61,143.6,98.44,0.9289,0.3702,0.0,0.0,0.695,0.029,0.761,0.0346,0.0368,0.0135,0.078,0.027,-0.016,36.08,0.0,0.0,0.0,1,0,0,0,OUTER,READY,1,1
172000,ARM_1,MIXED,20260510,run_00001,0.0035,0.0091,0.013,0.0171,0.0217,0.0259,0.0294,0.3012,0.2995,0.2988,0.299,0.3005,0.3008,0.2999,0.2589,0.2623,0.2678,0.2677,0.2694,0.2731,0.2763,100.11,0.83,80.27,1.0,0.0043,0.0,0.0,0.013,0.803,0.021,0.0005,0.0496,-0.0007,0.053,-0.014,0.06,35.97,0.0,0.0,0.0,0,0,0,0,OUTER,READY,1,1
172000,ARM_2,MIXED,20260510,run_00001,0.1278,0.2481,0.3508,0.4295,0.4802,0.4991,0.4837,0.2906,0.2601,0.2157,0.1531,0.0828,0.0059,-0.0706,0.329,0.3753,0.3984,0.3929,0.3654,0.3112,0.236,126.73,50.6,86.48,0.9917,0.1289,0.0,0.0,0.347,0.482,0.322,0.013,0.0485,0.0037,-0.003,0.001,0.002,36.09,30.0,0.0,0.0,0,0,0,0,OUTER,READY,1,1
172000,ARM_3,MIXED,20260510,run_00001,0.2431,0.4269,0.4988,0.4457,0.2818,0.045,-0.2022,0.2607,0.1585,0.0135,-0.1337,-0.2474,-0.2988,-0.2756,0.3725,0.3941,0.3164,0.1575,-0.038,-0.2292,-0.3597,147.29,98.56,92.5,0.9678,0.2516,0.0,0.0,0.851,0.428,0.829,0.0258,0.0448,0.0088,-0.009,-0.028,0.0,36.05,30.0,25.0,0.0,0,0,0,0,OUTER,READY,1,1
172000,ARM_4,MIXED,20260510,run_00001,0.3439,0.5012,0.381,0.0547,-0.3012,-0.4928,-0.4118,0.2171,0.0156,-0.196,-0.2994,-0.2394,-0.0471,0.1683,0.3975,0.3206,0.0657,-0.2234,-0.3909,-0.3419,-0.1077,162.57,143.8,98.58,0.9289,0.3703,0.0,0.0,0.7,0.026,0.755,0.0338,0.0353,0.0113,0.009,0.012,-0.009,36.1,0.0,0.0,0.0,1,0,0,0,OUTER,READY,1,1
173000,ARM_1,MIXED,20260510,run_00001,0.0045,0.0101,0.0127,0.0177,0.0234,0.0246,0.0292,0.3012,0.2999,0.2985,0.2983,0.2993,0.2991,0.2994,0.2601,0.2619,0.2641,0.2693,0.2705,0.2732,0.2749,99.89,0.9,80.3,1.0,0.0043,0.0,0.0,0.009,0.803,0.005,0.0009,0.0483,-0.0,-0.013,-0.0,-0.036,36.02,0.0,0.0,0.0,0,0,0,0,OUTER,READY,1,1
173000,ARM_2,MIXED,20260510,run_00001,0.127,0.2478,0.3495,0.4289,0.4811,0.5022,0.4841,0.2907,0.2593,0.2174,0.1539,0.0826,0.0045,-0.0711,0.3281,0.3769,0.3978,0.3948,0.3658,0.3115,0.2345,126.67,50.57,86.52,0.9916,0.129,0.0,0.0,0.346,0.486,0.314,0.0137,0.0475,0.0047,0.016,0.021,-0.098,36.12,30.0,0.0,0.0,0,0,0,0,OUTER,READY,1,1
173000,ARM_3,MIXED,20260510,run_00001,0.2443,0.4238,0.4994,0.4464,0.2804,0.0449,-0.2034,0.262,0.1564,0.0128,-0.1344,-0.2479,-0.298,-0.2744,0.374,0.3947,0.3176,0.1584,-0.0402,-0.2279,-0.3601,147.26,98.73,92.63,0.9678,0.2516,0.0,0.0,0.848,0.422,0.829,0.0266,0.0425,0.0076,-0.046,0.042,0.048,36.1,30.0,25.0,0.0,0,0,0,0,OUTER,READY,1,1
173000,ARM_4,MIXED,20260510,run_00001,0.3428,0.4988,0.3801,0.053,-0.3036,-0.4946,-0.4126,0.2185,0.0143,-0.1947,-0.298,-0.2398,-0.049,0.1692,0.3958,0.3186,0.0641,-0.2228,-0.3906,-0.3415,-0.108,162.46,143.76,98.44,0.9289,0.3703,0.0,0.0,0.7,0.028,0.767,0.0325,0.0369,0.01,-0.043,0.02,0.048,36.09,0.0,0.0,0.0,1,0,0,0,OUTER,READY,1,1
174000,ARM_1,MIXED,20260510,run_00001,0.0039,0.0081,0.0124,0.0187,0.0212,0.0277,0.0295,0.3014,0.2991,0.3005,0.2994,0.2983,0.3005,0.3002,0.2603,0.2633,0.2656,0.2681,0.2702,0.2744,0.2756,100.03,0.94,80.17,1.0,0.0043,0.0,0.0,0.013,0.796,0.02,0.0002,0.0488,-0.0013,0.012,-0.039,0.103,36.01,0.0,0.0,0.0,0,0,0,0,OUTER,READY,1,1
174000,ARM_2,MIXED,20260510,run_00001,0.1275,0.247,0.3508,0.4299,0.4805,0.5018,0.4852,0.29,0.2621,0.2123,0.1539,0.0817,0.0045,-0.0711,0.3263,0.3769,0.3983,0.3926,0.3647,0.3109,0.2361,126.59,50.57,86.46,0.9916,0.129,0.0,0.0,0.348,0.483,0.318,0.015,0.0484,0.0029,-0.022,-0.029,-0.032,35.97,30.0,0.0,0.0,0,0,0,0,OUTER,READY,1,1
174000,ARM_3,MIXED,20260510,run_00001,0.244,0.425,0.499,0.4464,0.2828,0.0442,-0.2047,0.2627,0.1599,0.0134,-0.1341,-0.2475,-0.3004,-0.2762,0.373,0.3954,0.3168,0.1565,-0.0428,-0.2284,-0.3596,147.37,98.62,92.59,0.9678,0.2516,0.0,0.0,0.854,0.431,0.827,0.0239,0.0423,0.0079,-0.014,0.031,0.001,36.06,30.0,25.0,0.0,0,0,0,0,OUTER,READY,1,1
174000,ARM_4,MIXED,20260510,run_00001,0.3425,0.4998,0.3787,0.0526,-0.3031,-0.4938,-0.4141,0.217,0.0154,-0.1942,-0.2985,-0.2376,-0.0476,0.1693,0.3969,0.3182,0.0647,-0.222,-0.3911,-0.3431,-0.1072,162.51,143.82,98.44,0.9289,0.3703,0.0,0.0,0.69,0.03,0.772,0.036,0.038,0.0112,-0.076,-0.009,-0.053,36.12,0.0,0.0,0.0,1,0,0,0,OUTER,READY,1,1
175000,ARM_1,MIXED,20260510,run_00001,0.0049,0.0085,0.0118,0.0171,0.0215,0.0282,0.0315,0.3002,0.3,0.3002,0.3,0.2981,0.2989,0.2994,0.2599,0.2621,0.2647,0.2666,0.2711,0.2743,0.2738,99.94,0.84,80.2,1.0,0.0044,0.0,0.0,0.014,0.803,0.015,-0.0007,0.0493,-0.0016,0.033,0.016,-0.018,36.08,0.0,0.0,0.0,0,0,0,0,OUTER,READY,1,1
175000,ARM_2,MIXED,20260510,run_00001,0.1278,0.2477,0.3503,0.4299,0.4802,0.4993,0.4861,0.2894,0.2613,0.213,0.1532,0.0819,0.0074,-0.0715,0.3272,0.3752,0.399,0.3944,0.3648,0.3109,0.2377,126.63,50.55,86.44,0.9916,0.129,0.0,0.0,0.34,0.489,0.311,0.0129,0.0481,0.0038,0.088,-0.006,-0.061,36.05,30.0,0.0,0.0,0,0,0,0,OUTER,READY,1,1
175000,ARM_3,MIXED,20260510,run_00001,0.2434,0.4256,0.499,0.4469,0.2814,0.0447,-0.2038,0.2634,0.1596,0.0121,-0.1343,-0.2471,-0.2974,-0.2736,0.3741,0.3954,0.317,0.1574,-0.0422,-0.23,-0.3604,147.36,98.72,92.58,0.9678,0.2516,0.0,0.0,0.849,0.417,0.827,0.0232,0.0431,0.0074,0.033,0.002,0.008,36.06,30.0,25.0,0.0,0,0,0,0,OUTER,READY,1,1
175000,ARM_4,MIXED,20260510,run_00001,0.3435,0.4992,0.3795,0.0528,-0.3039,-0.4928,-0.413,0.2178,0.0162,-0.194,-0.2988,-0.2376,-0.0476,0.1699,0.3957,0.3193,0.0638,-0.2223,-0.3899,-0.3441,-0.1074,162.59,143.83,98.54,0.9289,0.3703,0.0,0.0,0.702,0.029,0.763,0.0335,0.0369,0.0121,-0.052,-0.047,0.022,36.08,0.0,0.0,0.0,1,0,0,0,OUTER,READY,1,1
176000,ARM_1,MIXED,20260510,run_00001,0.0024,0.0088,0.0124,0.0175,0.0208,0.0253,0.0308,0.3005,0.3024,0.3006,0.3002,0.3004,0.2991,0.2988,0.2617,0.2651,0.2651,0.2703,0.2704,0.2743,0.2759,100.01,0.82,80.13,1.0,0.0044,0.0,0.0,0.019,0.799,0.02,0.0006,0.0515,0.0004,-0.029,0.001,0.029,35.96,0.0,0.0,0.0,0,0,0,0,OUTER,READY,1,1
176000,ARM_2,MIXED,20260510,run_00001,0.1279,0.2477,0.3497,0.431,0.4809,0.4995,0.487,0.2883,0.2603,0.214,0.1535,0.0816,0.005,-0.0718,0.3283,0.3754,0.3989,0.3945,0.3655,0.3114,0.2355,126.64,50.61,86.47,0.9916,0.129,0.0,0.0,0.343,0.492,0.317,0.0127,0.048,0.005,-0.019,0.009,0.049,36.14,30.0,0.0,0.0,0,0,0,0,OUTER,READY,1,1
176000,ARM_3,MIXED,20260510,run_00001,0.244,0.4257,0.4993,0.4484,0.2796,0.0429,-0.2028,0.2627,0.1584,0.0112,-0.1343,-0.2478,-0.2984,-0.2736,0.3753,0.3957,0.3175,0.1585,-0.0411,-0.2263,-0.3605,147.27,98.78,92.59,0.9678,0.2517,0.0,0.0,0.852,0.424,0.832,0.0248,0.0439,0.0085,-0.033,0.007,0.043,36.0,30.0,25.0,0.0,0,0,0,0,OUTER,READY,1,1
176000,ARM_4,MIXED,20260510,run_00001,0.3438,0.5005,0.3802,0.0544,-0.3035,-0.4947,-0.4135,0.2185,0.0157,-0.1947,-0.2996,-0.2402,-0.0486,0.1692,0.397,0.3171,0.0664,-0.2234,-0.3906,-0.3427,-0.1064,162.63,143.78,98.44,0.9289,0.3704,0.0,0.0,0.701,0.024,0.765,0.0359,0.037,0.0116,-0.098,0.024,0.025,36.01,0.0,0.0,0.0,1,0,0,0,OUTER,READY,1,1
177000,ARM_1,MIXED,20260510,run_00001,0.0034,0.0083,0.0117,0.0161,0.0228,0.0264,0.0321,0.3012,0.3003,0.2982,0.2998,0.299,0.3014,0.3008,0.2601,0.2638,0.2663,0.2668,0.2721,0.2717,0.2763,99.98,0.89,80.11,1.0,0.0044,0.0,0.0,0.015,0.801,0.021,0.0009,0.0498,0.0007,0.033,0.024,-0.025,35.94,0.0,0.0,0.0,0,0,0,0,OUTER,READY,1,1
177000,ARM_2,MIXED,20260510,run_00001,0.1281,0.2487,0.3512,0.4293,0.4808,0.4996,0.4847,0.289,0.2615,0.216,0.1531,0.0806,0.0059,-0.0727,0.3267,0.3761,0.3981,0.3942,0.3643,0.3103,0.2369,126.68,50.7,86.46,0.9916,0.1291,0.0,0.0,0.36,0.48,0.319,0.0131,0.0481,0.0044,-0.046,-0.006,0.017,36.05,30.0,0.0,0.0,0,0,0,0,OUTER,READY,1,1
177000,ARM_3,MIXED,20260510,run_00001,0.2448,0.4255,0.499,0.4465,0.2807,0.0461,-0.2032,0.2612,0.1568,0.0137,-0.1333,-0.2478,-0.2978,-0.273,0.3751,0.3958,0.3182,0.1587,-0.0416,-0.2296,-0.3593,147.26,98.65,92.63,0.9678,0.2517,0.0,0.0,0.846,0.422,0.824,0.0247,0.0418,0.0072,-0.031,-0.047,-0.006,36.15,30.0,25.0,0.0,0,0,0,0,OUTER,READY,1,1
177000,ARM_4,MIXED,20260510,run_00001,0.3426,0.4999,0.3812,0.0534,-0.3035,-0.4943,-0.412,0.2184,0.0131,-0.1949,-0.2969,-0.2364,-0.0463,0.1686,0.3972,0.3188,0.0663,-0.2238,-0.3888,-0.3436,-0.1074,162.56,143.8,98.52,0.9289,0.3704,0.0,0.0,0.699,0.039,0.756,0.0352,0.0362,0.0118,-0.033,0.089,-0.021,36.16,0.0,0.0,0.0,1,0,0,0,OUTER,READY,1,1
178000,ARM_1,MIXED,20260510,run_00001,0.0045,0.0069,0.0113,0.0168,0.0225,0.0258,0.0324,0.2981,0.3004,0.2985,0.3017,0.3005,0.3007,0.3002,0.2603,0.2633,0.2662,0.2675,0.2714,0.2721,0.2776,100.05,0.85,80.28,1.0,0.0044,0.0,0.0,0.018,0.803,0.016,0.0002,0.0511,-0.0004,0.064,-0.022,0.095,36.01,0.0,0.0,0.0,0,0,0,0,OUTER,READY,1,1
178000,ARM_2,MIXED,20260510,run_00001,0.1285,0.2486,0.3506,0.429,0.4816,0.4992,0.4858,0.2914,0.2609,0.2151,0.155,0.0815,0.0056,-0.07,0.3282,0.3763,0.3983,0.3949,0.3652,0.3102,0.2347,126.61,50.62,86.42,0.9916,0.1291,0.0,0.0,0.353,0.487,0.322,0.0122,0.049,0.0023,0.055,0.052,0.019,36.05,30.0,0.0,0.0,0,0,0,0,OUTER,READY,1,1
178000,ARM_3,MIXED,20260510,run_00001,0.2438,0.4251,0.5016,0.4477,0.281,0.0457,-0.205,0.2621,0.1578,0.0126,-0.1353,-0.2483,-0.2993,-0.2749,0.3725,0.3949,0.3168,0.1593,-0.0406,-0.2281,-0.3602,147.23,98.75,92.48,0.9678,0.2517,0.0,0.0,0.846,0.438,0.826,0.0249,0.0434,0.0073,0.027,-0.063,0.006,36.07,30.0,25.0,0.0,0,0,0,0,OUTER,READY,1,1
178000,ARM_4,MIXED,20260510,run_00001,0.345,0.5,0.3813,0.0527,-0.3041,-0.4939,-0.4118,0.2162,0.0157,-0.1927,-0.2984,-0.2368,-0.0479,0.1673,0.3972,0.319,0.0654,-0.2243,-0.389,-0.3424,-0.1104,162.57,143.85,98.64,0.9289,0.3704,0.0,0.0,0.692,0.026,0.764,0.034,0.0363,0.011,0.017,0.02,0.06,36.18,0.0,0.0,0.0,1,0,0,0,OUTER,READY,1,1
179000,ARM_1,MIXED,20260510,run_00001,0.005,0.0079,0.014,0.0164,0.0234,0.0267,0.031,0.3011,0.2972,0.3004,0.3006,0.3007,0.2989,0.2994,0.2606,0.2621,0.2648,0.2681,0.272,0.2736,0.2748,99.94,0.95,80.25,1.0,0.0045,0.0,0.0,0.019,0.809,0.018,-0.0003,0.0497,0.0003,0.067,0.047,-0.047,36.06,0.0,0.0,0.0,0,0,0,0,OUTER,READY,1,1
179000,ARM_2,MIXED,20260510,run_00001,0.1271,0.2451,0.3487,0.4308,0.4813,0.5004,0.4879,0.2883,0.2614,0.2151,0.1538,0.0805,0.0042,-0.0714,0.3287,0.3744,0.3988,0.396,0.3647,0.3091,0.2361,126.66,50.66,86.47,0.9916,0.1291,0.0,0.0,0.35,0.488,0.326,0.0119,0.047,0.0036,0.024,-0.001,0.049,36.02,30.0,0.0,0.0,0,0,0,0,OUTER,READY,1,1
179000,ARM_3,MIXED,20260510,run_00001,0.2438,0.4268,0.4982,0.4468,0.2824,0.0449,-0.204,0.2614,0.1564,0.0125,-0.1334,-0.2471,-0.2991,-0.2735,0.3745,0.3927,0.3175,0.1556,-0.0421,-0.2311,-0.3605,147.35,98.73,92.62,0.9678,0.2517,0.0,0.0,0.85,0.412,0.837,0.0244,0.0452,0.0091,-0.049,0.021,-0.067,36.19,30.0,25.0,0.0,0,0,0,0,OUTER,READY,1,1
179000,ARM_4,MIXED,20260510,run_00001,0.3457,0.4996,0.3817,0.0531,-0.303,-0.4943,-0.4133,0.2168,0.0151,-0.1953,-0.2977,-0.239,-0.0486,0.17,0.3979,0.3194,0.0671,-0.2248,-0.3913,-0.3425,-0.1068,162.51,143.72,98.44,0.9289,0.3704,0.0,0.0,0.698,0.026,0.761,0.0338,0.0359,0.0107,-0.001,-0.022,0.056,36.18,0.0,0.0,0.0,1,0,0,0,OUTER,READY,1,1
180000,ARM_1,MIXED,20260510,run_00001,0.0054,0.01,0.0139,0.0174,0.0196,0.0273,0.0298,0.2996,0.2996,0.2998,0.3018,0.299,0.2987,0.3008,0.2619,0.2638,0.2661,0.2668,0.272,0.2722,0.2776,100.0,0.86,80.26,1.0,0.0045,0.0,0.0,0.023,0.799,0.022,0.0001,0.0502,-0.0005,-0.066,0.005,-0.004,35.99,0.0,0.0,0.0,0,0,0,0,OUTER,READY,1,1
180000,ARM_2,MIXED,20260510,run_00001,0.1277,0.2473,0.3509,0.4298,0.4799,0.4984,0.4839,0.2904,0.2606,0.2134,0.1527,0.0804,0.0058,-0.074,0.3269,0.3757,0.3971,0.3948,0.3629,0.3112,0.2346,126.64,50.64,86.41,0.9916,0.1291,0.0,0.0,0.344,0.488,0.32,0.0124,0.0471,0.0043,-0.041,0.018,-0.06,36.06,30.0,0.0,0.0,0,0,0,0,OUTER,READY,1,1
180000,ARM_3,MIXED,20260510,run_00001,0.2448,0.4255,0.4993,0.4473,0.2801,0.0452,-0.2059,0.2614,0.1568,0.0129,-0.1342,-0.2469,-0.2995,-0.2747,0.3737,0.3967,0.3171,0.1566,-0.0432,-0.2303,-0.3597,147.2,98.82,92.59,0.9678,0.2518,0.0,0.0,0.856,0.425,0.824,0.0245,0.0448,0.0071,-0.02,-0.053,-0.011,36.06,30.0,25.0,0.0,0,0,0,0,OUTER,READY,1,1
180000,ARM_4,MIXED,20260510,run_00001,0.3434,0.4993,0.3793,0.0543,-0.3058,-0.4939,-0.4123,0.2164,0.015,-0.1951,-0.2973,-0.2385,-0.0482,0.1679,0.3972,0.3204,0.0651,-0.2235,-0.3899,-0.3425,-0.1062,162.54,143.82,98.62,0.9288,0.3705,0.0,0.0,0.699,0.026,0.766,0.0351,0.0374,0.0111,-0.072,-0.03,-0.029,36.15,0.0,0.0,0.0,1,0,0,0,OUTER,READY,1,1
181000,ARM_1,MIXED,20260510,run_00001,0.004,0.0111,0.0131,0.0176,0.0228,0.0287,0.0313,0.3007,0.2995,0.301,0.2975,0.3001,0.3,0.2987,0.2616,0.2623,0.264,0.2661,0.271,0.2717,0.2763,99.94,1.0,80.28,1.0,0.0045,0.0,0.0,0.019,0.796,0.028,0.0009,0.0504,0.0002,0.056,0.015,0.0,35.94,0.0,0.0,0.0,0,0,0,0,OUTER,READY,1,1
181000,ARM_2,MIXED,20260510,run_00001,0.1276,0.2463,0.3494,0.4283,0.4835,0.4999,0.4842,0.2904,0.2607,0.2138,0.1524,0.0805,0.005,-0.0704,0.3263,0.3747,0.3986,0.3947,0.3659,0.3091,0.2349,126.71,50.63,86.34,0.9916,0.1292,0.0,0.0,0.347,0.488,0.313,0.0156,0.051,0.0026,0.038,0.014,-0.039,35.97,30.0,0.0,0.0,0,0,0,0,OUTER,READY,1,1
181000,ARM_3,MIXED,20260510,run_00001,0.2418,0.4262,0.5007,0.4478,0.2798,0.0444,-0.2048,0.2626,0.1569,0.0114,-0.1358,-0.248,-0.299,-0.2736,0.3733,0.3962,0.3159,0.158,-0.0415,-0.2304,-0.3599,147.25,98.62,92.62,0.9678,0.2518,0.0,0.0,0.844,0.42,0.832,0.0247,0.0457,0.008,0.032,0.012,0.086,36.12,30.0,25.0,0.0,0,0,0,0,OUTER,READY,1,1
181000,ARM_4,MIXED,20260510,run_00001,0.3455,0.4997,0.3799,0.0512,-0.3048,-0.4937,-0.411,0.2175,0.0166,-0.1957,-0.2991,-0.2364,-0.0468,0.1703,0.3968,0.3193,0.0656,-0.223,-0.3917,-0.3414,-0.1078,162.49,143.86,98.54,0.9288,0.3705,0.0,0.0,0.694,0.035,0.765,0.0328,0.0373,0.0111,0.064,-0.036,-0.018,36.2,0.0,0.0,0.0,1,0,0,0,OUTER,READY,1,1
182000,ARM_1,MIXED,20260510,run_00001,0.0046,0.0086,0.0142,0.0176,0.0233,0.0271,0.0307,0.2996,0.2986,0.2987,0.2972,0.3001,0.2984,0.2981,0.2586,0.2646,0.2657,0.2701,0.2699,0.2754,0.2768,100.09,0.83,80.22,1.0,0.0045,0.0,0.0,0.022,0.798,0.018,-0.0001,0.0498,0.0016,0.08,-0.041,0.094,36.04,0.0,0.0,0.0,0,0,0,0,OUTER,READY,1,1
182000,ARM_2,MIXED,20260510,run_00001,0.1272,0.2496,0.3503,0.4298,0.4817,0.5,0.4845,0.2903,0.2602,0.2137,0.1512,0.0808,0.0053,-0.0729,0.3274,0.3759,0.3978,0.3939,0.3653,0.3101,0.2362,126.77,50.65,86.5,0.9916,0.1292,0.0,0.0,0.356,0.477,0.324,0.0134,0.0469,0.0047,-0.023,-0.031,-0.024,36.07,30.0,0.0,0.0,0,0,0,0,OUTER,READY,1,1
182000,ARM_3,MIXED,20260510,run_00001,0.2437,0.426,0.4996,0.4473,0.2815,0.0438,-0.2049,0.2616,0.1571,0.0137,-0.1351,-0.2486,-0.2994,-0.275,0.374,0.3946,0.3171,0.1584,-0.041,-0.232,-0.3605,147.38,98.71,92.63,0.9678,0.2518,0.0,0.0,0.848,0.423,0.824,0.0247,0.0433,0.0064,-0.055,-0.027,-0.038,36.13,30.0,25.0,0.0,0,0,0,0,OUTER,READY,1,1
182000,ARM_4,MIXED,20260510,run_00001,0.3435,0.4993,0.3783,0.0537,-0.3056,-0.4925,-0.4124,0.2178,0.0157,-0.195,-0.2978,-0.2387,-0.044,0.1715,0.399,0.3194,0.0639,-0.2232,-0.3895,-0.3421,-0.1071,162.55,143.75,98.49,0.9288,0.3705,0.0,0.0,0.701,0.032,0.754,0.0362,0.0356,0.0111,0.023,0.033,-0.039,36.1,0.0,0.0,0.0,1,0,0,0,OUTER,READY,1,1
183000,ARM_1,MIXED,20260510,run_00001,0.0039,0.0089,0.0125,0.0177,0.024,0.0274,0.0337,0.3009,0.2999,0.2993,0.2982,0.3003,0.3001,0.2996,0.2602,0.2623,0.2663,0.2697,0.2719,0.2741,0.2752,99.99,0.88,80.2,1.0,0.0046,0.0,0.0,0.017,0.804,0.015,-0.0016,0.0492,0.0,-0.021,-0.023,-0.002,35.95,0.0,0.0,0.0,0,0,0,0,OUTER,READY,1,1
183000,ARM_2,MIXED,20260510,run_00001,0.1299,0.2489,0.3497,0.4311,0.4815,0.4988,0.4837,0.2901,0.2601,0.216,0.1542,0.0822,0.0057,-0.0716,0.3262,0.376,0.3984,0.3943,0.3645,0.3104,0.2347,126.71,50.61,86.37,0.9916,0.1292,0.0,0.0,0.352,0.487,0.317,0.011,0.0485,0.0047,-0.03,0.04,-0.033,36.05,30.0,0.0,0.0,0,0,0,0,OUTER,READY,1,1
183000,ARM_3,MIXED,20260510,run_00001,0.2445,0.425,0.5002,0.4458,0.2802,0.0436,-0.2069,0.2611,0.1576,0.0126,-0.1343,-0.2497,-0.2979,-0.2737,0.3757,0.3969,0.3168,0.1575,-0.0408,-0.2316,-0.3596,147.4,98.82,92.61,0.9678,0.2518,0.0,0.0,0.854,0.423,0.833,0.0243,0.0435,0.006,-0.086,0.046,-0.042,36.07,30.0,25.0,0.0,0,0,0,0,OUTER,READY,1,1
183000,ARM_4,MIXED,20260510,run_00001,0.3441,0.4987,0.3784,0.0516,-0.3029,-0.4938,-0.4121,0.2168,0.0169,-0.195,-0.2987,-0.2376,-0.0464,0.1714,0.3962,0.3176,0.0664,-0.2244,-0.3927,-0.3427,-0.1069,162.55,143.81,98.6,0.9288,0.3705,0.0,0.0,0.703,0.035,0.771,0.0356,0.0371,0.0105,0.007,-0.033,-0.03,36.14,0.0,0.0,0.0,1,0,0,0,OUTER,READY,1,1
184000,ARM_1,MIXED,20260510,run_00001,0.005,0.0088,0.0137,0.0177,0.0238,0.0262,0.0319,0.2999,0.2997,0.2978,0.3,0.2984,0.2991,0.2999,0.2612,0.262,0.2658,0.2694,0.2691,0.2758,0.2752,100.05,0.92,80.12,1.0,0.0046,0.0,0.0,0.016,0.8,0.011,-0.0006,0.0491,-0.0005,0.068,-0.046,-0.009,36.06,0.0,0.0,0.0,0,0,0,0,OUTER,READY,1,1
184000,ARM_2,MIXED,20260510,run_00001,0.128,0.2475,0.3533,0.4301,0.4819,0.4976,0.4849,0.2897,0.2616,0.2142,0.1523,0.0821,0.0045,-0.0731,0.3278,0.3742,0.3998,0.3944,0.3634,0.3117,0.2372,126.64,50.75,86.45,0.9916,0.1292,0.0,0.0,0.347,0.491,0.319,0.0134,0.0489,0.0022,-0.012,0.05,0.008,36.01,30.0,0.0,0.0,0,0,0,0,OUTER,READY,1,1
184000,ARM_3,MIXED,20260510,run_00001,0.245,0.4262,0.499,0.4477,0.2799,0.0426,-0.2044,0.2613,0.1573,0.0126,-0.1363,-0.2482,-0.2991,-0.274,0.3745,0.3962,0.3166,0.1571,-0.0421,-0.2298,-0.3603,147.34,98.79,92.58,0.9678,0.2519,0.0,0.0,0.857,0.417,0.835,0.0239,0.0428,0.0087,0.051,-0.045,-0.001,36.08,30.0,25.0,0.0,0,0,0,0,OUTER,READY,1,1
184000,ARM_4,MIXED,20260510,run_00001,0.3461,0.4982,0.3807,0.0547,-0.3033,-0.4952,-0.4119,0.2177,0.0157,-0.1949,-0.2971,-0.239,-0.0469,0.1699,0.3968,0.3183,0.0668,-0.2251,-0.3904,-0.3431,-0.1078,162.51,143.85,98.51,0.9288,0.3705,0.0,0.0,0.693,0.025,0.759,0.0353,0.037,0.0116,0.009,-0.015,-0.09,36.05,0.0,0.0,0.0,1,0,0,0,OUTER,READY,1,1
185000,ARM_1,MIXED,20260510,run_00001,0.0036,0.0083,0.014,0.0195,0.0238,0.0273,0.0365,0.2998,0.301,0.3014,0.2978,0.2979,0.2994,0.3012,0.2597,0.2621,0.2656,0.2698,0.2717,0.2743,0.2778,100.01,0.84,80.22,1.0,0.0046,0.0,0.0,0.021,0.804,0.013,-0.0002,0.0506,0.0002,0.011,-0.059,-0.083,35.89,0.0,0.0,0.0,0,0,0,0,OUTER,READY,1,1
185000,ARM_2,MIXED,20260510,run_00001,0.1273,0.2465,0.3513,0.4294,0.4821,0.4998,0.4863,0.2912,0.2602,0.2133,0.1538,0.0829,0.0056,-0.0743,0.3264,0.3761,0.3986,0.394,0.3649,0.3108,0.2349,126.72,50.61,86.46,0.9916,0.1293,0.0,0.0,0.35,0.495,0.323,0.0143,0.0471,0.0048,-0.082,-0.017,0.071,36.07,30.0,0.0,0.0,0,0,0,0,OUTER,READY,1,1
185000,ARM_3,MIXED,20260510,run_00001,0.2435,0.4249,0.5005,0.4447,0.2809,0.0426,-0.2051,0.2623,0.1581,0.0132,-0.1344,-0.2466,-0.2982,-0.2723,0.3721,0.396,0.3169,0.1562,-0.0427,-0.2304,-0.3606,147.27,98.8,92.54,0.9678,0.2519,0.0,0.0,0.853,0.422,0.836,0.0241,0.0426,0.007,0.009,-0.027,0.023,36.16,30.0,25.0,0.0,0,0,0,0,OUTER,READY,1,1
185000,ARM_4,MIXED,20260510,run_00001,0.3421,0.4999,0.3798,0.0515,-0.3036,-0.4953,-0.4109,0.2159,0.0163,-0.195,-0.2996,-0.2375,-0.0456,0.1694,0.3968,0.3195,0.0651,-0.2257,-0.3911,-0.3441,-0.1057,162.49,143.88,98.54,0.9288,0.3706,0.0,0.0,0.703,0.018,0.768,0.0356,0.0342,0.0108,-0.019,0.015,0.063,36.1,0.0,0.0,0.0,1,0,0,0,OUTER,READY,1,1
186000,ARM_1,MIXED,20260510,run_00001,0.0042,0.0091,0.0143,0.0189,0.0225,0.0303,0.0324,0.2994,0.2996,0.2986,0.3002,0.3003,0.2991,0.2994,0.2605,0.2631,0.2662,0.271,0.2715,0.2739,0.2788,99.93,0.98,80.3,1.0,0.0046,0.0,0.0,0.027,0.807,0.028,0.0004,0.0508,-0.0012,0.042,-0.0,-0.002,36.0,0.0,0.0,0.0,0,0,0,0,OUTER,READY,1,1
186000,ARM_2,MIXED,20260510,run_00001,0.1267,0.248,0.3519,0.4312,0.4827,0.4991,0.4848,0.2893,0.2609,0.2151,0.1532,0.0804,0.0049,-0.0718,0.3272,0.3748,0.3992,0.3949,0.3678,0.3096,0.233,126.61,50.62,86.46,0.9916,0.1293,0.0,0.0,0.35,0.483,0.326,0.0127,0.0477,0.0051,0.016,-0.063,0.047,36.04,30.0,0.0,0.0,0,0,0,0,OUTER,READY,1,1
186000,ARM_3,MIXED,20260510,run_00001,0.2427,0.4258,0.4982,0.4476,0.2789,0.0439,-0.2056,0.2607,0.157,0.0134,-0.1351,-0.2483,-0.2984,-0.2729,0.3726,0.3947,0.3143,0.1589,-0.0439,-0.2302,-0.3606,147.37,98.8,92.64,0.9678,0.2519,0.0,0.0,0.84,0.419,0.828,0.026,0.0447,0.0078,0.015,-0.059,0.013,36.04,30.0,25.0,0.0,0,0,0,0,OUTER,READY,1,1
186000,ARM_4,MIXED,20260510,run_00001,0.3443,0.4987,0.3809,0.0528,-0.3029,-0.4947,-0.4125,0.2172,0.0163,-0.1953,-0.2991,-0.2383,-0.0471,0.1713,0.3985,0.318,0.0664,-0.2265,-0.3888,-0.3423,-0.1061,162.55,143.91,98.54,0.9288,0.3706,0.0,0.0,0.696,0.031,0.762,0.033,0.0375,0.0116,-0.021,-0.004,-0.035,36.09,0.0,0.0,0.0,1,0,0,0,OUTER,READY,1,1
187000,ARM_1,MIXED,20260510,run_00001,0.0037,0.0074,0.0147,0.0192,0.0222,0.0291,0.0342,0.3007,0.3027,0.3,0.2999,0.2999,0.2985,0.2985,0.2605,0.2638,0.2657,0.2685,0.2712,0.2736,0.2779,100.03,0.92,80.23,1.0,0.0047,0.0,0.0,0.019,0.804,0.022,0.0006,0.0504,0.0017,-0.077,0.059,0.08,35.97,0.0,0.0,0.0,0,0,0,0,OUTER,READY,1,1
187000,ARM_2,MIXED,20260510,run_00001,0.1288,0.2478,0.351,0.431,0.4809,0.4995,0.4845,0.2896,0.2611,0.2135,0.1527,0.0823,0.0045,-0.0726,0.3265,0.3745,0.3982,0.3941,0.3639,0.3092,0.2345,126.67,50.65,86.47,0.9916,0.1293,0.0,0.0,0.33,0.477,0.317,0.0133,0.0488,0.0022,0.004,-0.068,0.07,36.05,30.0,0.0,0.0,0,0,0,0,OUTER,READY,1,1
187000,ARM_3,MIXED,20260510,run_00001,0.2448,0.4266,0.499,0.4472,0.2816,0.0412,-0.205,0.2619,0.1561,0.0112,-0.1339,-0.2478,-0.2991,-0.2735,0.3748,0.397,0.3172,0.1574,-0.0426,-0.2303,-0.361,147.26,98.84,92.55,0.9677,0.2519,0.0,0.0,0.843,0.424,0.829,0.0237,0.0447,0.0086,0.03,0.07,0.051,36.02,30.0,25.0,0.0,0,0,0,0,OUTER,READY,1,1
187000,ARM_4,MIXED,20260510,run_00001,0.3444,0.4996,0.3803,0.0535,-0.3043,-0.4939,-0.4118,0.2184,0.0153,-0.1959,-0.3007,-0.2372,-0.0464,0.17,0.3986,0.3191,0.0639,-0.2246,-0.3905,-0.3422,-0.1041,162.55,143.84,98.5,0.9288,0.3706,0.0,0.0,0.697,0.029,0.762,0.0344,0.0358,0.0096,0.028,0.005,-0.021,36.15,0.0,0.0,0.0,1,0,0,0,OUTER,READY,1,1
188000,ARM_1,MIXED,20260510,run_00001,0.0046,0.0084,0.0145,0.0186,0.0238,0.0287,0.0311,0.3013,0.3007,0.3011,0.3001,0.2984,0.2996,0.2999,0.2605,0.2639,0.2663,0.2704,0.2748,0.275,0.2769,100.05,0.92,80.25,1.0,0.0047,0.0,0.0,0.03,0.801,0.019,0.0016,0.0498,-0.0013,-0.067,0.05,-0.065,35.97,0.0,0.0,0.0,0,0,0,0,OUTER,READY,1,1
188000,ARM_2,MIXED,20260510,run_00001,0.1282,0.2486,0.3482,0.4314,0.4823,0.5002,0.4851,0.2899,0.2636,0.213,0.1527,0.0802,0.0047,-0.0735,0.3274,0.3755,0.3967,0.3948,0.3633,0.3088,0.2341,126.61,50.63,86.46,0.9916,0.1293,0.0,0.0,0.358,0.501,0.314,0.0127,0.0478,0.0031,-0.071,0.002,0.078,36.02,30.0,0.0,0.0,0,0,0,0,OUTER,READY,1,1
188000,ARM_3,MIXED,20260510,run_00001,0.2427,0.4246,0.5,0.4483,0.2807,0.0417,-0.2047,0.2617,0.1572,0.0144,-0.1344,-0.2481,-0.2987,-0.2753,0.3739,0.3955,0.316,0.1584,-0.0427,-0.2302,-0.361,147.35,98.79,92.56,0.9677,0.252,0.0,0.0,0.85,0.423,0.833,0.0245,0.0449,0.0066,-0.036,-0.053,0.065,36.04,30.0,25.0,0.0,0,0,0,0,OUTER,READY,1,1
188000,ARM_4,MIXED,20260510,run_00001,0.3423,0.4994,0.378,0.0512,-0.3046,-0.4923,-0.4121,0.2189,0.0151,-0.1947,-0.3002,-0.2364,-0.0446,0.17,0.3985,0.3191,0.066,-0.2248,-0.3908,-0.3424,-0.1057,162.44,143.8,98.51,0.9288,0.3706,0.0,0.0,0.694,0.035,0.757,0.0334,0.0352,0.0112,0.034,-0.003,0.032,36.08,0.0,0.0,0.0,1,0,0,0,OUTER,READY,1,1
189000,ARM_1,MIXED,20260510,run_00001,0.0043,0.0104,0.0149,0.0196,0.0241,0.0295,0.0324,0.2993,0.3018,0.299,0.298,0.2996,0.3004,0.2975,0.2608,0.2635,0.267,0.2699,0.2721,0.2728,0.278,99.95,0.83,80.25,1.0,0.0047,0.0,0.0,0.016,0.791,0.007,-0.0004,0.05,0.0022,-0.029,-0.001,0.053,35.94,0.0,0.0,0.0,0,0,0,0,OUTER,READY,1,1
189000,ARM_2,MIXED,20260510,run_00001,0.1287,0.2483,0.3492,0.4315,0.4816,0.5003,0.4847,0.2893,0.2606,0.2139,0.1507,0.0799,0.0049,-0.0756,0.3277,0.3749,0.3997,0.3929,0.3647,0.3079,0.2347,126.72,50.66,86.49,0.9916,0.1294,0.0,0.0,0.348,0.494,0.324,0.014,0.0469,0.0041,-0.021,0.049,-0.011,36.11,30.0,0.0,0.0,0,0,0,0,OUTER,READY,1,1
189000,ARM_3,MIXED,20260510,run_00001,0.2422,0.4263,0.5,0.4461,0.2811,0.0421,-0.2069,0.2621,0.1569,0.0112,-0.1372,-0.2488,-0.2976,-0.2742,0.3722,0.3948,0.3174,0.1562,-0.0416,-0.2317,-0.3612,147.31,98.72,92.64,0.9677,0.252,0.0,0.0,0.851,0.418,0.823,0.0232,0.0448,0.0088,-0.018,0.032,-0.061,36.01,30.0,25.0,0.0,0,0,0,0,OUTER,READY,1,1
189000,ARM_4,MIXED,20260510,run_00001,0.345,0.4989,0.3794,0.0499,-0.3053,-0.4933,-0.4125,0.217,0.0154,-0.1946,-0.2989,-0.2367,-0.047,0.1711,0.3982,0.3172,0.0643,-0.224,-0.3913,-0.3434,-0.1072,162.55,143.95,98.48,0.9288,0.3707,0.0,0.0,0.703,0.024,0.763,0.0326,0.0371,0.0104,-0.056,-0.035,-0.007,36.15,0.0,0.0,0.0,1,0,0,0,OUTER,READY,1,1
190000,ARM_1,MIXED,20260510,run_00001,0.0051,0.0099,0.0151,0.0188,0.0255,0.0283,0.034,0.3,0.3022,0.2995,0.2975,0.3007,0.2997,0.2983,0.2596,0.2626,0.2684,0.2689,0.2702,0.2732,0.2776,100.09,0.98,80.2,1.0,0.0047,0.0,0.0,0.017,0.797,0.013,0.0018,0.0488,-0.0013,-0.044,-0.013,0.045,36.07,0.0,0.0,0.0,0,0,0,0,OUTER,READY,1,1
190000,ARM_2,MIXED,20260510,run_00001,0.1297,0.247,0.3498,0.4336,0.4831,0.4989,0.4866,0.29,0.2584,0.2142,0.1521,0.0812,0.0048,-0.0741,0.3264,0.3766,0.3973,0.3945,0.3629,0.3116,0.2349,126.63,50.72,86.41,0.9916,0.1294,0.0,0.0,0.352,0.487,0.322,0.0133,0.0477,0.0046,-0.131,-0.042,0.047,35.97,30.0,0.0,0.0,0,0,0,0,OUTER,READY,1,1
190000,ARM_3,MIXED,20260510,run_00001,0.2427,0.4263,0.4999,0.4486,0.279,0.0426,-0.2057,0.2604,0.1565,0.0124,-0.1367,-0.2489,-0.2989,-0.2736,0.3751,0.395,0.3162,0.1563,-0.0419,-0.23,-0.3592,147.31,98.79,92.6,0.9677,0.252,0.0,0.0,0.847,0.426,0.836,0.0241,0.0448,0.0091,0.046,0.032,0.023,36.07,30.0,25.0,0.0,0,0,0,0,OUTER,READY,1,1
190000,ARM_4,MIXED,20260510,run_00001,0.3439,0.5008,0.3811,0.0512,-0.3052,-0.4942,-0.4121,0.2167,0.0152,-0.1945,-0.2969,-0.2362,-0.0467,0.1722,0.3984,0.3189,0.065,-0.2248,-0.3904,-0.3417,-0.106,162.51,143.81,98.55,0.9288,0.3707,0.0,0.0,0.705,0.03,0.766,0.0347,0.0368,0.0136,-0.008,0.028,0.006,36.11,0.0,0.0,0.0,1,0,0,0,OUTER,READY,1,1
191000,ARM_1,MIXED,20260510,run_00001,0.0033,0.0081,0.0143,0.019,0.0226,0.0277,0.0326,0.2984,0.3007,0.3022,0.3003,0.2994,0.2994,0.3,0.2597,0.2626,0.2655,0.2698,0.272,0.2746,0.2756,99.98,0.93,80.28,1.0,0.0048,0.0,0.0,0.014,0.795,0.021,0.0005,0.0514,0.0,-0.036,0.002,0.035,36.06,0.0,0.0,0.0,0,0,0,0,OUTER,READY,1,1
191000,ARM_2,MIXED,20260510,run_00001,0.1281,0.2472,0.352,0.4304,0.4812,0.4995,0.4854,0.2896,0.2604,0.2157,0.1529,0.0808,0.0017,-0.073,0.3274,0.3779,0.399,0.394,0.3646,0.3091,0.2347,126.6,50.68,86.45,0.9916,0.1294,0.0,0.0,0.343,0.489,0.321,0.0133,0.0492,0.0044,0.048,0.062,0.02,36.05,30.0,0.0,0.0,0,0,0,0,OUTER,READY,1,1
191000,ARM_3,MIXED,20260510,run_00001,0.2435,0.4254,0.5011,0.4482,0.2801,0.0427,-0.2053,0.2632,0.1571,0.0133,-0.1352,-0.2493,-0.2987,-0.2732,0.3757,0.3946,0.315,0.1569,-0.0421,-0.2314,-0.359,147.35,98.76,92.56,0.9677,0.252,0.0,0.0,0.848,0.422,0.829,0.0255,0.0447,0.0076,0.052,-0.021,-0.015,36.01,30.0,25.0,0.0,0,0,0,0,OUTER,READY,1,1
191000,ARM_4,MIXED,20260510,run_00001,0.3435,0.4987,0.3799,0.0516,-0.3043,-0.4962,-0.4125,0.2201,0.0149,-0.1964,-0.2968,-0.2386,-0.0446,0.1698,0.3965,0.3177,0.067,-0.2242,-0.3905,-0.3408,-0.1056,162.49,143.92,98.54,0.9287,0.3707,0.0,0.0,0.695,0.022,0.761,0.035,0.037,0.0112,-0.063,-0.001,-0.024,36.05,0.0,0.0,0.0,1,0,0,0,OUTER,READY,1,1
192000,ARM_1,MIXED,20260510,run_00001,0.0027,0.0083,0.0145,0.0188,0.0247,0.0282,0.0336,0.2992,0.2999,0.3004,0.2997,0.2989,0.3012,0.299,0.2612,0.2629,0.2678,0.2683,0.2726,0.2743,0.2782,99.96,1.02,80.28,1.0,0.0048,0.0,0.0,0.018,0.791,0.021,0.0001,0.0484,0.0003,-0.017,-0.016,0.023,36.02,0.0,0.0,0.0,0,0,0,0,OUTER,READY,1,1
192000,ARM_2,MIXED,20260510,run_00001,0.1296,0.2483,0.3512,0.431,0.4822,0.4992,0.4849,0.2909,0.2607,0.2153,0.153,0.0815,0.0021,-0.0744,0.3269,0.3741,0.3989,0.3943,0.362,0.3095,0.2328,126.6,50.69,86.4,0.9916,0.1294,0.0,0.0,0.35,0.491,0.33,0.0105,0.0477,0.0034,0.002,0.014,-0.026,36.04,30.0,0.0,0.0,0,0,0,0,OUTER,READY,1,1
192000,ARM_3,MIXED,20260510,run_00001,0.2428,0.4256,0.4993,0.4455,0.2814,0.043,-0.2064,0.2613,0.1561,0.0138,-0.1354,-0.2476,-0.2991,-0.2725,0.3745,0.3963,0.3175,0.1578,-0.0407,-0.2322,-0.3616,147.29,98.73,92.65,0.9677,0.2521,0.0,0.0,0.858,0.418,0.826,0.0252,0.0436,0.0074,-0.035,-0.028,0.013,36.05,30.0,25.0,0.0,0,0,0,0,OUTER,READY,1,1
192000,ARM_4,MIXED,20260510,run_00001,0.3456,0.5006,0.3793,0.0525,-0.3054,-0.4927,-0.4102,0.2167,0.0166,-0.195,-0.2979,-0.2369,-0.0456,0.1695,0.3974,0.3193,0.0652,-0.2245,-0.3906,-0.3406,-0.1042,162.56,143.85,98.46,0.9287,0.3707,0.0,0.0,0.698,0.027,0.766,0.0347,0.0374,0.0122,-0.034,0.011,-0.008,36.1,0.0,0.0,0.0,1,0,0,0,OUTER,READY,1,1
193000,ARM_1,MIXED,20260510,run_00001,0.0043,0.0089,0.0143,0.0192,0.0246,0.0292,0.0329,0.2999,0.301,0.2983,0.3006,0.3001,0.2976,0.3001,0.2599,0.2657,0.2668,0.2709,0.2724,0.2723,0.2776,99.98,0.98,80.22,1.0,0.0048,0.0,0.0,0.019,0.807,0.008,0.0006,0.0498,0.0006,-0.12,-0.042,-0.023,35.98,0.0,0.0,0.0,0,0,0,0,OUTER,READY,1,1
193000,ARM_2,MIXED,20260510,run_00001,0.1282,0.2496,0.3515,0.4307,0.4816,0.5019,0.4856,0.2905,0.2599,0.2143,0.1525,0.0827,0.0044,-0.073,0.3257,0.3761,0.4004,0.3942,0.3642,0.3094,0.2341,126.61,50.7,86.42,0.9916,0.1295,0.0,0.0,0.354,0.491,0.324,0.0135,0.0484,0.0041,-0.043,-0.08,-0.099,36.09,30.0,0.0,0.0,0,0,0,0,OUTER,READY,1,1
193000,ARM_3,MIXED,20260510,run_00001,0.2431,0.4242,0.4999,0.4463,0.2808,0.041,-0.2058,0.2593,0.1573,0.0124,-0.1344,-0.248,-0.301,-0.2742,0.3734,0.3944,0.318,0.1572,-0.0439,-0.2308,-0.3588,147.3,98.78,92.6,0.9677,0.2521,0.0,0.0,0.849,0.417,0.829,0.0233,0.0438,0.009,0.081,-0.026,0.044,36.11,30.0,25.0,0.0,0,0,0,0,OUTER,READY,1,1
193000,ARM_4,MIXED,20260510,run_00001,0.3448,0.4982,0.3813,0.0502,-0.3039,-0.4943,-0.4103,0.2176,0.0154,-0.1959,-0.2975,-0.2383,-0.0471,0.1687,0.3976,0.3195,0.0666,-0.2233,-0.3905,-0.3407,-0.1036,162.51,143.84,98.51,0.9287,0.3708,0.0,0.0,0.703,0.03,0.764,0.0345,0.0363,0.0119,0.098,-0.022,-0.024,36.1,0.0,0.0,0.0,1,0,0,0,OUTER,READY,1,1
194000,ARM_1,MIXED,20260510,run_00001,0.0053,0.0103,0.0139,0.0213,0.0245,0.0283,0.035,0.2998,0.3008,0.2988,0.3015,0.3004,0.2999,0.2994,0.2615,0.2621,0.2658,0.2694,0.2729,0.2745,0.2764,99.95,1.03,80.29,1.0,0.0048,0.0,0.0,0.015,0.796,0.018,-0.0002,0.05,0.0017,0.011,-0.06,0.017,35.86,0.0,0.0,0.0,0,0,0,0,OUTER,READY,1,1
194000,ARM_2,MIXED,20260510,run_00001,0.13,0.2468,0.3517,0.431,0.4812,0.501,0.4842,0.2897,0.2607,0.2135,0.1509,0.0803,0.0046,-0.0736,0.3288,0.3751,0.3985,0.3926,0.3648,0.3115,0.2344,126.62,50.71,86.43,0.9916,0.1295,0.0,0.0,0.348,0.491,0.323,0.0123,0.049,0.0048,0.002,0.012,0.02,36.1,30.0,0.0,0.0,0,0,0,0,OUTER,READY,1,1
194000,ARM_3,MIXED,20260510,run_00001,0.2425,0.4245,0.5001,0.4465,0.2778,0.0415,-0.2064,0.2626,0.1576,0.0113,-0.1342,-0.247,-0.2991,-0.2714,0.3758,0.3961,0.3171,0.1569,-0.0417,-0.2327,-0.3618,147.31,98.77,92.57,0.9677,0.2521,0.0,0.0,0.863,0.415,0.827,0.0262,0.0432,0.0058,-0.033,0.023,-0.02,36.03,30.0,25.0,0.0,0,0,0,0,OUTER,READY,1,1
194000,ARM_4,MIXED,20260510,run_00001,0.3468,0.4994,0.3803,0.0509,-0.3067,-0.4934,-0.4123,0.2162,0.0158,-0.1957,-0.2984,-0.2373,-0.0449,0.1725,0.3965,0.319,0.0654,-0.2256,-0.3916,-0.343,-0.1051,162.4,143.89,98.56,0.9287,0.3708,0.0,0.0,0.7,0.029,0.766,0.0341,0.0363,0.0108,-0.043,0.064,0.02,36.1,0.0,0.0,0.0,1,0,0,0,OUTER,READY,1,1
195000,ARM_1,MIXED,20260510,run_00001,0.006,0.0091,0.0167,0.0191,0.0245,0.0283,0.0348,0.3008,0.3018,0.3023,0.2995,0.3004,0.2977,0.2983,0.2621,0.2642,0.2662,0.268,0.2716,0.2738,0.2802,99.91,0.98,80.29,1.0,0.0049,0.0,0.0,0.019,0.797,0.015,0.001,0.0492,-0.0011,0.002,-0.011,-0.033,35.96,0.0,0.0,0.0,0,0,0,0,OUTER,READY,1,1
195000,ARM_2,MIXED,20260510,run_00001,0.129,0.2479,0.3517,0.4312,0.4815,0.499,0.4836,0.2898,0.2599,0.2118,0.1524,0.082,0.0032,-0.0744,0.3275,0.3759,0.3989,0.3941,0.3644,0.3103,0.2334,126.72,50.63,86.53,0.9916,0.1295,0.0,0.0,0.342,0.491,0.314,0.0111,0.049,0.0035,-0.022,0.016,0.0,36.08,30.0,0.0,0.0,0,0,0,0,OUTER,READY,1,1
195000,ARM_3,MIXED,20260510,run_00001,0.2442,0.427,0.5004,0.446,0.2805,0.0431,-0.2074,0.2611,0.1574,0.0149,-0.1361,-0.2494,-0.2989,-0.2733,0.3741,0.397,0.3179,0.1561,-0.0443,-0.2313,-0.3611,147.32,98.79,92.63,0.9677,0.2521,0.0,0.0,0.86,0.418,0.83,0.0222,0.0436,0.0082,-0.111,-0.039,0.007,35.96,30.0,25.0,0.0,0,0,0,0,OUTER,READY,1,1
195000,ARM_4,MIXED,20260510,run_00001,0.343,0.5017,0.3797,0.0515,-0.3027,-0.4946,-0.4119,0.2166,0.0167,-0.1944,-0.298,-0.2381,-0.0464,0.1711,0.3979,0.3168,0.0655,-0.2252,-0.391,-0.3444,-0.1028,162.51,143.87,98.5,0.9287,0.3708,0.0,0.0,0.701,0.035,0.765,0.0349,0.0355,0.0118,0.006,0.064,-0.043,36.08,0.0,0.0,0.0,1,0,0,0,OUTER,READY,1,1
196000,ARM_1,MIXED,20260510,run_00001,0.0068,0.0104,0.0147,0.0199,0.0253,0.0262,0.0328,0.299,0.2992,0.3003,0.298,0.2998,0.2981,0.2983,0.2598,0.2641,0.2658,0.2693,0.2723,0.2759,0.2782,100.04,0.95,80.16,1.0,0.0049,0.0,0.0,0.024,0.806,0.025,0.0012,0.0497,-0.0005,0.011,-0.057,-0.076,36.0,0.0,0.0,0.0,0,0,0,0,OUTER,READY,1,1
196000,ARM_2,MIXED,20260510,run_00001,0.1286,0.2489,0.3509,0.43,0.4827,0.5001,0.4852,0.2897,0.261,0.2149,0.1515,0.0805,0.0031,-0.0735,0.3285,0.3747,0.3989,0.3925,0.3639,0.309,0.2325,126.68,50.77,86.53,0.9916,0.1295,0.0,0.0,0.349,0.487,0.32,0.012,0.0474,0.0037,-0.046,0.124,-0.009,36.01,30.0,0.0,0.0,0,0,0,0,OUTER,READY,1,1
196000,ARM_3,MIXED,20260510,run_00001,0.2449,0.428,0.502,0.4467,0.2791,0.042,-0.2076,0.262,0.1575,0.0142,-0.1354,-0.2486,-0.2984,-0.272,0.3745,0.3944,0.3181,0.1556,-0.0433,-0.2304,-0.3611,147.36,98.82,92.57,0.9677,0.2521,0.0,0.0,0.854,0.406,0.822,0.0244,0.0432,0.0066,-0.062,0.015,0.036,36.07,30.0,25.0,0.0,0,0,0,0,OUTER,READY,1,1
196000,ARM_4,MIXED,20260510,run_00001,0.3437,0.4995,0.3787,0.0513,-0.3054,-0.4945,-0.4114,0.218,0.0147,-0.1944,-0.2958,-0.2366,-0.0463,0.1716,0.3961,0.318,0.065,-0.2249,-0.3918,-0.3403,-0.1041,162.45,143.85,98.53,0.9287,0.3708,0.0,0.0,0.705,0.023,0.776,0.0347,0.0351,0.0114,-0.06,-0.072,-0.017,36.09,0.0,0.0,0.0,1,0,0,0,OUTER,READY,1,1
197000,ARM_1,MIXED,20260510,run_00001,0.0049,0.0091,0.0153,0.0213,0.0242,0.0307,0.0335,0.3002,0.3005,0.3006,0.3013,0.3007,0.2991,0.2978,0.261,0.2627,0.2661,0.2687,0.2724,0.2752,0.2791,100.05,0.91,80.25,1.0,0.0049,0.0,0.0,0.015,0.793,0.012,0.0026,0.0508,-0.0006,-0.017,0.007,0.015,36.0,0.0,0.0,0.0,0,0,0,0,OUTER,READY,1,1
197000,ARM_2,MIXED,20260510,run_00001,0.1294,0.2494,0.352,0.4307,0.4819,0.5005,0.4857,0.2901,0.2604,0.2131,0.1512,0.0801,0.0047,-0.0735,0.3268,0.3762,0.3998,0.3956,0.3629,0.3084,0.233,126.69,50.63,86.45,0.9916,0.1296,0.0,0.0,0.351,0.491,0.314,0.0118,0.0466,0.0023,0.104,0.016,-0.051,36.03,30.0,0.0,0.0,0,0,0,0,OUTER,READY,1,1
197000,ARM_3,MIXED,20260510,run_00001,0.2439,0.4259,0.4993,0.4473,0.2777,0.0415,-0.2071,0.2623,0.1543,0.0129,-0.1361,-0.2491,-0.298,-0.2747,0.3742,0.3946,0.3166,0.1579,-0.0423,-0.2321,-0.3602,147.27,98.75,92.56,0.9677,0.2522,0.0,0.0,0.845,0.408,0.829,0.0234,0.0438,0.0074,-0.055,-0.099,0.077,36.07,30.0,25.0,0.0,0,0,0,0,OUTER,READY,1,1
197000,ARM_4,MIXED,20260510,run_00001,0.3449,0.5007,0.3815,0.0521,-0.3056,-0.4943,-0.4097,0.2161,0.0157,-0.1952,-0.2973,-0.2374,-0.0454,0.1721,0.398,0.319,0.0642,-0.2252,-0.3914,-0.3426,-0.1054,162.55,143.91,98.6,0.9287,0.3709,0.0,0.0,0.702,0.024,0.768,0.0356,0.0367,0.0115,-0.097,0.068,0.07,36.06,0.0,0.0,0.0,1,0,0,0,OUTER,READY,1,1
198000,ARM_1,MIXED,20260510,run_00001,0.0051,0.0083,0.0156,0.0204,0.0246,0.0288,0.0349,0.2991,0.2997,0.2999,0.3017,0.2999,0.2995,0.2998,0.2598,0.2629,0.2681,0.2707,0.2702,0.2764,0.2798,100.13,1.07,80.22,1.0,0.0049,0.0,0.0,0.02,0.798,0.011,0.0001,0.0514,-0.0006,-0.017,0.066,0.011,36.07,0.0,0.0,0.0,0,0,0,0,OUTER,READY,1,1
198000,ARM_2,MIXED,20260510,run_00001,0.1284,0.2496,0.3521,0.432,0.4809,0.5001,0.483,0.2898,0.2615,0.2126,0.1518,0.0807,0.0015,-0.0722,0.3297,0.3764,0.3979,0.3949,0.363,0.3079,0.2319,126.62,50.63,86.43,0.9916,0.1296,0.0,0.0,0.349,0.491,0.319,0.0131,0.048,0.0033,-0.019,-0.154,-0.029,35.94,30.0,0.0,0.0,0,0,0,0,OUTER,READY,1,1
198000,ARM_3,MIXED,20260510,run_00001,0.2434,0.4257,0.5006,0.4445,0.2812,0.0406,-0.2071,0.2623,0.1578,0.0109,-0.1367,-0.2498,-0.3006,-0.2723,0.3743,0.396,0.3159,0.1568,-0.0426,-0.2319,-0.3607,147.31,98.79,92.54,0.9677,0.2522,0.0,0.0,0.849,0.416,0.826,0.0255,0.0419,0.0076,-0.004,0.047,-0.04,36.11,30.0,25.0,0.0,0,0,0,0,OUTER,READY,1,1
198000,ARM_4,MIXED,20260510,run_00001,0.3441,0.499,0.3796,0.0508,-0.3063,-0.4935,-0.4119,0.2178,0.0153,-0.1945,-0.2991,-0.2363,-0.0459,0.173,0.3963,0.3175,0.0658,-0.2258,-0.3906,-0.3443,-0.1046,162.49,144.01,98.57,0.9287,0.3709,0.0,0.0,0.7,0.023,0.768,0.0342,0.0378,0.0106,-0.087,-0.029,0.005,36.07,0.0,0.0,0.0,1,0,0,0,OUTER,READY,1,1
199000,ARM_1,MIXED,20260510,run_00001,0.0066,0.0094,0.0161,0.0198,0.0259,0.0297,0.0364,0.3001,0.2988,0.3004,0.3011,0.3017,0.2997,0.2997,0.2614,0.2633,0.2675,0.2707,0.2745,0.2753,0.2783,100.04,0.95,80.32,1.0,0.005,0.0,0.0,0.018,0.808,0.023,0.0002,0.0504,0.0016,-0.076,-0.061,0.107,35.95,0.0,0.0,0.0,0,0,0,0,OUTER,READY,1,1
199000,ARM_2,MIXED,20260510,run_00001,0.1288,0.2489,0.3527,0.4307,0.4798,0.5015,0.4834,0.2897,0.2604,0.2135,0.1515,0.0792,0.002,-0.0729,0.3286,0.3744,0.3984,0.3927,0.3627,0.3081,0.2321,126.64,50.72,86.43,0.9916,0.1296,0.0,0.0,0.348,0.487,0.322,0.0144,0.049,0.0047,-0.002,-0.038,-0.028,35.95,30.0,0.0,0.0,0,0,0,0,OUTER,READY,1,1
199000,ARM_3,MIXED,20260510,run_00001,0.2441,0.4272,0.4991,0.4462,0.2797,0.0396,-0.2065,0.2619,0.1562,0.0127,-0.136,-0.2492,-0.2995,-0.2743,0.3755,0.394,0.3168,0.1563,-0.0423,-0.2314,-0.3615,147.32,98.85,92.64,0.9677,0.2522,0.0,0.0,0.854,0.411,0.824,0.0241,0.0446,0.0101,-0.018,-0.061,-0.007,36.11,30.0,25.0,0.0,0,0,0,0,OUTER,READY,1,1
199000,ARM_4,MIXED,20260510,run_00001,0.3442,0.498,0.3795,0.0492,-0.3067,-0.495,-0.4116,0.218,0.0162,-0.1955,-0.2988,-0.2379,-0.0468,0.1711,0.3986,0.3179,0.0647,-0.2263,-0.3895,-0.3396,-0.1032,162.5,143.9,98.56,0.9287,0.3709,0.0,0.0,0.698,0.04,0.776,0.0341,0.0368,0.012,-0.056,-0.016,-0.001,36.06,0.0,0.0,0.0,1,0,0,0,OUTER,READY,1,1
200000,ARM_1,MIXED,20260510,run_00001,0.0037,0.0117,0.0169,0.0197,0.0248,0.0297,0.0349,0.3002,0.2998,0.3002,0.2999,0.3005,0.3015,0.3001,0.2608,0.2638,0.267,0.27,0.2715,0.2757,0.2791,100.09,1.06,80.29,1.0,0.005,0.0,0.0,0.02,0.808,0.022,0.0018,0.0505,0.0006,0.025,0.097,-0.024,36.04,0.0,0.0,0.0,0,0,0,0,OUTER,READY,1,1
200000,ARM_2,MIXED,20260510,run_00001,0.1295,0.248,0.3526,0.431,0.4813,0.4999,0.4846,0.2918,0.2613,0.2121,0.1537,0.0817,0.0038,-0.0761,0.3271,0.3752,0.4001,0.3943,0.3645,0.3083,0.2352,126.65,50.75,86.54,0.9916,0.1296,0.0,0.0,0.351,0.481,0.321,0.0125,0.0477,0.0043,0.003,-0.014,-0.088,35.99,30.0,0.0,0.0,0,0,0,0,OUTER,READY,1,1
200000,ARM_3,MIXED,20260510,run_00001,0.2445,0.4274,0.5007,0.4437,0.2783,0.0422,-0.2098,0.2625,0.1576,0.0099,-0.1366,-0.2514,-0.2989,-0.2743,0.3759,0.3953,0.316,0.1561,-0.0424,-0.2327,-0.3624,147.37,98.87,92.64,0.9677,0.2522,0.0,0.0,0.854,0.417,0.833,0.0241,0.0438,0.0084,0.0,-0.066,-0.011,36.06,30.0,25.0,0.0,0,0,0,0,OUTER,READY,1,1
200000,ARM_4,MIXED,20260510,run_00001,0.344,0.5003,0.3805,0.0502,-0.3056,-0.4932,-0.4099,0.2182,0.0131,-0.1928,-0.2981,-0.2389,-0.0448,0.172,0.4003,0.3191,0.0669,-0.2264,-0.3919,-0.3426,-0.104,162.46,143.8,98.58,0.9287,0.3709,0.0,0.0,0.699,0.024,0.758,0.0336,0.0359,0.0098,0.096,0.009,0.002,36.13,0.0,0.0,0.0,1,0,0,0,OUTER,READY,1,1
201000,ARM_1,MIXED,20260510,run_00001,0.0025,0.0095,0.0152,0.0192,0.025,0.0302,0.036,0.3013,0.2996,0.3007,0.2997,0.298,0.3002,0.2987,0.2602,0.2631,0.2679,0.2698,0.2737,0.2762,0.2787,100.02,1.04,80.15,1.0,0.005,0.0,0.0,0.022,0.799,0.026,0.0012,0.0511,0.0001,0.076,0.083,-0.002,36.0,0.0,0.0,0.0,0,0,0,0,OUTER,READY,1,1
201000,ARM_2,MIXED,20260510,run_00001,0.1301,0.2488,0.3525,0.4314,0.4793,0.5006,0.4844,0.2893,0.261,0.215,0.1516,0.0784,0.0039,-0.0748,0.3287,0.3757,0.3982,0.3941,0.3646,0.3091,0.2336,126.67,50.8,86.48,0.9916,0.1297,0.0,0.0,0.34,0.483,0.326,0.0111,0.0495,0.0044,-0.069,-0.096,0.04,36.0,30.0,0.0,0.0,0,0,0,0,OUTER,READY,1,1
201000,ARM_3,MIXED,20260510,run_00001,0.244,0.426,0.4999,0.4444,0.2774,0.0403,-0.2081,0.2616,0.1578,0.0138,-0.1352,-0.2484,-0.2991,-0.2725,0.374,0.3966,0.3139,0.1562,-0.0438,-0.2318,-0.3636,147.25,98.81,92.51,0.9677,0.2523,0.0,0.0,0.852,0.425,0.828,0.0236,0.042,0.0078,0.026,0.038,-0.042,36.0,30.0,25.0,0.0,0,0,0,0,OUTER,READY,1,1
201000,ARM_4,MIXED,20260510,run_00001,0.3452,0.4989,0.3788,0.0513,-0.3072,-0.4958,-0.4097,0.2177,0.0159,-0.1973,-0.3004,-0.2375,-0.0446,0.17,0.3982,0.3174,0.0653,-0.2248,-0.3907,-0.3432,-0.1044,162.54,143.89,98.59,0.9287,0.3709,0.0,0.0,0.697,0.025,0.761,0.0345,0.0363,0.0115,0.042,0.018,-0.007,36.07,0.0,0.0,0.0,1,0,0,0,OUTER,READY,1,1
202000,ARM_1,MIXED,20260510,run_00001,0.004,0.0087,0.0172,0.0207,0.0246,0.0317,0.0359,0.3003,0.3021,0.2985,0.3014,0.2991,0.3007,0.2996,0.2611,0.2623,0.2671,0.2705,0.2711,0.2745,0.2811,100.07,1.15,80.3,1.0,0.005,0.0,0.0,0.027,0.792,0.021,0.0028,0.0513,0.0008,-0.015,-0.09,0.053,36.07,0.0,0.0,0.0,0,0,0,0,OUTER,READY,1,1
202000,ARM_2,MIXED,20260510,run_00001,0.1281,0.2493,0.3529,0.4306,0.4821,0.5007,0.4852,0.2904,0.2601,0.2132,0.1504,0.0787,0.0013,-0.0747,0.3289,0.3754,0.399,0.3938,0.3639,0.3103,0.232,126.72,50.74,86.54,0.9916,0.1297,0.0,0.0,0.35,0.485,0.32,0.0138,0.0503,0.0038,-0.019,-0.038,0.012,36.07,30.0,0.0,0.0,0,0,0,0,OUTER,READY,1,1
202000,ARM_3,MIXED,20260510,run_00001,0.2446,0.4267,0.4999,0.4464,0.2788,0.0388,-0.2072,0.2621,0.1572,0.0128,-0.1362,-0.2485,-0.3017,-0.2714,0.3744,0.3955,0.3179,0.1562,-0.0442,-0.232,-0.3628,147.31,98.81,92.6,0.9677,0.2523,0.0,0.0,0.854,0.418,0.827,0.0243,0.0446,0.0071,0.111,0.048,0.025,36.05,30.0,25.0,0.0,0,0,0,0,OUTER,READY,1,1
202000,ARM_4,MIXED,20260510,run_00001,0.3448,0.4983,0.3794,0.0521,-0.307,-0.4944,-0.4113,0.2187,0.0158,-0.195,-0.2981,-0.2368,-0.0461,0.1704,0.3978,0.3173,0.0653,-0.2258,-0.3924,-0.341,-0.1036,162.5,143.94,98.54,0.9286,0.371,0.0,0.0,0.691,0.025,0.765,0.0331,0.035,0.0095,-0.033,0.011,-0.067,36.19,0.0,0.0,0.0,1,0,0,0,OUTER,READY,1,1
203000,ARM_1,MIXED,20260510,run_00001,0.0049,0.0124,0.0143,0.0207,0.0231,0.0319,0.0358,0.299,0.2992,0.2999,0.3012,0.3002,0.2998,0.3,0.2602,0.2635,0.2666,0.2696,0.2732,0.2744,0.2793,100.02,1.0,80.28,1.0,0.0051,0.0,0.0,0.019,0.804,0.018,0.0019,0.0491,-0.001,-0.037,-0.125,-0.062,36.02,0.0,0.0,0.0,0,0,0,0,OUTER,READY,1,1
203000,ARM_2,MIXED,20260510,run_00001,0.1282,0.2489,0.3533,0.4321,0.4838,0.4994,0.4857,0.2894,0.2604,0.2139,0.1505,0.082,0.0043,-0.0757,0.3274,0.3761,0.396,0.3948,0.3624,0.3089,0.2335,126.7,50.77,86.55,0.9916,0.1297,0.0,0.0,0.348,0.485,0.319,0.0142,0.0491,0.0031,-0.05,-0.001,0.012,35.99,30.0,0.0,0.0,0,0,0,0,OUTER,READY,1,1
203000,ARM_3,MIXED,20260510,run_00001,0.2436,0.4266,0.4992,0.4452,0.2784,0.0408,-0.208,0.2627,0.158,0.0123,-0.1361,-0.2492,-0.2987,-0.2718,0.3747,0.3937,0.3157,0.1561,-0.0442,-0.2321,-0.3614,147.33,98.77,92.66,0.9676,0.2523,0.0,0.0,0.854,0.419,0.827,0.0234,0.043,0.0085,0.01,-0.079,0.051,36.1,30.0,25.0,0.0,0,0,0,0,OUTER,READY,1,1
203000,ARM_4,MIXED,20260510,run_00001,0.3446,0.499,0.3809,0.05,-0.305,-0.4935,-0.4108,0.2196,0.0134,-0.1964,-0.2972,-0.2356,-0.0457,0.1714,0.3976,0.3175,0.0647,-0.224,-0.3895,-0.3415,-0.1039,162.43,143.9,98.45,0.9286,0.371,0.0,0.0,0.695,0.027,0.769,0.0341,0.0366,0.0105,0.045,-0.103,-0.035,36.11,0.0,0.0,0.0,1,0,0,0,OUTER,READY,1,1
204000,ARM_1,MIXED,20260510,run_00001,0.0045,0.0114,0.0163,0.0196,0.0253,0.0313,0.0374,0.3,0.3014,0.3004,0.298,0.2983,0.2998,0.2984,0.2593,0.2642,0.2656,0.2689,0.271,0.2765,0.2807,99.95,1.06,80.42,1.0,0.0051,0.0,0.0,0.028,0.806,0.008,0.0017,0.052,0.0002,-0.049,-0.014,0.001,36.01,0.0,0.0,0.0,0,0,0,0,OUTER,READY,1,1
204000,ARM_2,MIXED,20260510,run_00001,0.1294,0.2477,0.3544,0.4313,0.4809,0.4989,0.4848,0.2933,0.2603,0.2158,0.1512,0.081,0.001,-0.0731,0.3257,0.375,0.3971,0.3939,0.3651,0.3108,0.2316,126.65,50.79,86.57,0.9915,0.1297,0.0,0.0,0.347,0.488,0.324,0.0115,0.0466,0.0047,-0.008,0.027,-0.07,36.13,30.0,0.0,0.0,0,0,0,0,OUTER,READY,1,1
204000,ARM_3,MIXED,20260510,run_00001,0.2427,0.4259,0.5013,0.4447,0.2783,0.0387,-0.2107,0.2634,0.1589,0.012,-0.136,-0.2493,-0.2982,-0.2732,0.3749,0.3957,0.3178,0.1572,-0.0442,-0.2332,-0.3618,147.27,98.73,92.62,0.9676,0.2523,0.0,0.0,0.865,0.423,0.836,0.0241,0.045,0.0098,0.022,0.037,0.015,36.1,30.0,25.0,0.0,0,0,0,0,OUTER,READY,1,1
204000,ARM_4,MIXED,20260510,run_00001,0.3448,0.5003,0.3794,0.0514,-0.307,-0.4958,-0.4116,0.2168,0.0158,-0.196,-0.299,-0.2371,-0.045,0.1714,0.3971,0.3177,0.0625,-0.2255,-0.3907,-0.3419,-0.1036,162.43,143.79,98.63,0.9286,0.371,0.0,0.0,0.699,0.03,0.769,0.0322,0.0364,0.0116,-0.005,0.055,-0.013,36.18,0.0,0.0,0.0,1,0,0,0,OUTER,READY,1,1
205000,ARM_1,MIXED,20260510,run_00001,0.0045,0.0092,0.0158,0.0185,0.0266,0.0325,0.0357,0.3008,0.2988,0.3001,0.2995,0.2983,0.2974,0.3006,0.2621,0.2632,0.2674,0.2702,0.2719,0.2758,0.2784,99.94,1.0,80.21,1.0,0.0051,0.0,0.0,0.017,0.805,0.017,-0.0009,0.0505,-0.0001,-0.068,-0.011,-0.012,35.97,0.0,0.0,0.0,0,0,0,0,OUTER,READY,1,1
205000,ARM_2,MIXED,20260510,run_00001,0.1284,0.2486,0.3522,0.4309,0.4825,0.5017,0.486,0.2896,0.2609,0.214,0.1515,0.0808,0.0026,-0.0735,0.328,0.3771,0.4003,0.3947,0.3636,0.3095,0.2313,126.69,50.75,86.5,0.9915,0.1298,0.0,0.0,0.348,0.485,0.331,0.0118,0.0492,0.0043,-0.0,0.087,-0.063,36.03,30.0,0.0,0.0,0,0,0,0,OUTER,READY,1,1
205000,ARM_3,MIXED,20260510,run_00001,0.245,0.4261,0.4987,0.4436,0.279,0.0399,-0.2086,0.2612,0.1565,0.0118,-0.1375,-0.251,-0.2997,-0.272,0.3725,0.3952,0.3163,0.1545,-0.0432,-0.2308,-0.3608,147.3,98.81,92.67,0.9676,0.2524,0.0,0.0,0.851,0.412,0.826,0.0229,0.0435,0.008,0.045,-0.033,0.082,36.2,30.0,25.0,0.0,0,0,0,0,OUTER,READY,1,1
205000,ARM_4,MIXED,20260510,run_00001,0.3442,0.4996,0.3771,0.0497,-0.307,-0.4938,-0.41,0.2183,0.0149,-0.1979,-0.2983,-0.236,-0.0467,0.1702,0.3976,0.3186,0.0637,-0.2253,-0.3934,-0.3424,-0.1034,162.4,143.96,98.49,0.9286,0.371,0.0,0.0,0.698,0.024,0.768,0.0319,0.0373,0.0109,0.092,0.046,0.003,36.12,0.0,0.0,0.0,1,0,0,0,OUTER,READY,1,1
206000,ARM_1,MIXED,20260510,run_00001,0.0057,0.0101,0.0151,0.0199,0.0272,0.0299,0.0369,0.2991,0.2989,0.3015,0.3006,0.2996,0.2992,0.2995,0.2602,0.2642,0.2679,0.2696,0.2722,0.2753,0.2785,99.93,1.08,80.27,1.0,0.0051,0.0,0.0,0.024,0.798,0.011,0.0009,0.0514,-0.0001,0.089,-0.02,0.074,36.01,0.0,0.0,0.0,0,0,0,0,OUTER,READY,1,1
206000,ARM_2,MIXED,20260510,run_00001,0.1298,0.2493,0.3506,0.4325,0.4832,0.4996,0.4856,0.2907,0.2586,0.2131,0.1528,0.0791,0.0029,-0.0743,0.3277,0.3747,0.3991,0.3936,0.363,0.3073,0.2314,126.62,50.8,86.49,0.9915,0.1298,0.0,0.0,0.354,0.48,0.322,0.0128,0.0488,0.0033,-0.114,-0.06,-0.07,36.01,30.0,0.0,0.0,0,0,0,0,OUTER,READY,1,1
206000,ARM_3,MIXED,20260510,run_00001,0.2446,0.4287,0.5001,0.4445,0.2774,0.0375,-0.2088,0.2624,0.1568,0.0134,-0.1348,-0.2494,-0.2987,-0.2705,0.3728,0.396,0.3158,0.1556,-0.0445,-0.2319,-0.3604,147.24,98.84,92.59,0.9676,0.2524,0.0,0.0,0.843,0.409,0.833,0.0249,0.0441,0.0093,0.027,0.009,0.006,36.12,30.0,25.0,0.0,0,0,0,0,OUTER,READY,1,1
206000,ARM_4,MIXED,20260510,run_00001,0.3451,0.5009,0.3785,0.0489,-0.3032,-0.4939,-0.4092,0.2173,0.0147,-0.1952,-0.2981,-0.2358,-0.0457,0.1736,0.3982,0.3167,0.0646,-0.2248,-0.3901,-0.3413,-0.1036,162.4,143.92,98.57,0.9286,0.3711,0.0,0.0,0.703,0.028,0.766,0.0341,0.0365,0.0121,-0.033,-0.056,0.092,36.11,0.0,0.0,0.0,1,0,0,0,OUTER,READY,1,1
207000,ARM_1,MIXED,20260510,run_00001,0.0055,0.011,0.0172,0.0214,0.0275,0.0312,0.0353,0.2999,0.3004,0.2991,0.2993,0.3005,0.301,0.298,0.2619,0.2633,0.267,0.2685,0.2742,0.2753,0.28,99.98,1.04,80.28,1.0,0.0052,0.0,0.0,0.024,0.799,0.011,0.0005,0.0488,-0.0002,0.029,0.01,-0.006,35.93,0.0,0.0,0.0,0,0,0,0,OUTER,READY,1,1
207000,ARM_2,MIXED,20260510,run_00001,0.131,0.2481,0.3511,0.4327,0.482,0.4996,0.4841,0.2894,0.2607,0.2116,0.1498,0.0798,0.0021,-0.0759,0.3295,0.3758,0.399,0.3953,0.3613,0.3091,0.233,126.66,50.72,86.57,0.9915,0.1298,0.0,0.0,0.355,0.487,0.32,0.0145,0.0491,0.0021,0.031,0.026,0.053,36.04,30.0,0.0,0.0,0,0,0,0,OUTER,READY,1,1
207000,ARM_3,MIXED,20260510,run_00001,0.2443,0.4265,0.4995,0.4458,0.2776,0.0391,-0.2069,0.2626,0.1579,0.0101,-0.1357,-0.2486,-0.2988,-0.2725,0.3749,0.3953,0.3149,0.1553,-0.0449,-0.232,-0.362,147.17,98.79,92.58,0.9676,0.2524,0.0,0.0,0.856,0.42,0.829,0.0251,0.0435,0.0091,-0.042,0.055,0.047,36.05,30.0,25.0,0.0,0,0,0,0,OUTER,READY,1,1
207000,ARM_4,MIXED,20260510,run_00001,0.3443,0.4994,0.3788,0.0504,-0.3064,-0.4937,-0.407,0.2192,0.0154,-0.194,-0.2989,-0.2356,-0.0449,0.1722,0.3967,0.3184,0.0642,-0.2267,-0.3903,-0.3408,-0.1043,162.45,143.94,98.55,0.9286,0.3711,0.0,0.0,0.697,0.021,0.768,0.0348,0.0372,0.0108,-0.016,-0.084,-0.001,36.08,0.0,0.0,0.0,1,0,0,0,OUTER,READY,1,1
208000,ARM_1,MIXED,20260510,run_00001,0.0037,0.0116,0.0156,0.0206,0.0263,0.0308,0.0374,0.2994,0.2996,0.2995,0.2978,0.3,0.2984,0.2987,0.26,0.2655,0.2679,0.27,0.273,0.274,0.2775,100.0,0.97,80.26,1.0,0.0052,0.0,0.0,0.019,0.796,0.005,0.0016,0.0488,-0.0002,0.025,-0.046,0.004,36.02,0.0,0.0,0.0,0,0,0,0,OUTER,READY,1,1
208000,ARM_2,MIXED,20260510,run_00001,0.1301,0.2492,0.3507,0.4316,0.4821,0.5011,0.4831,0.2894,0.2591,0.212,0.1501,0.0804,0.003,-0.0754,0.3292,0.376,0.3997,0.3946,0.3626,0.3076,0.2316,126.68,50.68,86.54,0.9915,0.1298,0.0,0.0,0.348,0.486,0.317,0.013,0.0477,0.0025,0.012,0.037,-0.024,36.06,30.0,0.0,0.0,0,0,0,0,OUTER,READY,1,1
208000,ARM_3,MIXED,20260510,run_00001,0.2435,0.4258,0.5001,0.4455,0.2801,0.0378,-0.2087,0.2619,0.1565,0.0125,-0.1356,-0.2491,-0.3003,-0.2735,0.3728,0.3954,0.3159,0.1589,-0.0465,-0.2314,-0.361,147.27,98.86,92.62,0.9676,0.2524,0.0,0.0,0.857,0.42,0.834,0.0261,0.0439,0.0057,0.05,0.076,-0.066,36.08,30.0,25.0,0.0,0,0,0,0,OUTER,READY,1,1
208000,ARM_4,MIXED,20260510,run_00001,0.346,0.4993,0.379,0.0512,-0.3065,-0.4941,-0.4069,0.2161,0.0136,-0.1958,-0.2985,-0.2358,-0.0461,0.1718,0.3973,0.3176,0.0635,-0.2259,-0.3924,-0.3424,-0.1027,162.48,143.9,98.63,0.9286,0.3711,0.0,0.0,0.699,0.028,0.763,0.0356,0.0378,0.0122,-0.036,0.004,0.085,36.17,0.0,0.0,0.0,1,0,0,0,OUTER,READY,1,1
209000,ARM_1,MIXED,20260510,run_00001,0.0065,0.011,0.0172,0.0217,0.0252,0.033,0.0378,0.2998,0.2999,0.2994,0.2999,0.3002,0.3002,0.2981,0.2609,0.2638,0.2674,0.2698,0.2725,0.2769,0.2802,100.06,1.11,80.21,1.0,0.0052,0.0,0.0,0.018,0.799,0.014,0.0019,0.0496,0.0,-0.076,0.033,0.051,35.99,0.0,0.0,0.0,0,0,0,0,OUTER,READY,1,1
209000,ARM_2,MIXED,20260510,run_00001,0.1293,0.2489,0.351,0.4311,0.483,0.5002,0.4854,0.2902,0.2599,0.2128,0.1518,0.0797,0.0002,-0.0746,0.3267,0.3746,0.3982,0.3931,0.3639,0.3066,0.2344,126.66,50.79,86.56,0.9915,0.1299,0.0,0.0,0.344,0.492,0.325,0.0145,0.0495,0.0034,-0.016,0.013,0.059,35.95,30.0,0.0,0.0,0,0,0,0,OUTER,READY,1,1
209000,ARM_3,MIXED,20260510,run_00001,0.2443,0.4261,0.4988,0.4457,0.2761,0.0396,-0.2074,0.2608,0.1574,0.0115,-0.1358,-0.2496,-0.2996,-0.2709,0.3759,0.397,0.3165,0.1564,-0.0436,-0.2338,-0.3618,147.22,98.79,92.63,0.9676,0.2525,0.0,0.0,0.857,0.418,0.839,0.0242,0.044,0.0082,0.044,-0.0,0.042,35.98,30.0,25.0,0.0,0,0,0,0,OUTER,READY,1,1
209000,ARM_4,MIXED,20260510,run_00001,0.3432,0.4986,0.38,0.05,-0.3073,-0.4944,-0.4104,0.2168,0.0161,-0.1946,-0.3002,-0.2362,-0.0446,0.1709,0.3964,0.3175,0.0624,-0.2247,-0.3913,-0.3417,-0.1041,162.46,143.93,98.48,0.9286,0.3711,0.0,0.0,0.699,0.032,0.766,0.0366,0.0365,0.0103,-0.027,-0.012,0.079,36.18,0.0,0.0,0.0,1,0,0,0,OUTER,READY,1,1
210000,ARM_1,MIXED,20260510,run_00001,0.0039,0.0095,0.0151,0.0205,0.0255,0.0299,0.0374,0.3007,0.3008,0.3002,0.298,0.2994,0.299,0.2997,0.2591,0.2644,0.2667,0.2696,0.2741,0.275,0.2804,99.95,1.07,80.24,1.0,0.0052,0.0,0.0,0.017,0.797,0.019,0.0006,0.0512,0.001,-0.001,-0.023,-0.017,35.96,0.0,0.0,0.0,0,0,0,0,OUTER,READY,1,1
210000,ARM_2,MIXED,20260510,run_00001,0.1307,0.2487,0.3546,0.4329,0.4827,0.5001,0.4844,0.2899,0.2607,0.2131,0.1508,0.0791,0.0012,-0.0754,0.3276,0.3745,0.3983,0.3954,0.3644,0.3073,0.2319,126.61,50.69,86.51,0.9915,0.1299,0.0,0.0,0.351,0.491,0.316,0.0149,0.0461,0.0032,0.083,-0.059,-0.05,35.99,30.0,0.0,0.0,0,0,0,0,OUTER,READY,1,1
210000,ARM_3,MIXED,20260510,run_00001,0.2464,0.4264,0.4992,0.4469,0.2789,0.0383,-0.21,0.2617,0.1574,0.0121,-0.1352,-0.2492,-0.3007,-0.2737,0.3738,0.395,0.3181,0.1552,-0.0447,-0.2331,-0.3615,147.33,98.82,92.63,0.9676,0.2525,0.0,0.0,0.85,0.41,0.834,0.0243,0.0434,0.0075,0.035,-0.016,-0.012,36.14,30.0,25.0,0.0,0,0,0,0,OUTER,READY,1,1
210000,ARM_4,MIXED,20260510,run_00001,0.344,0.4992,0.382,0.0501,-0.3065,-0.4948,-0.4093,0.2173,0.0142,-0.1945,-0.2955,-0.2354,-0.0438,0.1727,0.3967,0.3187,0.0633,-0.2268,-0.3907,-0.343,-0.1046,162.49,143.95,98.43,0.9286,0.3712,0.0,0.0,0.699,0.028,0.765,0.0328,0.0362,0.0119,-0.054,0.043,-0.005,36.07,0.0,0.0,0.0,1,0,0,0,OUTER,READY,1,1
211000,ARM_1,MIXED,20260510,run_00001,0.0056,0.011,0.0182,0.0224,0.0273,0.0296,0.0368,0.2998,0.3001,0.3006,0.2999,0.2995,0.2987,0.3026,0.2613,0.2633,0.2673,0.2702,0.2738,0.2759,0.2786,99.97,1.03,80.23,1.0,0.0053,0.0,0.0,0.016,0.796,0.015,-0.0002,0.0482,0.0003,-0.038,0.006,0.004,36.04,0.0,0.0,0.0,0,0,0,0,OUTER,READY,1,1
211000,ARM_2,MIXED,20260510,run_00001,0.1289,0.2487,0.353,0.4309,0.4828,0.4999,0.4844,0.2893,0.261,0.2114,0.1496,0.0803,0.001,-0.0752,0.3259,0.3768,0.3989,0.3951,0.3615,0.3083,0.2314,126.6,50.73,86.54,0.9915,0.1299,0.0,0.0,0.347,0.484,0.326,0.0144,0.0504,0.0037,-0.09,0.07,0.023,36.04,30.0,0.0,0.0,0,0,0,0,OUTER,READY,1,1
211000,ARM_3,MIXED,20260510,run_00001,0.243,0.427,0.5,0.4473,0.2776,0.0408,-0.2089,0.264,0.1577,0.0126,-0.1374,-0.2517,-0.3005,-0.273,0.3748,0.3941,0.3143,0.1549,-0.0439,-0.2324,-0.3618,147.33,98.94,92.7,0.9676,0.2525,0.0,0.0,0.851,0.409,0.831,0.0216,0.0438,0.0079,-0.019,-0.039,0.051,36.09,30.0,25.0,0.0,0,0,0,0,OUTER,READY,1,1
211000,ARM_4,MIXED,20260510,run_00001,0.3452,0.4995,0.3787,0.0498,-0.3061,-0.4927,-0.4085,0.2154,0.0156,-0.1956,-0.2971,-0.237,-0.0447,0.1729,0.3977,0.3188,0.0627,-0.2272,-0.3918,-0.3406,-0.1036,162.4,143.88,98.47,0.9286,0.3712,0.0,0.0,0.699,0.033,0.767,0.0347,0.0376,0.0094,-0.008,0.141,0.014,36.16,0.0,0.0,0.0,1,0,0,0,OUTER,READY,1,1
212000,ARM_1,MIXED,20260510,run_00001,0.0031,0.0124,0.0153,0.0198,0.0266,0.0336,0.0379,0.3008,0.3009,0.3001,0.2999,0.3008,0.2983,0.2988,0.2616,0.2633,0.2674,0.2695,0.2735,0.2766,0.2802,100.02,1.12,80.29,1.0,0.0053,0.0,0.0,0.016,0.794,0.014,0.0006,0.049,-0.0004,-0.057,0.016,0.004,36.03,0.0,0.0,0.0,0,0,0,0,OUTER,READY,1,1
212000,ARM_2,MIXED,20260510,run_00001,0.1294,0.2487,0.3522,0.4334,0.4832,0.4995,0.4841,0.29,0.2592,0.2142,0.1507,0.0783,0.0022,-0.075,0.3295,0.3765,0.3978,0.3948,0.3618,0.3072,0.2329,126.74,50.76,86.53,0.9915,0.1299,0.0,0.0,0.356,0.48,0.317,0.013,0.0488,0.0032,0.039,-0.059,0.033,36.04,30.0,0.0,0.0,0,0,0,0,OUTER,READY,1,1
212000,ARM_3,MIXED,20260510,run_00001,0.2437,0.4265,0.5008,0.4464,0.2767,0.0397,-0.2093,0.2613,0.1559,0.0124,-0.1358,-0.2502,-0.2998,-0.2725,0.3754,0.3962,0.3166,0.1578,-0.0454,-0.2336,-0.3613,147.21,98.87,92.66,0.9676,0.2525,0.0,0.0,0.837,0.418,0.834,0.0229,0.0433,0.0069,0.009,-0.044,-0.051,36.14,30.0,25.0,0.0,0,0,0,0,OUTER,READY,1,1
212000,ARM_4,MIXED,20260510,run_00001,0.3452,0.499,0.3794,0.0503,-0.3054,-0.4934,-0.4096,0.2169,0.0149,-0.1958,-0.2976,-0.2366,-0.0438,0.1716,0.3992,0.3173,0.0636,-0.2276,-0.3907,-0.3402,-0.1015,162.42,143.95,98.54,0.9286,0.3712,0.0,0.0,0.696,0.024,0.763,0.0353,0.037,0.0119,0.004,0.089,0.077,36.13,0.0,0.0,0.0,1,0,0,0,OUTER,READY,1,1
213000,ARM_1,MIXED,20260510,run_00001,0.0066,0.0084,0.0155,0.0223,0.0272,0.0324,0.0359,0.2994,0.2992,0.2984,0.2991,0.2986,0.2978,0.2983,0.2607,0.2637,0.2671,0.2711,0.2739,0.2752,0.2791,100.02,1.06,80.23,1.0,0.0053,0.0,0.0,0.022,0.801,0.025,0.0005,0.0491,-0.0008,0.003,-0.042,-0.101,36.07,0.0,0.0,0.0,0,0,0,0,OUTER,READY,1,1
213000,ARM_2,MIXED,20260510,run_00001,0.1287,0.2482,0.3511,0.4295,0.4811,0.5004,0.485,0.2899,0.2616,0.2124,0.1518,0.0795,0.0024,-0.0739,0.3277,0.3745,0.3978,0.394,0.3635,0.3086,0.2317,126.67,50.82,86.49,0.9915,0.13,0.0,0.0,0.348,0.482,0.314,0.0127,0.0477,0.0033,0.03,-0.044,0.013,36.06,30.0,0.0,0.0,0,0,0,0,OUTER,READY,1,1
213000,ARM_3,MIXED,20260510,run_00001,0.2435,0.4253,0.4992,0.4468,0.2776,0.0395,-0.2098,0.2617,0.1563,0.0135,-0.1366,-0.2492,-0.2992,-0.2703,0.3742,0.3954,0.3169,0.1539,-0.0442,-0.233,-0.3593,147.25,98.81,92.61,0.9676,0.2526,0.0,0.0,0.855,0.416,0.821,0.0253,0.0441,0.0072,-0.013,-0.089,0.04,36.12,30.0,25.0,0.0,0,0,0,0,OUTER,READY,1,1
213000,ARM_4,MIXED,20260510,run_00001,0.3465,0.5005,0.3797,0.05,-0.3077,-0.4946,-0.4085,0.217,0.0153,-0.1962,-0.2964,-0.2374,-0.0441,0.1729,0.3985,0.3195,0.0654,-0.2274,-0.391,-0.3403,-0.102,162.31,143.98,98.54,0.9285,0.3712,0.0,0.0,0.693,0.019,0.764,0.0351,0.0366,0.0118,0.016,-0.048,-0.043,36.18,0.0,0.0,0.0,1,0,0,0,OUTER,READY,1,1
214000,ARM_1,MIXED,20260510,run_00001,0.0055,0.009,0.015,0.0219,0.0273,0.0343,0.038,0.3003,0.3016,0.2992,0.299,0.2999,0.3003,0.2987,0.2605,0.2662,0.2679,0.2687,0.2727,0.2766,0.2791,99.96,1.05,80.27,1.0,0.0053,0.0,0.0,0.016,0.801,0.02,-0.001,0.0495,0.0024,-0.095,-0.045,0.044,35.99,0.0,0.0,0.0,0,0,0,0,OUTER,READY,1,1
214000,ARM_2,MIXED,20260510,run_00001,0.1281,0.2508,0.3523,0.432,0.4816,0.4998,0.4839,0.2898,0.2603,0.2141,0.153,0.0802,0.002,-0.0757,0.3283,0.3765,0.3984,0.3952,0.3622,0.3066,0.2318,126.58,50.77,86.52,0.9915,0.13,0.0,0.0,0.357,0.483,0.322,0.0126,0.0477,0.0056,0.047,-0.026,0.006,36.14,30.0,0.0,0.0,0,0,0,0,OUTER,READY,1,1
214000,ARM_3,MIXED,20260510,run_00001,0.2436,0.4273,0.4994,0.4453,0.2763,0.04,-0.2101,0.2594,0.1559,0.0115,-0.1364,-0.2488,-0.2999,-0.2744,0.3752,0.3957,0.3161,0.1571,-0.0448,-0.2337,-0.363,147.35,98.9,92.71,0.9676,0.2526,0.0,0.0,0.853,0.421,0.84,0.0236,0.0436,0.0065,0.019,0.047,0.005,36.05,30.0,25.0,0.0,0,0,0,0,OUTER,READY,1,1
214000,ARM_4,MIXED,20260510,run_00001,0.3472,0.4998,0.3787,0.0482,-0.3073,-0.4946,-0.4091,0.2172,0.0153,-0.195,-0.3009,-0.238,-0.045,0.1728,0.3991,0.3194,0.0634,-0.2251,-0.3902,-0.3404,-0.103,162.39,143.95,98.57,0.9285,0.3712,0.0,0.0,0.697,0.026,0.762,0.0338,0.038,0.0133,0.016,-0.023,-0.049,36.03,0.0,0.0,0.0,1,0,0,0,OUTER,READY,1,1
215000,ARM_1,MIXED,20260510,run_00001,0.0051,0.0102,0.0166,0.0218,0.0257,0.0302,0.037,0.2999,0.3005,0.2978,0.2992,0.2997,0.2994,0.2996,0.2614,0.2648,0.2682,0.27,0.2746,0.2777,0.2798,100.08,1.14,80.39,1.0,0.0054,0.0,0.0,0.027,0.795,0.018,0.0013,0.0515,-0.0001,-0.087,-0.018,0.004,36.07,0.0,0.0,0.0,0,0,0,0,OUTER,READY,1,1
215000,ARM_2,MIXED,20260510,run_00001,0.129,0.2505,0.3544,0.4318,0.4811,0.5002,0.484,0.2902,0.2593,0.2116,0.1521,0.0794,0.0016,-0.0741,0.3264,0.3743,0.3985,0.396,0.3624,0.305,0.2303,126.64,50.75,86.49,0.9915,0.13,0.0,0.0,0.347,0.485,0.313,0.0145,0.0499,0.0045,0.009,-0.046,0.071,35.96,30.0,0.0,0.0,0,0,0,0,OUTER,READY,1,1
215000,ARM_3,MIXED,20260510,run_00001,0.2435,0.4273,0.5012,0.445,0.2789,0.0387,-0.2104,0.2623,0.1552,0.0115,-0.136,-0.2506,-0.2997,-0.2722,0.3743,0.3967,0.3166,0.1561,-0.0435,-0.2346,-0.3637,147.24,98.88,92.66,0.9676,0.2526,0.0,0.0,0.857,0.417,0.836,0.0246,0.0436,0.0081,0.027,0.051,-0.024,36.12,30.0,25.0,0.0,0,0,0,0,OUTER,READY,1,1
215000,ARM_4,MIXED,20260510,run_00001,0.345,0.4991,0.3785,0.0479,-0.3055,-0.4935,-0.4095,0.2182,0.0161,-0.1946,-0.2989,-0.2353,-0.0446,0.1726,0.3975,0.3166,0.0636,-0.2273,-0.3915,-0.3407,-0.1018,162.47,143.93,98.54,0.9285,0.3713,0.0,0.0,0.688,0.026,0.76,0.0353,0.0373,0.0092,-0.091,-0.071,-0.016,36.09,0.0,0.0,0.0,1,0,0,0,OUTER,READY,1,1
216000,ARM_1,MIXED,20260510,run_00001,0.0076,0.0106,0.0172,0.0217,0.0269,0.0306,0.0374,0.2996,0.3002,0.2986,0.2979,0.2993,0.3,0.2967,0.2618,0.2637,0.266,0.2691,0.2746,0.2773,0.2787,100.04,1.08,80.24,1.0,0.0054,0.0,0.0,0.021,0.8,0.014,0.001,0.0524,-0.0013,-0.043,-0.033,-0.023,35.92,0.0,0.0,0.0,0,0,0,0,OUTER,READY,1,1
216000,ARM_2,MIXED,20260510,run_00001,0.1283,0.2501,0.3517,0.4313,0.4801,0.499,0.4826,0.2914,0.262,0.2123,0.1521,0.0778,0.0001,-0.0761,0.3277,0.3779,0.3988,0.3945,0.3619,0.3077,0.2311,126.65,50.81,86.45,0.9915,0.13,0.0,0.0,0.342,0.486,0.316,0.013,0.048,0.0038,0.004,-0.003,-0.014,36.06,30.0,0.0,0.0,0,0,0,0,OUTER,READY,1,1
216000,ARM_3,MIXED,20260510,run_00001,0.244,0.4252,0.4989,0.4476,0.2787,0.0384,-0.2104,0.2594,0.1561,0.0122,-0.1359,-0.2493,-0.3004,-0.2731,0.3761,0.3948,0.3149,0.1543,-0.0444,-0.234,-0.3634,147.18,98.89,92.65,0.9676,0.2526,0.0,0.0,0.85,0.414,0.837,0.0242,0.043,0.009,-0.075,-0.104,-0.017,36.11,30.0,25.0,0.0,0,0,0,0,OUTER,READY,1,1
216000,ARM_4,MIXED,20260510,run_00001,0.3453,0.5003,0.38,0.0489,-0.3058,-0.4943,-0.4082,0.2196,0.0139,-0.1938,-0.2983,-0.2387,-0.0429,0.1722,0.3973,0.319,0.064,-0.2267,-0.3921,-0.3407,-0.1019,162.32,143.98,98.6,0.9285,0.3713,0.0,0.0,0.701,0.028,0.758,0.0348,0.0373,0.0122,0.044,0.006,0.039,36.17,0.0,0.0,0.0,1,0,0,0,OUTER,READY,1,1
217000,ARM_1,MIXED,20260510,run_00001,0.0058,0.0121,0.017,0.0199,0.0254,0.0316,0.0381,0.3002,0.3013,0.3011,0.2999,0.2984,0.3001,0.2991,0.2604,0.2643,0.2689,0.2711,0.2729,0.2789,0.2804,100.08,1.15,80.3,1.0,0.0054,0.0,0.0,0.019,0.798,0.024,-0.0007,0.0504,0.0007,0.046,0.006,0.011,36.02,0.0,0.0,0.0,0,0,0,0,OUTER,READY,1,1
217000,ARM_2,MIXED,20260510,run_00001,0.1284,0.2507,0.3522,0.4307,0.4809,0.4998,0.4839,0.2911,0.2602,0.2112,0.1509,0.0795,0.0014,-0.0754,0.3292,0.3756,0.3991,0.395,0.3616,0.3063,0.231,126.65,50.83,86.47,0.9915,0.1301,0.0,0.0,0.347,0.491,0.327,0.0119,0.0477,0.0044,0.067,0.004,0.006,35.96,30.0,0.0,0.0,0,0,0,0,OUTER,READY,1,1
217000,ARM_3,MIXED,20260510,run_00001,0.2446,0.4272,0.4985,0.4438,0.2776,0.0384,-0.209,0.2612,0.1565,0.0104,-0.1378,-0.2486,-0.2987,-0.2702,0.3744,0.3958,0.3157,0.1555,-0.0463,-0.2337,-0.3616,147.33,98.91,92.67,0.9676,0.2527,0.0,0.0,0.855,0.42,0.835,0.0238,0.0437,0.0069,-0.013,0.018,0.066,36.1,30.0,25.0,0.0,0,0,0,0,OUTER,READY,1,1
217000,ARM_4,MIXED,20260510,run_00001,0.3441,0.4996,0.379,0.0493,-0.3081,-0.4912,-0.407,0.217,0.0152,-0.1967,-0.2991,-0.2356,-0.044,0.1748,0.3983,0.3188,0.0617,-0.2277,-0.3909,-0.3394,-0.1004,162.47,143.95,98.48,0.9285,0.3713,0.0,0.0,0.701,0.028,0.767,0.0336,0.0364,0.0124,-0.038,-0.051,0.023,36.14,0.0,0.0,0.0,1,0,0,0,OUTER,READY,1,1
218000,ARM_1,MIXED,20260510,run_00001,0.0038,0.0108,0.0157,0.0196,0.0288,0.0313,0.0375,0.3008,0.2992,0.2976,0.3,0.2994,0.2993,0.2998,0.2618,0.2643,0.2704,0.2703,0.2744,0.2787,0.2803,100.04,1.14,80.33,1.0,0.0054,0.0,0.0,0.019,0.794,0.019,0.001,0.0499,0.001,-0.051,-0.023,-0.004,35.88,0.0,0.0,0.0,0,0,0,0,OUTER,READY,1,1
218000,ARM_2,MIXED,20260510,run_00001,0.1271,0.2503,0.352,0.4304,0.4807,0.4999,0.4839,0.2892,0.2595,0.2109,0.1508,0.079,0.0011,-0.0751,0.3269,0.376,0.3984,0.391,0.3629,0.3068,0.2292,126.68,50.81,86.43,0.9915,0.1301,0.0,0.0,0.353,0.494,0.321,0.0132,0.0473,0.0065,-0.067,-0.03,-0.104,36.05,30.0,0.0,0.0,0,0,0,0,OUTER,READY,1,1
218000,ARM_3,MIXED,20260510,run_00001,0.2432,0.4256,0.4995,0.4462,0.2777,0.0385,-0.2105,0.2622,0.1565,0.0094,-0.1367,-0.2485,-0.2992,-0.2721,0.3751,0.3949,0.3164,0.1542,-0.0454,-0.2347,-0.3627,147.22,98.85,92.62,0.9675,0.2527,0.0,0.0,0.856,0.418,0.835,0.0238,0.0446,0.0074,-0.042,-0.017,-0.097,36.03,30.0,25.0,0.0,0,0,0,0,OUTER,READY,1,1
218000,ARM_4,MIXED,20260510,run_00001,0.3455,0.4988,0.3793,0.0477,-0.3092,-0.4963,-0.409,0.2146,0.0158,-0.1951,-0.2977,-0.2348,-0.0446,0.1725,0.3977,0.3176,0.0636,-0.2255,-0.3913,-0.3396,-0.1019,162.44,143.97,98.59,0.9285,0.3713,0.0,0.0,0.694,0.032,0.762,0.0359,0.0364,0.0096,-0.001,0.027,0.018,36.04,0.0,0.0,0.0,1,0,0,0,OUTER,READY,1,1
219000,ARM_1,MIXED,20260510,run_00001,0.0045,0.0115,0.0159,0.0224,0.0292,0.0316,0.0368,0.3013,0.301,0.2985,0.2991,0.2977,0.2979,0.299,0.2609,0.2649,0.2661,0.2721,0.2732,0.2765,0.2822,100.01,1.1,80.29,1.0,0.0055,0.0,0.0,0.014,0.789,0.017,0.0006,0.052,0.001,0.042,-0.003,-0.011,35.97,0.0,0.0,0.0,0,0,0,0,OUTER,READY,1,1
219000,ARM_2,MIXED,20260510,run_00001,0.1288,0.2496,0.3541,0.4314,0.4822,0.5002,0.484,0.2892,0.2583,0.2116,0.1497,0.078,0.0011,-0.0773,0.3286,0.3783,0.3981,0.3949,0.3611,0.3065,0.2311,126.59,50.81,86.44,0.9915,0.1301,0.0,0.0,0.357,0.492,0.318,0.0114,0.0461,0.0043,-0.027,-0.04,-0.006,36.01,30.0,0.0,0.0,0,0,0,0,OUTER,READY,1,1
219000,ARM_3,MIXED,20260510,run_00001,0.2442,0.4274,0.5006,0.4464,0.2783,0.0382,-0.2095,0.2626,0.1555,0.0113,-0.1364,-0.2498,-0.2986,-0.2728,0.3756,0.3969,0.3169,0.1547,-0.0458,-0.2349,-0.3631,147.2,98.92,92.62,0.9675,0.2527,0.0,0.0,0.853,0.415,0.835,0.0254,0.0435,0.0072,-0.026,-0.058,-0.045,36.07,30.0,25.0,0.0,0,0,0,0,OUTER,READY,1,1
219000,ARM_4,MIXED,20260510,run_00001,0.3444,0.5009,0.3784,0.0484,-0.3072,-0.4944,-0.4085,0.2163,0.0144,-0.1969,-0.2985,-0.235,-0.043,0.1731,0.3977,0.3193,0.063,-0.2253,-0.3913,-0.3419,-0.1013,162.35,144.06,98.59,0.9285,0.3714,0.0,0.0,0.708,0.035,0.76,0.0351,0.0357,0.0128,0.003,-0.045,0.017,36.21,0.0,0.0,0.0,1,0,0,0,OUTER,READY,1,1
220000,ARM_1,MIXED,20260510,run_00001,0.0037,0.0093,0.0174,0.0219,0.0272,0.0323,0.04,0.2976,0.3017,0.3004,0.3004,0.3004,0.2986,0.3011,0.2602,0.2641,0.2667,0.2689,0.2746,0.2779,0.2803,100.01,1.06,80.27,1.0,0.0055,0.0,0.0,0.025,0.796,0.017,0.0016,0.05,0.0021,-0.063,-0.037,0.047,35.93,0.0,0.0,0.0,0,0,0,0,OUTER,READY,1,1
220000,ARM_2,MIXED,20260510,run_00001,0.13,0.2517,0.3525,0.4324,0.4823,0.5004,0.4817,0.2885,0.2597,0.2131,0.1507,0.0804,-0.0011,-0.077,0.329,0.3748,0.3992,0.3945,0.3632,0.3059,0.23,126.64,50.89,86.59,0.9915,0.1301,0.0,0.0,0.339,0.486,0.325,0.0121,0.0467,0.0057,-0.003,-0.141,0.105,36.0,30.0,0.0,0.0,0,0,0,0,OUTER,READY,1,1
220000,ARM_3,MIXED,20260510,run_00001,0.2447,0.4259,0.5008,0.4444,0.2761,0.0374,-0.2098,0.2604,0.1551,0.0111,-0.1356,-0.2507,-0.2988,-0.2717,0.3752,0.3951,0.3168,0.156,-0.0454,-0.234,-0.3611,147.21,98.86,92.6,0.9675,0.2527,0.0,0.0,0.855,0.413,0.838,0.0253,0.0445,0.0077,0.037,-0.039,-0.002,36.05,30.0,25.0,0.0,0,0,0,0,OUTER,READY,1,1
220000,ARM_4,MIXED,20260510,run_00001,0.3462,0.5009,0.3779,0.0464,-0.3073,-0.4955,-0.408,0.2171,0.016,-0.1963,-0.2987,-0.2351,-0.0424,0.1726,0.3984,0.319,0.0627,-0.2256,-0.3916,-0.3395,-0.0996,162.48,143.89,98.6,0.9285,0.3714,0.0,0.0,0.695,0.033,0.764,0.0343,0.0346,0.0133,0.02,0.051,-0.041,36.11,0.0,0.0,0.0,1,0,0,0,OUTER,READY,1,1
221000,ARM_1,MIXED,20260510,run_00001,0.0029,0.0118,0.0165,0.023,0.0298,0.0337,0.0375,0.3004,0.2996,0.301,0.3,0.3001,0.2998,0.3,0.2588,0.2647,0.2676,0.2708,0.2733,0.2784,0.2811,100.03,1.12,80.28,1.0,0.0055,0.0,0.0,0.023,0.801,0.018,-0.0001,0.05,-0.0018,-0.031,0.062,-0.035,35.85,0.0,0.0,0.0,0,0,0,0,OUTER,READY,1,1
221000,ARM_2,MIXED,20260510,run_00001,0.1292,0.249,0.3515,0.4333,0.482,0.4987,0.4835,0.2897,0.2619,0.2138,0.1511,0.0801,0.0002,-0.077,0.3274,0.3765,0.3989,0.3941,0.3628,0.3073,0.2304,126.71,50.89,86.51,0.9915,0.1302,0.0,0.0,0.353,0.489,0.323,0.0131,0.0483,0.0038,0.027,-0.051,0.004,36.08,30.0,0.0,0.0,0,0,0,0,OUTER,READY,1,1
221000,ARM_3,MIXED,20260510,run_00001,0.2455,0.426,0.4983,0.4474,0.2754,0.0383,-0.2122,0.2624,0.1562,0.0119,-0.1368,-0.2502,-0.2993,-0.2707,0.3732,0.3957,0.315,0.1556,-0.0459,-0.2346,-0.3624,147.23,98.94,92.68,0.9675,0.2528,0.0,0.0,0.851,0.411,0.828,0.023,0.0445,0.0066,-0.035,0.025,0.064,36.03,30.0,25.0,0.0,0,0,0,0,OUTER,READY,1,1
221000,ARM_4,MIXED,20260510,run_00001,0.3444,0.5006,0.3781,0.048,-0.3063,-0.4952,-0.4079,0.2166,0.0154,-0.1969,-0.2978,-0.2361,-0.0433,0.1719,0.3971,0.3146,0.0633,-0.2254,-0.3897,-0.3392,-0.0991,162.46,143.93,98.62,0.9285,0.3714,0.0,0.0,0.712,0.022,0.759,0.0354,0.0357,0.0129,-0.024,-0.025,0.118,36.08,0.0,0.0,0.0,1,0,0,0,OUTER,READY,1,1
222000,ARM_1,MIXED,20260510,run_00001,0.0052,0.0101,0.0168,0.0237,0.0265,0.0335,0.0412,0.3004,0.2985,0.2982,0.2993,0.2984,0.2991,0.2986,0.2605,0.2627,0.2661,0.2702,0.2742,0.2758,0.2817,99.98,1.16,80.25,1.0,0.0055,0.0,0.0,0.019,0.804,0.019,-0.0004,0.0495,0.0023,-0.026,-0.006,-0.024,36.06,0.0,0.0,0.0,0,0,0,0,OUTER,READY,1,1
222000,ARM_2,MIXED,20260510,run_00001,0.1299,0.2484,0.3519,0.4317,0.4846,0.5012,0.4828,0.2909,0.2605,0.2143,0.1501,0.0787,0.002,-0.0759,0.3287,0.3748,0.3979,0.3924,0.3633,0.3086,0.2297,126.68,50.85,86.51,0.9915,0.1302,0.0,0.0,0.347,0.488,0.328,0.0125,0.047,0.0033,0.001,-0.063,0.067,35.98,30.0,0.0,0.0,0,0,0,0,OUTER,READY,1,1
222000,ARM_3,MIXED,20260510,run_00001,0.2456,0.4265,0.4986,0.4439,0.2753,0.0373,-0.2102,0.2639,0.1569,0.0111,-0.1364,-0.249,-0.2983,-0.2726,0.3735,0.3957,0.3167,0.1558,-0.0452,-0.2352,-0.3623,147.33,98.92,92.65,0.9675,0.2528,0.0,0.0,0.856,0.418,0.818,0.0246,0.0442,0.0079,0.049,0.02,0.028,36.06,30.0,25.0,0.0,0,0,0,0,OUTER,READY,1,1
222000,ARM_4,MIXED,20260510,run_00001,0.3455,0.4998,0.3766,0.0489,-0.3068,-0.4939,-0.4095,0.218,0.0162,-0.1961,-0.2982,-0.2371,-0.0435,0.1727,0.3972,0.3189,0.0638,-0.2269,-0.3923,-0.3408,-0.1003,162.45,143.95,98.58,0.9285,0.3714,0.0,0.0,0.702,0.026,0.758,0.0347,0.0357,0.013,-0.15,0.026,-0.007,36.09,0.0,0.0,0.0,1,0,0,0,OUTER,READY,1,1
223000,ARM_1,MIXED,20260510,run_00001,0.0046,0.0116,0.0172,0.0216,0.0274,0.0345,0.0392,0.3,0.2998,0.3012,0.2989,0.2974,0.2979,0.2987,0.2608,0.2665,0.2682,0.2722,0.2744,0.2775,0.2816,99.94,1.09,80.16,1.0,0.0056,0.0,0.0,0.013,0.802,0.017,0.0011,0.0507,-0.0014,-0.012,0.061,0.117,36.0,0.0,0.0,0.0,0,0,0,0,OUTER,READY,1,1
223000,ARM_2,MIXED,20260510,run_00001,0.1274,0.249,0.3527,0.4333,0.4833,0.4976,0.4813,0.2906,0.2577,0.2142,0.1516,0.0794,0.003,-0.0781,0.3287,0.3763,0.3972,0.3942,0.3633,0.3051,0.2312,126.64,50.77,86.47,0.9915,0.1302,0.0,0.0,0.348,0.484,0.326,0.0125,0.0472,0.0054,0.008,-0.013,-0.054,36.06,30.0,0.0,0.0,0,0,0,0,OUTER,READY,1,1
223000,ARM_3,MIXED,20260510,run_00001,0.2458,0.4273,0.4987,0.4465,0.2749,0.0362,-0.21,0.2627,0.155,0.0116,-0.1367,-0.2511,-0.2976,-0.27,0.3746,0.3953,0.316,0.155,-0.0469,-0.2339,-0.3631,147.18,98.9,92.6,0.9675,0.2528,0.0,0.0,0.859,0.415,0.828,0.0245,0.0454,0.007,0.158,-0.003,-0.033,36.09,30.0,25.0,0.0,0,0,0,0,OUTER,READY,1,1
223000,ARM_4,MIXED,20260510,run_00001,0.3446,0.4985,0.3769,0.0492,-0.3092,-0.4935,-0.4063,0.2162,0.0144,-0.196,-0.2984,-0.2371,-0.0442,0.1719,0.3988,0.3182,0.0625,-0.2278,-0.391,-0.3406,-0.0996,162.37,143.88,98.46,0.9285,0.3715,0.0,0.0,0.693,0.028,0.761,0.0355,0.0354,0.0109,0.01,-0.03,-0.012,36.11,0.0,0.0,0.0,1,0,0,0,OUTER,READY,1,1
224000,ARM_1,MIXED,20260510,run_00001,0.0065,0.0113,0.0196,0.0238,0.029,0.0339,0.0396,0.2989,0.3003,0.2983,0.2996,0.2985,0.2989,0.3009,0.2611,0.263,0.2689,0.2727,0.2737,0.2765,0.2807,99.88,1.12,80.21,1.0,0.0056,0.0,0.0,0.024,0.802,0.018,0.0015,0.048,0.0007,-0.029,-0.015,-0.046,36.0,0.0,0.0,0.0,0,0,0,0,OUTER,READY,1,1
224000,ARM_2,MIXED,20260510,run_00001,0.1288,0.2489,0.3523,0.4342,0.4826,0.4998,0.483,0.2906,0.2601,0.2113,0.1493,0.0791,0.0013,-0.0767,0.3285,0.3757,0.3969,0.3931,0.3631,0.3074,0.229,126.57,50.81,86.52,0.9915,0.1302,0.0,0.0,0.343,0.485,0.318,0.0125,0.0476,0.0045,0.029,-0.022,0.013,36.14,30.0,0.0,0.0,0,0,0,0,OUTER,READY,1,1
224000,ARM_3,MIXED,20260510,run_00001,0.2436,0.4274,0.4989,0.4445,0.2752,0.0373,-0.2136,0.2624,0.1584,0.011,-0.138,-0.251,-0.2978,-0.2721,0.3748,0.3951,0.3141,0.155,-0.0457,-0.2337,-0.3614,147.23,98.99,92.72,0.9675,0.2528,0.0,0.0,0.849,0.415,0.835,0.0248,0.0426,0.0069,0.089,-0.043,0.026,36.09,30.0,25.0,0.0,0,0,0,0,OUTER,READY,1,1
224000,ARM_4,MIXED,20260510,run_00001,0.3441,0.5006,0.3777,0.0498,-0.3085,-0.4945,-0.4092,0.2155,0.0131,-0.1971,-0.2987,-0.2362,-0.0431,0.1746,0.3969,0.3168,0.0638,-0.2258,-0.3925,-0.3408,-0.1011,162.37,143.9,98.59,0.9284,0.3715,0.0,0.0,0.703,0.027,0.772,0.0338,0.0373,0.0103,0.037,0.025,0.068,36.11,0.0,0.0,0.0,1,0,0,0,OUTER,READY,1,1
225000,ARM_1,MIXED,20260510,run_00001,0.0053,0.0113,0.0159,0.0231,0.0277,0.0326,0.0393,0.2998,0.3008,0.3001,0.2995,0.2995,0.3007,0.2992,0.2626,0.2652,0.2671,0.2727,0.2755,0.2769,0.2816,99.94,1.06,80.2,1.0,0.0056,0.0,0.0,0.016,0.809,0.026,0.0001,0.0517,0.0016,-0.029,0.041,-0.092,36.08,0.0,0.0,0.0,0,0,0,0,OUTER,READY,1,1
225000,ARM_2,MIXED,20260510,run_00001,0.1311,0.2506,0.3527,0.4331,0.483,0.4998,0.4831,0.2906,0.2605,0.2138,0.1513,0.0784,-0.0004,-0.0766,0.3281,0.3771,0.3999,0.3934,0.3637,0.3065,0.2304,126.62,50.82,86.57,0.9915,0.1303,0.0,0.0,0.342,0.489,0.32,0.0126,0.0485,0.0047,-0.084,-0.009,-0.041,36.01,30.0,0.0,0.0,0,0,0,0,OUTER,READY,1,1
225000,ARM_3,MIXED,20260510,run_00001,0.2434,0.4277,0.5002,0.4452,0.2762,0.0353,-0.2126,0.2606,0.1571,0.0098,-0.1365,-0.2504,-0.2974,-0.272,0.3755,0.3973,0.3138,0.1548,-0.0446,-0.2343,-0.3643,147.21,98.92,92.5,0.9675,0.2529,0.0,0.0,0.85,0.417,0.826,0.0243,0.043,0.0089,0.035,0.013,0.006,35.99,30.0,25.0,0.0,0,0,0,0,OUTER,READY,1,1
225000,ARM_4,MIXED,20260510,run_00001,0.3467,0.5005,0.3782,0.048,-0.3082,-0.4946,-0.4071,0.2175,0.015,-0.1964,-0.2976,-0.2353,-0.0433,0.1732,0.3977,0.317,0.0641,-0.2259,-0.39,-0.3393,-0.1024,162.45,143.92,98.68,0.9284,0.3715,0.0,0.0,0.702,0.019,0.772,0.0361,0.0372,0.0124,0.046,0.008,0.042,36.21,0.0,0.0,0.0,1,0,0,0,OUTER,READY,1,1
226000,ARM_1,MIXED,20260510,run_00001,0.0054,0.0117,0.0179,0.0243,0.028,0.0345,0.0397,0.3004,0.3006,0.3011,0.2985,0.3002,0.2993,0.2987,0.2598,0.2645,0.2662,0.2718,0.2741,0.2766,0.2803,100.05,1.11,80.36,1.0,0.0056,0.0,0.0,0.023,0.806,0.025,0.0011,0.049,-0.0009,-0.01,0.034,0.008,36.0,0.0,0.0,0.0,0,0,0,0,OUTER,READY,1,1
226000,ARM_2,MIXED,20260510,run_00001,0.129,0.2496,0.3525,0.4321,0.4824,0.5015,0.4833,0.2899,0.2603,0.2117,0.1507,0.0781,0.0001,-0.0766,0.3267,0.3759,0.3994,0.3932,0.3607,0.3048,0.231,126.55,50.85,86.45,0.9915,0.1303,0.0,0.0,0.344,0.484,0.317,0.0117,0.0498,0.0033,0.033,-0.089,0.02,36.07,30.0,0.0,0.0,0,0,0,0,OUTER,READY,1,1
226000,ARM_3,MIXED,20260510,run_00001,0.2435,0.4268,0.5003,0.4448,0.2763,0.0365,-0.2133,0.2616,0.157,0.0134,-0.1361,-0.2489,-0.2979,-0.2711,0.3737,0.3951,0.3167,0.1558,-0.0472,-0.2354,-0.3625,147.23,98.89,92.63,0.9675,0.2529,0.0,0.0,0.86,0.411,0.833,0.0237,0.0426,0.0063,-0.064,0.081,-0.058,36.08,30.0,25.0,0.0,0,0,0,0,OUTER,READY,1,1
226000,ARM_4,MIXED,20260510,run_00001,0.3457,0.5005,0.3777,0.047,-0.3085,-0.4956,-0.4082,0.2164,0.0147,-0.1979,-0.2983,-0.2357,-0.0437,0.1722,0.3974,0.3186,0.063,-0.2276,-0.3912,-0.3406,-0.1004,162.43,144.1,98.58,0.9284,0.3715,0.0,0.0,0.703,0.02,0.763,0.0353,0.034,0.01,-0.015,-0.025,0.046,36.07,0.0,0.0,0.0,1,0,0,0,OUTER,READY,1,1
227000,ARM_1,MIXED,20260510,run_00001,0.005,0.0114,0.017,0.023,0.0275,0.0342,0.0387,0.2995,0.2987,0.3007,0.2998,0.2985,0.3002,0.3005,0.2615,0.2632,0.2685,0.2721,0.2729,0.2788,0.2813,100.1,1.1,80.33,1.0,0.0057,0.0,0.0,0.024,0.79,0.018,-0.0005,0.0485,0.0026,-0.031,0.075,-0.011,36.05,0.0,0.0,0.0,0,0,0,0,OUTER,READY,1,1
227000,ARM_2,MIXED,20260510,run_00001,0.1284,0.2491,0.3531,0.4324,0.483,0.5013,0.482,0.2895,0.2593,0.2114,0.1511,0.077,0.0014,-0.0778,0.3282,0.3737,0.3978,0.3944,0.3626,0.3068,0.231,126.61,50.84,86.63,0.9915,0.1303,0.0,0.0,0.338,0.497,0.321,0.0126,0.049,0.0034,-0.061,-0.075,0.012,35.98,30.0,0.0,0.0,0,0,0,0,OUTER,READY,1,1
227000,ARM_3,MIXED,20260510,run_00001,0.245,0.4261,0.4988,0.4433,0.2758,0.0367,-0.2122,0.2599,0.1571,0.0127,-0.1372,-0.2502,-0.2991,-0.2708,0.3748,0.3958,0.3172,0.1555,-0.0478,-0.2351,-0.3631,147.17,98.91,92.62,0.9675,0.2529,0.0,0.0,0.853,0.42,0.843,0.0233,0.0433,0.0081,0.06,0.035,0.005,36.08,30.0,25.0,0.0,0,0,0,0,OUTER,READY,1,1
227000,ARM_4,MIXED,20260510,run_00001,0.3449,0.4976,0.3774,0.0486,-0.3095,-0.4934,-0.4067,0.2174,0.0134,-0.1984,-0.2967,-0.2354,-0.0433,0.1738,0.3988,0.3174,0.0611,-0.2267,-0.3919,-0.3412,-0.0991,162.35,144.0,98.47,0.9284,0.3715,0.0,0.0,0.707,0.025,0.77,0.0356,0.0366,0.0109,-0.042,-0.012,0.046,36.1,0.0,0.0,0.0,1,0,0,0,OUTER,READY,1,1
228000,ARM_1,MIXED,20260510,run_00001,0.0068,0.0116,0.0183,0.0232,0.0291,0.0357,0.0391,0.3005,0.2989,0.299,0.3009,0.3001,0.2996,0.2978,0.2622,0.2634,0.2659,0.2732,0.2767,0.2778,0.2823,99.98,1.18,80.3,1.0,0.0057,0.0,0.0,0.023,0.803,0.019,-0.0003,0.0509,0.0017,-0.086,-0.074,-0.127,35.93,0.0,0.0,0.0,0,0,0,0,OUTER,READY,1,1
228000,ARM_2,MIXED,20260510,run_00001,0.1291,0.2487,0.3539,0.4311,0.4813,0.4997,0.4841,0.2892,0.2613,0.2114,0.1493,0.0802,0.0015,-0.0776,0.3265,0.3759,0.3992,0.3931,0.3628,0.3056,0.2301,126.56,50.77,86.51,0.9915,0.1303,0.0,0.0,0.349,0.491,0.313,0.0122,0.0491,0.0024,0.055,0.051,0.018,36.09,30.0,0.0,0.0,0,0,0,0,OUTER,READY,1,1
228000,ARM_3,MIXED,20260510,run_00001,0.2451,0.4272,0.5016,0.4449,0.277,0.0366,-0.2135,0.2618,0.1553,0.0119,-0.1363,-0.2501,-0.2987,-0.2724,0.3763,0.3961,0.3156,0.1529,-0.044,-0.236,-0.365,147.25,98.96,92.62,0.9675,0.2529,0.0,0.0,0.855,0.425,0.838,0.0247,0.0416,0.0081,-0.038,-0.011,-0.072,36.09,30.0,25.0,0.0,0,0,0,0,OUTER,READY,1,1
228000,ARM_4,MIXED,20260510,run_00001,0.3454,0.4987,0.3771,0.0485,-0.3088,-0.4943,-0.4066,0.2169,0.0135,-0.197,-0.2991,-0.2348,-0.0431,0.1741,0.3979,0.3189,0.0629,-0.2269,-0.3899,-0.3399,-0.1013,162.47,144.07,98.6,0.9284,0.3716,0.0,0.0,0.703,0.038,0.76,0.0356,0.0357,0.0111,-0.029,0.018,0.08,36.13,0.0,0.0,0.0,1,0,0,0,OUTER,READY,1,1
229000,ARM_1,MIXED,20260510,run_00001,0.0055,0.0128,0.017,0.0232,0.0288,0.0351,0.0403,0.3004,0.3004,0.2988,0.2989,0.2994,0.297,0.2988,0.2618,0.2652,0.267,0.2705,0.2753,0.2773,0.2804,100.13,1.11,80.3,1.0,0.0057,0.0,0.0,0.025,0.799,0.023,0.0019,0.0507,0.001,0.041,0.016,0.031,36.01,0.0,0.0,0.0,0,0,0,0,OUTER,READY,1,1
229000,ARM_2,MIXED,20260510,run_00001,0.1298,0.2496,0.3545,0.4329,0.4827,0.5022,0.4827,0.2891,0.2605,0.2122,0.1509,0.0769,0.0016,-0.0758,0.3293,0.3757,0.3986,0.3927,0.3607,0.3065,0.2297,126.62,50.9,86.51,0.9915,0.1304,0.0,0.0,0.342,0.487,0.317,0.0147,0.0479,0.0045,-0.01,0.027,0.13,36.11,30.0,0.0,0.0,0,0,0,0,OUTER,READY,1,1
229000,ARM_3,MIXED,20260510,run_00001,0.2451,0.4283,0.4997,0.4459,0.276,0.0368,-0.2104,0.2624,0.1561,0.0121,-0.1388,-0.2492,-0.2988,-0.2714,0.3742,0.3963,0.3152,0.1527,-0.0463,-0.234,-0.3645,147.17,98.97,92.69,0.9675,0.2529,0.0,0.0,0.856,0.414,0.836,0.0247,0.0454,0.0086,0.002,0.022,0.069,36.02,30.0,25.0,0.0,0,0,0,0,OUTER,READY,1,1
229000,ARM_4,MIXED,20260510,run_00001,0.3449,0.4992,0.3784,0.0489,-0.3091,-0.4946,-0.41,0.2162,0.0164,-0.1959,-0.2992,-0.2354,-0.0426,0.1747,0.3955,0.3183,0.0654,-0.2287,-0.3924,-0.34,-0.0992,162.35,144.0,98.66,0.9284,0.3716,0.0,0.0,0.685,0.021,0.767,0.0347,0.0368,0.01,-0.018,0.023,-0.076,36.14,0.0,0.0,0.0,1,0,0,0,OUTER,READY,1,1
230000,ARM_1,MIXED,20260510,run_00001,0.0055,0.0121,0.0143,0.0216,0.0292,0.0343,0.041,0.2993,0.3006,0.2987,0.3002,0.3011,0.2999,0.2973,0.2621,0.2651,0.2673,0.2702,0.2759,0.2777,0.28,99.98,1.08,80.33,1.0,0.0057,0.0,0.0,0.025,0.799,0.019,-0.0008,0.0491,-0.0012,0.035,-0.017,-0.003,36.03,0.0,0.0,0.0,0,0,0,0,OUTER,READY,1,1
230000,ARM_2,MIXED,20260510,run_00001,0.1296,0.2511,0.3532,0.4324,0.4825,0.4997,0.4838,0.2886,0.2598,0.2124,0.1514,0.0788,-0.0003,-0.0761,0.3279,0.3756,0.3997,0.3942,0.3628,0.3083,0.2291,126.64,50.73,86.54,0.9915,0.1304,0.0,0.0,0.339,0.484,0.335,0.0144,0.0477,0.0027,0.038,-0.021,0.035,36.07,30.0,0.0,0.0,0,0,0,0,OUTER,READY,1,1
230000,ARM_3,MIXED,20260510,run_00001,0.2446,0.428,0.4993,0.4459,0.276,0.0356,-0.2128,0.2611,0.1571,0.0104,-0.1372,-0.2512,-0.2999,-0.2727,0.3742,0.3956,0.3155,0.1542,-0.0453,-0.2343,-0.3628,147.21,98.98,92.7,0.9675,0.253,0.0,0.0,0.851,0.413,0.828,0.0254,0.0435,0.0073,-0.099,-0.046,0.054,36.14,30.0,25.0,0.0,0,0,0,0,OUTER,READY,1,1
230000,ARM_4,MIXED,20260510,run_00001,0.3462,0.4983,0.3781,0.0481,-0.3078,-0.4965,-0.4066,0.217,0.0137,-0.1971,-0.2988,-0.2359,-0.0432,0.1755,0.3991,0.3174,0.0622,-0.2258,-0.3912,-0.3373,-0.1008,162.4,144.03,98.53,0.9284,0.3716,0.0,0.0,0.707,0.024,0.767,0.0343,0.034,0.0105,0.001,0.076,-0.008,36.08,0.0,0.0,0.0,1,0,0,0,OUTER,READY,1,1
231000,ARM_1,MIXED,20260510,run_00001,0.0054,0.0117,0.0191,0.0249,0.0289,0.0335,0.0401,0.3007,0.3012,0.2989,0.3005,0.2992,0.2999,0.3001,0.2627,0.2638,0.268,0.2725,0.2758,0.2788,0.2829,99.94,1.09,80.31,1.0,0.0058,0.0,0.0,0.022,0.795,0.022,-0.0007,0.0501,0.0,-0.067,-0.067,-0.006,35.91,0.0,0.0,0.0,0,0,0,0,OUTER,READY,1,1
231000,ARM_2,MIXED,20260510,run_00001,0.1296,0.248,0.355,0.4335,0.4832,0.5,0.4834,0.2891,0.2598,0.2118,0.1487,0.0786,-0.0001,-0.0778,0.3271,0.3734,0.3975,0.3946,0.3629,0.3052,0.2315,126.68,50.83,86.51,0.9915,0.1304,0.0,0.0,0.353,0.485,0.328,0.0123,0.0482,0.004,0.075,0.025,0.021,36.03,30.0,0.0,0.0,0,0,0,0,OUTER,READY,1,1
231000,ARM_3,MIXED,20260510,run_00001,0.2447,0.4273,0.5,0.4436,0.275,0.0356,-0.2122,0.2624,0.1562,0.0097,-0.1353,-0.2516,-0.2979,-0.2708,0.3751,0.3959,0.3161,0.1533,-0.0451,-0.2365,-0.3637,147.19,98.99,92.62,0.9675,0.253,0.0,0.0,0.85,0.412,0.831,0.0252,0.0442,0.0083,0.011,-0.031,-0.03,35.98,30.0,25.0,0.0,0,0,0,0,OUTER,READY,1,1
231000,ARM_4,MIXED,20260510,run_00001,0.3442,0.4996,0.3769,0.0484,-0.3089,-0.496,-0.4093,0.2177,0.0152,-0.196,-0.2993,-0.2359,-0.0434,0.1719,0.3977,0.3186,0.0642,-0.2271,-0.3934,-0.3393,-0.0975,162.42,144.0,98.61,0.9284,0.3716,0.0,0.0,0.703,0.027,0.768,0.0325,0.0357,0.0123,-0.016,-0.044,-0.078,36.05,0.0,0.0,0.0,1,0,0,0,OUTER,READY,1,1
232000,ARM_1,MIXED,20260510,run_00001,0.0056,0.0111,0.0163,0.0224,0.0287,0.0356,0.0402,0.2986,0.2988,0.2997,0.2986,0.2987,0.2987,0.2996,0.2614,0.2655,0.2682,0.2702,0.2756,0.2768,0.2801,99.93,1.05,80.21,1.0,0.0058,0.0,0.0,0.017,0.798,0.015,0.0013,0.0499,0.0024,0.013,-0.023,0.042,35.99,0.0,0.0,0.0,0,0,0,0,OUTER,READY,1,1
232000,ARM_2,MIXED,20260510,run_00001,0.127,0.2477,0.3526,0.4331,0.4829,0.5002,0.4834,0.2903,0.26,0.2127,0.1509,0.0796,-0.0014,-0.078,0.33,0.3751,0.3985,0.3936,0.3612,0.3062,0.2289,126.68,50.87,86.57,0.9915,0.1304,0.0,0.0,0.347,0.487,0.325,0.012,0.0491,0.0047,-0.003,-0.09,0.0,35.97,30.0,0.0,0.0,0,0,0,0,OUTER,READY,1,1
232000,ARM_3,MIXED,20260510,run_00001,0.2437,0.4277,0.5,0.4436,0.2762,0.0359,-0.2119,0.2599,0.1545,0.0092,-0.1375,-0.2508,-0.2997,-0.272,0.3746,0.3941,0.315,0.1539,-0.0463,-0.2357,-0.3635,147.3,98.88,92.61,0.9675,0.253,0.0,0.0,0.849,0.418,0.844,0.0262,0.0425,0.0083,0.07,0.022,-0.046,36.05,30.0,25.0,0.0,0,0,0,0,OUTER,READY,1,1
232000,ARM_4,MIXED,20260510,run_00001,0.3453,0.4981,0.3783,0.047,-0.3082,-0.4944,-0.4061,0.2167,0.0147,-0.1967,-0.2957,-0.2373,-0.0446,0.1744,0.3986,0.3172,0.0617,-0.2264,-0.3927,-0.3393,-0.1012,162.41,143.96,98.57,0.9284,0.3717,0.0,0.0,0.695,0.032,0.77,0.0351,0.0357,0.0103,-0.092,0.061,-0.001,36.1,0.0,0.0,0.0,1,0,0,0,OUTER,READY,1,1
233000,ARM_1,MIXED,20260510,run_00001,0.0074,0.0111,0.017,0.0223,0.0292,0.035,0.041,0.3001,0.298,0.2999,0.3015,0.2982,0.3,0.3001,0.26,0.2617,0.2689,0.27,0.2751,0.2788,0.2816,99.99,1.14,80.24,1.0,0.0058,0.0,0.0,0.018,0.794,0.011,0.0003,0.0494,0.0007,0.047,-0.031,-0.04,35.94,0.0,0.0,0.0,0,0,0,0,OUTER,READY,1,1
233000,ARM_2,MIXED,20260510,run_00001,0.1294,0.2495,0.353,0.4337,0.4822,0.5004,0.483,0.2898,0.2593,0.2127,0.1496,0.0774,0.0024,-0.0772,0.3267,0.3759,0.3984,0.3942,0.3617,0.3058,0.2301,126.62,50.93,86.59,0.9915,0.1305,0.0,0.0,0.358,0.484,0.314,0.0128,0.0466,0.0036,0.056,0.048,-0.037,36.12,30.0,0.0,0.0,0,0,0,0,OUTER,READY,1,1
233000,ARM_3,MIXED,20260510,run_00001,0.2428,0.4268,0.5003,0.4439,0.2733,0.0337,-0.2116,0.2606,0.1552,0.0085,-0.137,-0.2503,-0.2992,-0.27,0.375,0.3965,0.3148,0.1542,-0.0464,-0.2353,-0.3632,147.23,98.94,92.71,0.9675,0.253,0.0,0.0,0.859,0.412,0.833,0.0254,0.0433,0.0056,0.023,0.036,0.052,36.03,30.0,25.0,0.0,0,0,0,0,OUTER,READY,1,1
233000,ARM_4,MIXED,20260510,run_00001,0.3452,0.4988,0.3773,0.0483,-0.3093,-0.4964,-0.4058,0.2175,0.0142,-0.1958,-0.2984,-0.2359,-0.0419,0.1752,0.3982,0.3174,0.0635,-0.2262,-0.3925,-0.3382,-0.0983,162.33,144.05,98.6,0.9284,0.3717,0.0,0.0,0.702,0.031,0.765,0.035,0.0352,0.0104,-0.028,0.0,0.035,36.08,0.0,0.0,0.0,1,0,0,0,OUTER,READY,1,1
234000,ARM_1,MIXED,20260510,run_00001,0.0043,0.0125,0.0178,0.0225,0.0301,0.035,0.0406,0.302,0.2975,0.3,0.3003,0.3001,0.2995,0.2987,0.2609,0.2649,0.2717,0.2715,0.2755,0.2786,0.2847,99.97,1.2,80.33,1.0,0.0058,0.0,0.0,0.021,0.8,0.018,0.0007,0.0491,-0.0005,-0.017,0.048,-0.009,36.1,0.0,0.0,0.0,0,0,0,0,OUTER,READY,1,1
234000,ARM_2,MIXED,20260510,run_00001,0.129,0.2481,0.3533,0.4325,0.4828,0.4988,0.483,0.2893,0.2595,0.2126,0.15,0.0764,-0.001,-0.0764,0.3278,0.3772,0.3969,0.3963,0.3615,0.3068,0.2312,126.57,50.89,86.64,0.9915,0.1305,0.0,0.0,0.353,0.479,0.324,0.0129,0.048,0.0036,0.01,-0.013,-0.045,36.06,30.0,0.0,0.0,0,0,0,0,OUTER,READY,1,1
234000,ARM_3,MIXED,20260510,run_00001,0.2459,0.4275,0.4999,0.4435,0.2748,0.0342,-0.2111,0.2636,0.1575,0.0099,-0.1394,-0.2491,-0.2994,-0.2733,0.3727,0.3951,0.3149,0.1552,-0.0466,-0.2362,-0.3637,147.23,99.0,92.59,0.9674,0.2531,0.0,0.0,0.856,0.419,0.835,0.0249,0.0434,0.0079,0.131,-0.055,-0.013,36.1,30.0,25.0,0.0,0,0,0,0,OUTER,READY,1,1
234000,ARM_4,MIXED,20260510,run_00001,0.3461,0.5003,0.3778,0.0458,-0.3084,-0.4961,-0.4089,0.2157,0.0143,-0.1938,-0.2995,-0.2356,-0.0439,0.1728,0.397,0.3175,0.0612,-0.2272,-0.3929,-0.3389,-0.1014,162.37,143.9,98.59,0.9283,0.3717,0.0,0.0,0.7,0.032,0.762,0.0351,0.0343,0.0101,0.086,0.006,0.064,36.13,0.0,0.0,0.0,1,0,0,0,OUTER,READY,1,1
235000,ARM_1,MIXED,20260510,run_00001,0.0058,0.0113,0.0167,0.0229,0.0279,0.0363,0.0416,0.3003,0.3012,0.2975,0.2996,0.2991,0.2998,0.2997,0.2603,0.2657,0.2668,0.273,0.2753,0.2787,0.2811,99.93,1.18,80.33,1.0,0.0059,0.0,0.0,0.029,0.798,0.018,0.0002,0.0511,0.0,0.024,0.013,0.011,35.93,0.0,0.0,0.0,0,0,0,0,OUTER,READY,1,1
235000,ARM_2,MIXED,20260510,run_00001,0.1307,0.2495,0.3541,0.4328,0.4828,0.4996,0.4817,0.2891,0.2583,0.2123,0.1512,0.0787,0.0008,-0.0773,0.3306,0.3763,0.4008,0.3935,0.3629,0.305,0.2289,126.65,51.04,86.55,0.9914,0.1305,0.0,0.0,0.357,0.489,0.315,0.0123,0.0488,0.0043,0.031,0.009,0.03,35.99,30.0,0.0,0.0,0,0,0,0,OUTER,READY,1,1
235000,ARM_3,MIXED,20260510,run_00001,0.2445,0.4286,0.5003,0.4447,0.2742,0.0367,-0.2128,0.2633,0.1576,0.0094,-0.1395,-0.2523,-0.2986,-0.2706,0.3759,0.3963,0.3144,0.1554,-0.0477,-0.2357,-0.3617,147.23,98.99,92.6,0.9674,0.2531,0.0,0.0,0.859,0.422,0.839,0.026,0.0446,0.0063,-0.03,0.089,-0.04,36.02,30.0,25.0,0.0,0,0,0,0,OUTER,READY,1,1
235000,ARM_4,MIXED,20260510,run_00001,0.3434,0.4999,0.3771,0.0481,-0.3076,-0.4951,-0.4079,0.2188,0.0144,-0.1978,-0.3003,-0.236,-0.0423,0.175,0.3973,0.3186,0.0623,-0.2271,-0.3917,-0.3392,-0.0996,162.41,144.0,98.62,0.9283,0.3717,0.0,0.0,0.704,0.03,0.762,0.0347,0.0353,0.0111,-0.11,0.026,0.054,36.11,0.0,0.0,0.0,1,0,0,0,OUTER,READY,1,1
236000,ARM_1,MIXED,20260510,run_00001,0.0052,0.0119,0.0168,0.0233,0.0293,0.0347,0.0424,0.3017,0.3007,0.3012,0.3002,0.2995,0.2997,0.2986,0.2614,0.2657,0.2676,0.2708,0.2745,0.2793,0.2828,100.05,1.17,80.25,1.0,0.0059,0.0,0.0,0.012,0.801,0.014,0.0009,0.0514,0.0008,-0.052,-0.027,0.002,35.95,0.0,0.0,0.0,0,0,0,0,OUTER,READY,1,1
236000,ARM_2,MIXED,20260510,run_00001,0.1297,0.2507,0.3543,0.4333,0.483,0.4998,0.4831,0.2906,0.2593,0.2139,0.1494,0.0768,0.0004,-0.0784,0.3289,0.3764,0.3987,0.3926,0.3635,0.3062,0.2279,126.57,50.77,86.51,0.9914,0.1305,0.0,0.0,0.345,0.49,0.316,0.0123,0.0495,0.0053,-0.038,0.009,-0.031,36.09,30.0,0.0,0.0,0,0,0,0,OUTER,READY,1,1
236000,ARM_3,MIXED,20260510,run_00001,0.2455,0.4257,0.4994,0.4434,0.2732,0.0337,-0.214,0.2623,0.1563,0.0114,-0.1387,-0.249,-0.2998,-0.2718,0.3734,0.3957,0.3154,0.1545,-0.0445,-0.236,-0.3637,147.2,98.97,92.7,0.9674,0.2531,0.0,0.0,0.85,0.414,0.84,0.0262,0.0448,0.0071,0.059,-0.009,-0.022,36.03,30.0,25.0,0.0,0,0,0,0,OUTER,READY,1,1
236000,ARM_4,MIXED,20260510,run_00001,0.3462,0.4976,0.3777,0.0472,-0.3091,-0.4948,-0.4076,0.217,0.0144,-0.1972,-0.2984,-0.2361,-0.0424,0.1746,0.3984,0.3165,0.063,-0.2284,-0.3912,-0.3386,-0.0996,162.41,143.99,98.69,0.9283,0.3718,0.0,0.0,0.696,0.029,0.762,0.0354,0.0369,0.0115,0.007,0.025,0.034,36.08,0.0,0.0,0.0,1,0,0,0,OUTER,READY,1,1
237000,ARM_1,MIXED,20260510,run_00001,0.0053,0.0114,0.0186,0.0234,0.0277,0.037,0.0432,0.3005,0.2996,0.3002,0.2993,0.3003,0.3,0.2965,0.2613,0.2644,0.2685,0.2722,0.2748,0.2792,0.2832,100.18,1.18,80.29,1.0,0.0059,0.0,0.0,0.02,0.806,0.03,0.0002,0.0511,0.0001,-0.047,0.041,-0.077,36.04,0.0,0.0,0.0,0,0,0,0,OUTER,READY,1,1
237000,ARM_2,MIXED,20260510,run_00001,0.1301,0.2513,0.3542,0.4331,0.4846,0.5,0.4831,0.2904,0.2596,0.2132,0.1488,0.0782,-0.0001,-0.0773,0.3292,0.3779,0.3983,0.3944,0.3616,0.3058,0.2303,126.71,50.99,86.57,0.9914,0.1306,0.0,0.0,0.352,0.492,0.317,0.0143,0.0474,0.0029,-0.011,0.036,0.003,36.14,30.0,0.0,0.0,0,0,0,0,OUTER,READY,1,1
237000,ARM_3,MIXED,20260510,run_00001,0.2461,0.427,0.4997,0.4444,0.2738,0.0354,-0.2144,0.2601,0.1568,0.0105,-0.1386,-0.2504,-0.2977,-0.27,0.3725,0.3956,0.3139,0.1547,-0.0464,-0.2348,-0.3626,147.18,99.05,92.52,0.9674,0.2531,0.0,0.0,0.85,0.424,0.829,0.023,0.0454,0.0075,0.105,0.04,-0.075,36.08,30.0,25.0,0.0,0,0,0,0,OUTER,READY,1,1
237000,ARM_4,MIXED,20260510,run_00001,0.3457,0.4993,0.3764,0.0471,-0.3081,-0.4948,-0.4056,0.2146,0.0136,-0.1963,-0.2974,-0.2363,-0.0409,0.174,0.3985,0.3184,0.0629,-0.2285,-0.3911,-0.3412,-0.0995,162.4,143.98,98.57,0.9283,0.3718,0.0,0.0,0.697,0.024,0.758,0.0362,0.0377,0.0124,0.022,0.09,-0.023,36.13,0.0,0.0,0.0,1,0,0,0,OUTER,READY,1,1
238000,ARM_1,MIXED,20260510,run_00001,0.0081,0.0118,0.0167,0.0225,0.0302,0.0354,0.0413,0.2997,0.3006,0.3009,0.2985,0.2994,0.2982,0.2998,0.2598,0.2644,0.269,0.2732,0.2761,0.2791,0.2812,99.97,1.25,80.19,1.0,0.0059,0.0,0.0,0.024,0.796,0.019,0.0005,0.0496,-0.0001,-0.049,0.016,-0.007,36.05,0.0,0.0,0.0,0,0,0,0,OUTER,READY,1,1
238000,ARM_2,MIXED,20260510,run_00001,0.1285,0.2481,0.3532,0.4341,0.4817,0.4998,0.4836,0.2916,0.2617,0.2106,0.1515,0.0787,-0.0004,-0.0777,0.3301,0.3739,0.3999,0.3919,0.3629,0.3058,0.2305,126.56,50.87,86.55,0.9914,0.1306,0.0,0.0,0.356,0.489,0.314,0.0136,0.049,0.0027,0.032,0.021,0.045,36.09,30.0,0.0,0.0,0,0,0,0,OUTER,READY,1,1
238000,ARM_3,MIXED,20260510,run_00001,0.2446,0.427,0.5009,0.445,0.2746,0.0357,-0.2143,0.2621,0.1562,0.0094,-0.1373,-0.2512,-0.3009,-0.2705,0.3736,0.3952,0.3153,0.1516,-0.0467,-0.234,-0.3642,147.23,99.07,92.7,0.9674,0.2532,0.0,0.0,0.851,0.423,0.846,0.0247,0.0448,0.0083,-0.099,0.046,-0.006,36.09,30.0,25.0,0.0,0,0,0,0,OUTER,READY,1,1
238000,ARM_4,MIXED,20260510,run_00001,0.3447,0.5003,0.3781,0.0477,-0.3106,-0.4948,-0.4061,0.217,0.014,-0.1971,-0.299,-0.2361,-0.042,0.175,0.3981,0.3188,0.061,-0.2285,-0.3915,-0.3391,-0.1011,162.33,144.0,98.51,0.9283,0.3718,0.0,0.0,0.697,0.021,0.77,0.0356,0.0357,0.0122,-0.051,0.005,-0.019,36.13,0.0,0.0,0.0,1,0,0,0,OUTER,READY,1,1
239000,ARM_1,MIXED,20260510,run_00001,0.0067,0.0129,0.0172,0.0247,0.0293,0.0359,0.0433,0.2994,0.301,0.3,0.3001,0.2988,0.2986,0.2985,0.2596,0.2654,0.268,0.2731,0.274,0.2779,0.2807,99.95,1.2,80.32,1.0,0.006,0.0,0.0,0.024,0.803,0.02,0.0011,0.0502,-0.0003,-0.017,-0.005,-0.01,35.95,0.0,0.0,0.0,0,0,0,0,OUTER,READY,1,1
239000,ARM_2,MIXED,20260510,run_00001,0.1279,0.2495,0.3533,0.4343,0.4834,0.4985,0.4831,0.2889,0.26,0.2114,0.1495,0.0786,-0.0022,-0.0795,0.3287,0.3754,0.3974,0.3951,0.3631,0.3052,0.2273,126.59,50.98,86.58,0.9914,0.1306,0.0,0.0,0.35,0.483,0.323,0.0122,0.0494,0.0026,0.018,0.022,0.029,36.09,30.0,0.0,0.0,0,0,0,0,OUTER,READY,1,1
239000,ARM_3,MIXED,20260510,run_00001,0.2447,0.4269,0.5002,0.4441,0.275,0.0355,-0.2145,0.2613,0.1549,0.0116,-0.1386,-0.2501,-0.2989,-0.2727,0.3741,0.3968,0.3142,0.1546,-0.0475,-0.2355,-0.3642,147.23,99.0,92.57,0.9674,0.2532,0.0,0.0,0.858,0.417,0.835,0.0243,0.0431,0.0075,0.059,-0.038,0.051,36.09,30.0,25.0,0.0,0,0,0,0,OUTER,READY,1,1
239000,ARM_4,MIXED,20260510,run_00001,0.3451,0.4991,0.3774,0.0469,-0.3113,-0.4949,-0.4045,0.2163,0.0137,-0.1963,-0.2985,-0.2351,-0.0416,0.1727,0.3971,0.3176,0.0609,-0.2261,-0.393,-0.3385,-0.0999,162.32,144.02,98.6,0.9283,0.3718,0.0,0.0,0.699,0.018,0.757,0.035,0.0381,0.0106,0.058,0.03,0.02,36.12,0.0,0.0,0.0,1,0,0,0,OUTER,READY,1,1
240000,ARM_1,MIXED,20260510,run_00001,0.0052,0.0125,0.0178,0.0235,0.0308,0.0369,0.0417,0.3005,0.3,0.3006,0.2991,0.3012,0.3003,0.3005,0.2615,0.265,0.2698,0.2744,0.2759,0.2794,0.2828,100.06,1.24,80.3,1.0,0.006,0.0,0.0,0.019,0.796,0.023,0.0008,0.049,0.0002,-0.095,-0.045,-0.042,36.08,0.0,0.0,0.0,0,0,0,0,OUTER,READY,1,1
240000,ARM_2,MIXED,20260510,run_00001,0.1293,0.2496,0.3523,0.4328,0.483,0.4992,0.4832,0.2887,0.2592,0.2135,0.1508,0.0768,0.0002,-0.0785,0.3279,0.3756,0.3969,0.3942,0.3617,0.3045,0.2284,126.6,50.88,86.53,0.9914,0.1306,0.0,0.0,0.345,0.484,0.32,0.0132,0.0481,0.0038,0.042,0.023,-0.01,35.98,30.0,0.0,0.0,0,0,0,0,OUTER,READY,1,1
240000,ARM_3,MIXED,20260510,run_00001,0.2442,0.4275,0.4998,0.4465,0.2733,0.0343,-0.2145,0.2602,0.1563,0.0096,-0.1366,-0.2511,-0.2984,-0.2713,0.3756,0.3955,0.3142,0.1528,-0.0455,-0.2361,-0.3642,147.12,98.92,92.67,0.9674,0.2532,0.0,0.0,0.852,0.428,0.827,0.0243,0.0445,0.0076,-0.057,-0.026,-0.005,36.1,30.0,25.0,0.0,0,0,0,0,OUTER,READY,1,1
240000,ARM_4,MIXED,20260510,run_00001,0.3444,0.5011,0.3783,0.0462,-0.3106,-0.4948,-0.4064,0.2172,0.0136,-0.1961,-0.2981,-0.2362,-0.0409,0.1737,0.3969,0.3176,0.0603,-0.2273,-0.392,-0.3397,-0.0975,162.33,143.96,98.57,0.9283,0.3718,0.0,0.0,0.702,0.025,0.766,0.0346,0.0366,0.0119,-0.038,-0.055,0.04,36.21,0.0,0.0,0.0,1,0,0,0,OUTER,READY,1,1
241000,ARM_1,MIXED,20260510,run_00001,0.0064,0.0111,0.0186,0.0245,0.0318,0.035,0.044,0.2996,0.2995,0.2995,0.2989,0.2995,0.299,0.2974,0.2604,0.2634,0.2686,0.2726,0.2757,0.2793,0.2832,100.05,1.16,80.41,1.0,0.006,0.0,0.0,0.015,0.807,0.02,-0.0012,0.0506,-0.0008,0.085,0.033,-0.022,35.94,0.0,0.0,0.0,0,0,0,0,OUTER,READY,1,1
241000,ARM_2,MIXED,20260510,run_00001,0.1294,0.2514,0.3544,0.4322,0.4846,0.5,0.4824,0.2908,0.2606,0.2108,0.1508,0.0772,-0.0012,-0.0786,0.3292,0.3771,0.3965,0.3931,0.3632,0.3052,0.2272,126.58,50.96,86.45,0.9914,0.1307,0.0,0.0,0.35,0.484,0.324,0.0109,0.0478,0.0045,0.046,0.009,-0.001,36.08,30.0,0.0,0.0,0,0,0,0,OUTER,READY,1,1
241000,ARM_3,MIXED,20260510,run_00001,0.2468,0.427,0.4995,0.4434,0.2747,0.0365,-0.2145,0.2619,0.1548,0.0087,-0.1372,-0.2513,-0.2988,-0.2714,0.374,0.3953,0.314,0.1548,-0.0466,-0.2357,-0.3642,147.22,98.95,92.69,0.9674,0.2532,0.0,0.0,0.851,0.425,0.845,0.0237,0.0439,0.0096,-0.025,-0.1,-0.001,36.1,30.0,25.0,0.0,0,0,0,0,OUTER,READY,1,1
241000,ARM_4,MIXED,20260510,run_00001,0.3441,0.5002,0.3753,0.0477,-0.3122,-0.4947,-0.4072,0.2165,0.0127,-0.197,-0.2983,-0.2353,-0.041,0.1759,0.397,0.319,0.0615,-0.229,-0.3925,-0.3397,-0.0986,162.29,144.06,98.67,0.9283,0.3719,0.0,0.0,0.695,0.024,0.766,0.0341,0.0343,0.011,-0.004,-0.042,0.112,36.07,0.0,0.0,0.0,1,0,0,0,OUTER,READY,1,1
242000,ARM_1,MIXED,20260510,run_00001,0.0081,0.0129,0.0183,0.0261,0.03,0.0364,0.0415,0.299,0.2997,0.2979,0.3004,0.301,0.2992,0.299,0.2606,0.2679,0.2702,0.2734,0.2754,0.2792,0.2835,100.07,1.25,80.28,1.0,0.006,0.0,0.0,0.02,0.795,0.024,-0.0002,0.0492,0.0018,0.03,0.037,-0.025,35.94,0.0,0.0,0.0,0,0,0,0,OUTER,READY,1,1
242000,ARM_2,MIXED,20260510,run_00001,0.1286,0.2492,0.3534,0.432,0.4824,0.4992,0.4847,0.2903,0.2596,0.213,0.1501,0.0775,0.0005,-0.0779,0.3284,0.3771,0.3994,0.394,0.3622,0.3044,0.2279,126.59,50.84,86.57,0.9914,0.1307,0.0,0.0,0.354,0.486,0.326,0.014,0.048,0.0031,-0.011,-0.004,-0.017,36.04,30.0,0.0,0.0,0,0,0,0,OUTER,READY,1,1
242000,ARM_3,MIXED,20260510,run_00001,0.2448,0.426,0.4984,0.4443,0.2736,0.0365,-0.2127,0.2629,0.1558,0.0088,-0.1372,-0.2505,-0.2982,-0.2701,0.375,0.3949,0.3144,0.1516,-0.0473,-0.2367,-0.3634,147.09,98.95,92.65,0.9674,0.2533,0.0,0.0,0.849,0.416,0.836,0.0233,0.0447,0.0093,-0.024,0.069,-0.007,36.09,30.0,25.0,0.0,0,0,0,0,OUTER,READY,1,1
242000,ARM_4,MIXED,20260510,run_00001,0.3455,0.4988,0.3773,0.0461,-0.3102,-0.494,-0.4076,0.2168,0.0129,-0.1979,-0.2977,-0.2361,-0.0428,0.1761,0.3978,0.3183,0.0627,-0.229,-0.3912,-0.3377,-0.0979,162.3,144.07,98.54,0.9283,0.3719,0.0,0.0,0.701,0.028,0.766,0.0343,0.0374,0.0099,-0.046,0.045,-0.035,36.16,0.0,0.0,0.0,1,0,0,0,OUTER,READY,1,1
243000,ARM_1,MIXED,20260510,run_00001,0.0082,0.0125,0.0167,0.0242,0.0312,0.0366,0.0413,0.2986,0.2986,0.3014,0.2998,0.3003,0.2985,0.2987,0.2599,0.2649,0.2693,0.2721,0.2769,0.2795,0.2827,99.97,1.19,80.3,1.0,0.0061,0.0,0.0,0.016,0.797,0.026,0.0008,0.0485,-0.0007,0.03,-0.018,-0.004,35.99,0.0,0.0,0.0,0,0,0,0,OUTER,READY,1,1
243000,ARM_2,MIXED,20260510,run_00001,0.1296,0.25,0.3534,0.4327,0.4814,0.5006,0.4829,0.2901,0.2604,0.2115,0.1508,0.0766,0.0004,-0.0784,0.328,0.3742,0.3997,0.3937,0.3614,0.3053,0.2266,126.55,50.91,86.56,0.9914,0.1307,0.0,0.0,0.348,0.489,0.316,0.0142,0.0484,0.0033,-0.001,0.036,-0.002,36.03,30.0,0.0,0.0,0,0,0,0,OUTER,READY,1,1
243000,ARM_3,MIXED,20260510,run_00001,0.2451,0.4256,0.4986,0.4453,0.2742,0.0335,-0.2139,0.2633,0.1572,0.011,-0.1371,-0.2518,-0.3004,-0.271,0.3743,0.3952,0.3162,0.1533,-0.0478,-0.236,-0.364,147.21,99.02,92.67,0.9674,0.2533,0.0,0.0,0.86,0.42,0.834,0.0247,0.0438,0.009,0.018,-0.035,-0.068,36.03,30.0,25.0,0.0,0,0,0,0,OUTER,READY,1,1
243000,ARM_4,MIXED,20260510,run_00001,0.3445,0.4996,0.3791,0.0457,-0.3099,-0.496,-0.407,0.2162,0.0136,-0.1969,-0.2989,-0.2353,-0.043,0.1756,0.3975,0.3157,0.0612,-0.2277,-0.3913,-0.338,-0.0981,162.27,144.06,98.62,0.9283,0.3719,0.0,0.0,0.702,0.027,0.761,0.0338,0.0365,0.0111,-0.04,0.055,-0.051,36.06,0.0,0.0,0.0,1,0,0,0,OUTER,READY,1,1
244000,ARM_1,MIXED,20260510,run_00001,0.0045,0.012,0.0176,0.0245,0.0287,0.0354,0.0422,0.2997,0.2981,0.2998,0.2992,0.2996,0.2987,0.2986,0.2618,0.2653,0.2689,0.272,0.2748,0.2794,0.2836,99.99,1.27,80.32,1.0,0.0061,0.0,0.0,0.019,0.799,0.018,0.0025,0.0491,0.0008,0.087,0.076,0.088,35.95,0.0,0.0,0.0,0,0,0,0,OUTER,READY,1,1
244000,ARM_2,MIXED,20260510,run_00001,0.1286,0.2513,0.3549,0.4323,0.4821,0.4989,0.4828,0.2921,0.2604,0.2126,0.1489,0.0771,-0.0004,-0.0789,0.3286,0.3764,0.3981,0.3944,0.3609,0.3052,0.2286,126.53,50.88,86.59,0.9914,0.1307,0.0,0.0,0.355,0.484,0.319,0.0143,0.0485,0.0048,0.09,-0.005,-0.009,36.04,30.0,0.0,0.0,0,0,0,0,OUTER,READY,1,1
244000,ARM_3,MIXED,20260510,run_00001,0.2457,0.4273,0.4999,0.4447,0.275,0.0341,-0.2138,0.2604,0.1559,0.0118,-0.1384,-0.2516,-0.2995,-0.2713,0.3758,0.3946,0.3132,0.1548,-0.0482,-0.2358,-0.3645,147.15,98.93,92.7,0.9674,0.2533,0.0,0.0,0.854,0.409,0.834,0.0238,0.045,0.0078,0.007,-0.006,0.06,36.13,30.0,25.0,0.0,0,0,0,0,OUTER,READY,1,1
244000,ARM_4,MIXED,20260510,run_00001,0.3454,0.5009,0.3788,0.0475,-0.3096,-0.4948,-0.4068,0.2159,0.0141,-0.196,-0.298,-0.2348,-0.0423,0.1742,0.3983,0.3188,0.0632,-0.2294,-0.3913,-0.338,-0.0989,162.39,144.07,98.59,0.9283,0.3719,0.0,0.0,0.7,0.028,0.763,0.0352,0.0375,0.0126,0.024,0.064,-0.088,36.08,0.0,0.0,0.0,1,0,0,0,OUTER,READY,1,1
245000,ARM_1,MIXED,20260510,run_00001,0.0043,0.0125,0.019,0.0242,0.0303,0.0377,0.0436,0.2999,0.3002,0.2992,0.3002,0.2983,0.2999,0.2988,0.2608,0.2667,0.2685,0.2718,0.2739,0.2817,0.2831,100.01,1.2,80.37,1.0,0.0061,0.0,0.0,0.025,0.802,0.016,0.0011,0.0492,0.0015,0.037,-0.025,0.058,35.98,0.0,0.0,0.0,0,0,0,0,OUTER,READY,1,1
245000,ARM_2,MIXED,20260510,run_00001,0.1297,0.2514,0.3541,0.4343,0.4833,0.4999,0.4828,0.2904,0.2574,0.2134,0.1499,0.0765,-0.0009,-0.0787,0.3271,0.3761,0.3975,0.3923,0.3611,0.3042,0.2284,126.59,50.92,86.59,0.9914,0.1307,0.0,0.0,0.357,0.486,0.31,0.0136,0.0504,0.0056,0.011,0.043,-0.029,36.08,30.0,0.0,0.0,0,0,0,0,OUTER,READY,1,1
245000,ARM_3,MIXED,20260510,run_00001,0.2437,0.4274,0.5003,0.4454,0.2733,0.0345,-0.2137,0.2606,0.1555,0.0109,-0.1381,-0.2502,-0.2984,-0.2712,0.3757,0.3944,0.3139,0.1536,-0.0478,-0.2368,-0.3629,147.19,98.98,92.69,0.9674,0.2533,0.0,0.0,0.855,0.416,0.835,0.0248,0.0433,0.0077,0.062,-0.083,-0.033,36.13,30.0,25.0,0.0,0,0,0,0,OUTER,READY,1,1
245000,ARM_4,MIXED,20260510,run_00001,0.3446,0.4997,0.3758,0.0456,-0.3095,-0.4947,-0.4045,0.2185,0.0135,-0.1968,-0.2995,-0.2367,-0.0418,0.1751,0.3992,0.3187,0.0626,-0.2292,-0.3932,-0.34,-0.0982,162.26,144.04,98.63,0.9282,0.372,0.0,0.0,0.701,0.027,0.761,0.0346,0.0363,0.0122,-0.009,-0.047,-0.041,36.12,0.0,0.0,0.0,1,0,0,0,OUTER,READY,1,1
246000,ARM_1,MIXED,20260510,run_00001,0.0053,0.014,0.0195,0.0247,0.033,0.0365,0.0453,0.3007,0.3008,0.3002,0.2987,0.2998,0.2984,0.2999,0.2609,0.2647,0.2677,0.2732,0.2752,0.28,0.2822,99.92,1.1,80.29,1.0,0.0061,0.0,0.0,0.026,0.804,0.018,0.0011,0.0492,0.0016,0.004,0.06,0.029,36.04,0.0,0.0,0.0,0,0,0,0,OUTER,READY,1,1
246000,ARM_2,MIXED,20260510,run_00001,0.1297,0.2502,0.3536,0.435,0.4825,0.5023,0.4821,0.2899,0.2588,0.2132,0.1491,0.0778,-0.0012,-0.0777,0.3296,0.3771,0.3982,0.3938,0.3598,0.3039,0.2261,126.61,50.87,86.59,0.9914,0.1308,0.0,0.0,0.361,0.487,0.325,0.015,0.0477,0.0047,-0.047,0.087,0.015,36.09,30.0,0.0,0.0,0,0,0,0,OUTER,READY,1,1
246000,ARM_3,MIXED,20260510,run_00001,0.2464,0.4271,0.4996,0.4442,0.274,0.0349,-0.216,0.2617,0.1569,0.0103,-0.1374,-0.2498,-0.2974,-0.271,0.3746,0.3945,0.3131,0.1528,-0.049,-0.2343,-0.3637,147.26,98.97,92.63,0.9674,0.2534,0.0,0.0,0.861,0.413,0.829,0.025,0.0432,0.0089,0.01,-0.091,0.06,36.0,30.0,25.0,0.0,0,0,0,0,OUTER,READY,1,1
246000,ARM_4,MIXED,20260510,run_00001,0.3463,0.5002,0.3797,0.0473,-0.309,-0.4953,-0.4067,0.2182,0.0138,-0.196,-0.2986,-0.2355,-0.0413,0.1744,0.3962,0.3172,0.0605,-0.2266,-0.3928,-0.3358,-0.0959,162.37,144.05,98.57,0.9282,0.372,0.0,0.0,0.687,0.025,0.77,0.0329,0.0341,0.012,-0.058,-0.012,-0.041,36.12,0.0,0.0,0.0,1,0,0,0,OUTER,READY,1,1
247000,ARM_1,MIXED,20260510,run_00001,0.0069,0.011,0.0183,0.0241,0.0312,0.0372,0.0436,0.3006,0.3001,0.2998,0.3,0.2988,0.2971,0.3009,0.2612,0.2635,0.2682,0.2706,0.276,0.2797,0.2825,100.09,1.14,80.22,1.0,0.0062,0.0,0.0,0.024,0.8,0.022,0.0009,0.0488,0.0009,-0.041,-0.046,-0.083,36.05,0.0,0.0,0.0,0,0,0,0,OUTER,READY,1,1
247000,ARM_2,MIXED,20260510,run_00001,0.1296,0.2497,0.3541,0.4349,0.4849,0.5007,0.4822,0.288,0.2567,0.2125,0.1512,0.076,-0.0008,-0.0781,0.3287,0.3784,0.399,0.3933,0.3595,0.307,0.2283,126.65,50.94,86.55,0.9914,0.1308,0.0,0.0,0.348,0.484,0.322,0.0137,0.0494,0.0044,0.028,0.031,0.038,36.09,30.0,0.0,0.0,0,0,0,0,OUTER,READY,1,1
247000,ARM_3,MIXED,20260510,run_00001,0.2449,0.4271,0.4974,0.4444,0.2752,0.0326,-0.2158,0.2617,0.1571,0.009,-0.1399,-0.251,-0.2996,-0.2706,0.3747,0.3967,0.3133,0.1537,-0.0488,-0.2344,-0.3634,147.17,98.94,92.72,0.9674,0.2534,0.0,0.0,0.867,0.418,0.842,0.0242,0.0453,0.009,-0.061,-0.002,-0.004,36.11,30.0,25.0,0.0,0,0,0,0,OUTER,READY,1,1
247000,ARM_4,MIXED,20260510,run_00001,0.3461,0.4984,0.3768,0.0468,-0.31,-0.494,-0.4065,0.2169,0.0135,-0.1954,-0.2994,-0.2356,-0.0399,0.1751,0.3963,0.3165,0.0628,-0.2286,-0.3912,-0.3393,-0.099,162.41,144.14,98.61,0.9282,0.372,0.0,0.0,0.703,0.037,0.772,0.0347,0.0355,0.0117,-0.007,-0.032,-0.084,36.12,0.0,0.0,0.0,1,0,0,0,OUTER,READY,1,1
248000,ARM_1,MIXED,20260510,run_00001,0.0077,0.0105,0.0177,0.0252,0.0308,0.0367,0.0434,0.2982,0.3011,0.2985,0.3,0.2981,0.2984,0.2999,0.2603,0.2636,0.2687,0.2714,0.2775,0.2818,0.2843,99.96,1.22,80.25,1.0,0.0062,0.0,0.0,0.021,0.806,0.028,0.0002,0.049,-0.0001,0.042,-0.051,0.07,35.91,0.0,0.0,0.0,0,0,0,0,OUTER,READY,1,1
248000,ARM_2,MIXED,20260510,run_00001,0.1312,0.2483,0.3539,0.434,0.4826,0.501,0.4839,0.291,0.258,0.2112,0.1507,0.0755,-0.001,-0.0789,0.329,0.3757,0.3994,0.3936,0.362,0.306,0.2285,126.61,50.92,86.53,0.9914,0.1308,0.0,0.0,0.347,0.49,0.317,0.0125,0.0484,0.0045,-0.047,0.043,0.024,36.01,30.0,0.0,0.0,0,0,0,0,OUTER,READY,1,1
248000,ARM_3,MIXED,20260510,run_00001,0.2442,0.4276,0.5011,0.4442,0.2742,0.0336,-0.2151,0.2618,0.1545,0.0106,-0.1394,-0.2505,-0.3,-0.2713,0.374,0.396,0.3154,0.1527,-0.0502,-0.2358,-0.3629,147.13,99.08,92.66,0.9674,0.2534,0.0,0.0,0.851,0.41,0.836,0.024,0.0433,0.0086,-0.06,0.017,0.016,36.11,30.0,25.0,0.0,0,0,0,0,OUTER,READY,1,1
248000,ARM_4,MIXED,20260510,run_00001,0.3438,0.501,0.376,0.046,-0.3115,-0.4971,-0.4061,0.2176,0.0134,-0.1958,-0.2977,-0.235,-0.0433,0.1749,0.3968,0.3171,0.0599,-0.2294,-0.3932,-0.3397,-0.0979,162.24,144.01,98.7,0.9282,0.372,0.0,0.0,0.697,0.027,0.77,0.0358,0.0363,0.0119,-0.041,-0.046,-0.018,36.04,0.0,0.0,0.0,1,0,0,0,OUTER,READY,1,1
249000,ARM_1,MIXED,20260510,run_00001,0.0071,0.0145,0.0182,0.0239,0.0303,0.0378,0.0448,0.2995,0.3003,0.3006,0.2995,0.2984,0.3005,0.2978,0.2618,0.2661,0.27,0.274,0.2752,0.2802,0.2825,100.02,1.27,80.22,1.0,0.0062,0.0,0.0,0.035,0.799,0.025,0.002,0.0499,0.0004,-0.025,0.05,-0.006,36.01,0.0,0.0,0.0,0,0,0,0,OUTER,READY,1,1
249000,ARM_2,MIXED,20260510,run_00001,0.1296,0.2508,0.3541,0.4351,0.4835,0.5001,0.4832,0.2893,0.259,0.2111,0.1484,0.0765,-0.0001,-0.0784,0.3284,0.3779,0.398,0.3918,0.3613,0.3065,0.2261,126.61,50.95,86.61,0.9914,0.1308,0.0,0.0,0.353,0.489,0.324,0.0123,0.0475,0.0041,-0.137,-0.024,-0.009,36.04,30.0,0.0,0.0,0,0,0,0,OUTER,READY,1,1
249000,ARM_3,MIXED,20260510,run_00001,0.2429,0.4278,0.4999,0.4435,0.275,0.0334,-0.2158,0.261,0.1567,0.0118,-0.1382,-0.2492,-0.299,-0.2717,0.3756,0.3954,0.3141,0.1527,-0.0478,-0.2373,-0.3628,147.29,99.04,92.6,0.9674,0.2534,0.0,0.0,0.845,0.422,0.838,0.0233,0.0424,0.0079,0.029,-0.015,0.129,36.14,30.0,25.0,0.0,0,0,0,0,OUTER,READY,1,1
249000,ARM_4,MIXED,20260510,run_00001,0.3459,0.4999,0.3777,0.0455,-0.3103,-0.4945,-0.4074,0.2162,0.0143,-0.1975,-0.2957,-0.2353,-0.0421,0.1748,0.3979,0.3164,0.0614,-0.2283,-0.3931,-0.3393,-0.098,162.37,144.03,98.59,0.9282,0.3721,0.0,0.0,0.708,0.022,0.768,0.0354,0.0366,0.0118,-0.064,0.047,-0.047,36.08,0.0,0.0,0.0,1,0,0,0,OUTER,READY,1,1
